1698770369437410816.000000,0.000000,-1.675793,2.260092,4.859714,7.816965,
1698770369467416576.000000,0.000000,-1.681361,2.285724,4.849230,7.819546,
1698770369503416320.000000,0.000000,-1.685866,2.316480,4.836245,7.822899,
1698770369534416384.000000,0.000000,-1.688262,2.339440,4.826326,7.825573,
1698770369570421248.000000,0.000000,-1.693931,2.369634,4.812878,7.829425,
1698770369603421184.000000,0.000000,-1.699598,2.400049,4.799155,7.833337,
1698770369630421248.000000,0.000000,-1.701893,2.423010,4.788683,7.836229,
1698770369671426560.000000,0.000000,-1.706358,2.453426,4.774320,7.839798,
1698770369698426368.000000,0.000000,-1.711170,2.476405,4.763440,7.842489,
1698770369731426304.000000,0.000000,-1.713382,2.507182,4.748822,7.845938,
1698770369767431168.000000,0.000000,-1.718295,2.538180,4.734271,7.849361,
1698770369807431168.000000,0.000000,-1.723479,2.569449,4.719640,7.852641,
1698770369834430976.000000,0.000000,-1.725765,2.592921,4.708598,7.854937,
1698770369867436032.000000,0.000000,-1.731362,2.624115,4.694007,7.857973,
1698770369903435776.000000,0.000000,-1.738046,2.655547,4.679275,7.860827,
1698770369932435968.000000,0.000000,-1.740945,2.679203,4.668127,7.862904,
1698770369968440064.000000,0.000000,-1.747748,2.710628,4.652745,7.865732,
1698770370004440064.000000,0.000000,-1.755274,2.742130,4.637230,7.868607,
1698770370031439872.000000,0.000000,-1.758202,2.765823,4.625440,7.870757,
1698770370068442880.000000,0.000000,-1.764570,2.796953,4.609790,7.874104,
1698770370104442880.000000,0.000000,-1.771500,2.828111,4.593919,7.877513,
1698770370131442688.000000,0.000000,-1.776976,2.851474,4.581912,7.880015,
1698770370167446528.000000,0.000000,-1.783602,2.882239,4.565523,7.883626,
1698770370205446656.000000,0.000000,-1.790409,2.912916,4.548952,7.887302,
1698770370232446720.000000,0.000000,-1.793794,2.935825,4.536431,7.890107,
1698770370268448768.000000,0.000000,-1.802410,2.966435,4.519963,7.894013,
1698770370304448768.000000,0.000000,-1.809767,2.996860,4.503283,7.898027,
1698770370333448704.000000,0.000000,-1.812890,3.019376,4.490496,7.901019,
1698770370368454656.000000,0.000000,-1.819642,3.048903,4.472926,7.904954,
1698770370404454656.000000,0.000000,-1.826163,3.078136,4.455199,7.908947,
1698770370431454720.000000,0.000000,-1.828443,3.099818,4.441790,7.911960,
1698770370472457216.000000,0.000000,-1.832557,3.128399,4.423558,7.916331,
1698770370505457152.000000,0.000000,-1.837927,3.157110,4.404970,7.920752,
1698770370537457152.000000,0.000000,-1.839873,3.178111,4.391250,7.924174,
1698770370569459968.000000,0.000000,-1.844037,3.205548,4.372828,7.929051,
1698770370606459904.000000,0.000000,-1.848480,3.232768,4.354465,7.933935,
1698770370633459968.000000,0.000000,-1.850488,3.252998,4.340677,7.937665,
1698770370670466304.000000,0.000000,-1.855605,3.279767,4.322374,7.942841,
1698770370706466304.000000,0.000000,-1.861001,3.306247,4.304094,7.947877,
1698770370733466368.000000,0.000000,-1.863733,3.325883,4.290246,7.951642,
1698770370769469184.000000,0.000000,-1.870328,3.351804,4.271392,7.956660,
1698770370796469248.000000,0.000000,-1.876239,3.371066,4.257262,7.960292,
1698770370834469120.000000,0.000000,-1.878904,3.396576,4.238519,7.965049,
1698770370869475584.000000,0.000000,-1.885065,3.421683,4.219897,7.969635,
1698770370906475520.000000,0.000000,-1.889555,3.446695,4.201219,7.974090,
1698770370934475520.000000,0.000000,-1.892458,3.465425,4.187200,7.977399,
1698770370970478592.000000,0.000000,-1.897832,3.490370,4.168129,7.981620,
1698770371006478592.000000,0.000000,-1.903630,3.515361,4.148932,7.985775,
1698770371033478656.000000,0.000000,-1.907534,3.534148,4.134472,7.988833,
1698770371071481344.000000,0.000000,-1.913700,3.559190,4.114956,7.992509,
1698770371098481408.000000,0.000000,-1.918967,3.578122,4.100211,7.995224,
1698770371134481408.000000,0.000000,-1.922401,3.603371,4.080515,7.998671,
1698770371170487552.000000,0.000000,-1.927984,3.628564,4.060950,8.001859,
1698770371198487552.000000,0.000000,-1.933692,3.647561,4.046154,8.004158,
1698770371234487552.000000,0.000000,-1.936621,3.673121,4.026069,8.007218,
1698770371270492928.000000,0.000000,-1.942838,3.698890,4.005598,8.010477,
1698770371297492992.000000,0.000000,-1.948235,3.718305,3.990081,8.012752,
1698770371338492928.000000,0.000000,-1.950376,3.744255,3.969151,8.015701,
1698770371365495552.000000,0.000000,-1.954752,3.763705,3.953136,8.017965,
1698770371398495488.000000,0.000000,-1.959741,3.789760,3.931511,8.020917,
1698770371434495488.000000,0.000000,-1.961975,3.815958,3.909747,8.023668,
1698770371471501824.000000,0.000000,-1.966202,3.842464,3.887975,8.026204,
1698770371498501632.000000,0.000000,-1.971386,3.862354,3.871461,8.028116,
1698770371534501632.000000,0.000000,-1.973694,3.888880,3.849339,8.030632,
1698770371570507520.000000,0.000000,-1.980688,3.915385,3.827218,8.033236,
1698770371602507520.000000,0.000000,-1.985453,3.935317,3.810623,8.035229,
1698770371638507520.000000,0.000000,-1.989331,3.961986,3.788349,8.037852,
1698770371671512576.000000,0.000000,-1.996116,3.988590,3.765711,8.040450,
1698770371699512832.000000,0.000000,-2.001626,4.008948,3.748436,8.042456,
1698770371735512576.000000,0.000000,-2.004401,4.035664,3.725751,8.045003,
1698770371771517952.000000,0.000000,-2.011147,4.062594,3.702904,8.047609,
1698770371798517760.000000,0.000000,-2.017638,4.082676,3.685696,8.049607,
1698770371839517696.000000,0.000000,-2.020302,4.109336,3.662625,8.052297,
1698770371866523648.000000,0.000000,-2.026600,4.129166,3.645173,8.054292,
1698770371899523584.000000,0.000000,-2.033744,4.155371,3.621712,8.057023,
1698770371935523840.000000,0.000000,-2.037471,4.181431,3.598094,8.059924,
1698770371966529792.000000,0.000000,-2.043595,4.200912,3.580349,8.062120,
1698770372002529792.000000,0.000000,-2.050247,4.226744,3.556477,8.065042,
1698770372035529728.000000,0.000000,-2.053114,4.252447,3.532421,8.067946,
1698770372062534656.000000,0.000000,-2.059352,4.271602,3.514253,8.070388,
1698770372103534592.000000,0.000000,-2.063672,4.296985,3.489924,8.073548,
1698770372139534848.000000,0.000000,-2.067512,4.322099,3.465164,8.076576,
1698770372172541184.000000,0.000000,-2.073097,4.346965,3.440032,8.079425,
1698770372199541248.000000,0.000000,-2.079435,4.365497,3.421151,8.081469,
1698770372236541184.000000,0.000000,-2.081980,4.390137,3.396082,8.083927,
1698770372272547072.000000,0.000000,-2.086489,4.414818,3.371307,8.085895,
1698770372299547136.000000,0.000000,-2.093872,4.433258,3.352719,8.087268,
1698770372336547072.000000,0.000000,-2.096829,4.457830,3.327900,8.088904,
1698770372373552384.000000,0.000000,-2.102845,4.482467,3.303113,8.090247,
1698770372400552448.000000,0.000000,-2.110778,4.500812,3.284483,8.091126,
1698770372436556032.000000,0.000000,-2.113735,4.525126,3.259550,8.092124,
1698770372473555968.000000,0.000000,-2.120059,4.549234,3.234350,8.092906,
1698770372500556032.000000,0.000000,-2.126936,4.567187,3.215398,8.093501,
1698770372537555968.000000,0.000000,-2.130088,4.590875,3.190161,8.094279,
1698770372572562432.000000,0.000000,-2.137076,4.614260,3.165046,8.095007,
1698770372604562432.000000,0.000000,-2.142624,4.631650,3.146060,8.095613,
1698770372640566272.000000,0.000000,-2.145278,4.654570,3.120500,8.096503,
1698770372667566080.000000,0.000000,-2.151073,4.671645,3.101004,8.097286,
1698770372700566272.000000,0.000000,-2.156874,4.694204,3.074808,8.098511,
1698770372738566144.000000,0.000000,-2.159757,4.716429,3.048615,8.099989,
1698770372773570560.000000,0.000000,-2.164482,4.738344,3.022374,8.101767,
1698770372801570560.000000,0.000000,-2.172257,4.754594,3.002548,8.103198,
1698770372837570560.000000,0.000000,-2.174835,4.776108,2.975927,8.105079,
1698770372868577792.000000,0.000000,-2.181550,4.792088,2.955868,8.106275,
1698770372904577792.000000,0.000000,-2.187732,4.813435,2.928666,8.108094,
1698770372940577792.000000,0.000000,-2.191055,4.834211,2.901747,8.109896,
1698770372968583936.000000,0.000000,-2.197389,4.849604,2.881522,8.110989,
1698770373001583872.000000,0.000000,-2.205905,4.869890,2.854282,8.112431,
1698770373038583808.000000,0.000000,-2.208986,4.889831,2.826655,8.113795,
1698770373073588480.000000,0.000000,-2.216498,4.909498,2.798344,8.115032,
1698770373105588480.000000,0.000000,-2.223218,4.924050,2.776899,8.115788,
1698770373132588544.000000,0.000000,-2.226555,4.938464,2.755297,8.116453,
1698770373168592896.000000,0.000000,-2.234363,4.957362,2.726506,8.116900,
1698770373201592832.000000,0.000000,-2.240947,4.975939,2.697368,8.117123,
1698770373239592960.000000,0.000000,-2.243413,4.994275,2.667994,8.117239,
1698770373275598848.000000,0.000000,-2.249083,5.012264,2.638469,8.117297,
1698770373302598656.000000,0.000000,-2.253789,5.025631,2.616096,8.117249,
1698770373338598656.000000,0.000000,-2.256579,5.043208,2.585851,8.117169,
1698770373369603328.000000,0.000000,-2.260876,5.056076,2.562689,8.117142,
1698770373405603328.000000,0.000000,-2.265208,5.073096,2.531575,8.117282,
1698770373432603392.000000,0.000000,-2.267052,5.085890,2.508071,8.117505,
1698770373474606592.000000,0.000000,-2.272159,5.107369,2.468508,8.118164,
1698770373503606784.000000,0.000000,-2.276668,5.120217,2.444523,8.118811,
1698770373539606528.000000,0.000000,-2.279442,5.137421,2.412400,8.119904,
1698770373566610688.000000,0.000000,-2.284473,5.150482,2.388461,8.120651,
1698770373602610688.000000,0.000000,-2.291361,5.167959,2.356083,8.121958,
1698770373630610688.000000,0.000000,-2.293440,5.181094,2.331488,8.123116,
1698770373666614784.000000,0.000000,-2.299709,5.198128,2.298202,8.124938,
1698770373702614784.000000,0.000000,-2.307940,5.215370,2.264372,8.126921,
1698770373738614784.000000,0.000000,-2.311251,5.232759,2.230036,8.128913,
1698770373770619648.000000,0.000000,-2.317030,5.245890,2.204054,8.130249,
1698770373803619840.000000,0.000000,-2.324188,5.263593,2.169044,8.132027,
1698770373839619584.000000,0.000000,-2.327817,5.281482,2.133762,8.133666,
1698770373866625536.000000,0.000000,-2.333982,5.295083,2.107381,8.134673,
1698770373903625728.000000,0.000000,-2.339300,5.313382,2.071859,8.135929,
1698770373939625472.000000,0.000000,-2.343329,5.331769,2.036210,8.137159,
1698770373966630656.000000,0.000000,-2.349924,5.345500,2.009390,8.138083,
1698770374002630656.000000,0.000000,-2.358135,5.363935,1.973600,8.139287,
1698770374034630656.000000,0.000000,-2.361574,5.377847,1.946769,8.140178,
1698770374067634176.000000,0.000000,-2.369891,5.396026,1.910898,8.141160,
1698770374094634240.000000,0.000000,-2.378466,5.409972,1.883633,8.141952,
1698770374134634240.000000,0.000000,-2.381799,5.428092,1.848390,8.143014,
1698770374170638848.000000,0.000000,-2.390502,5.446059,1.813783,8.144102,
1698770374203638784.000000,0.000000,-2.398731,5.463983,1.779515,8.145029,
1698770374230638848.000000,0.000000,-2.403137,5.477415,1.753963,8.145679,
1698770374268643072.000000,0.000000,-2.410441,5.495350,1.719442,8.146827,
1698770374304643072.000000,0.000000,-2.418864,5.512985,1.685075,8.147785,
1698770374331642880.000000,0.000000,-2.422737,5.526058,1.659496,8.148357,
1698770374371646464.000000,0.000000,-2.430072,5.543363,1.625641,8.149136,
1698770374398646272.000000,0.000000,-2.437970,5.556005,1.600320,8.149625,
1698770374434646272.000000,0.000000,-2.441535,5.572458,1.566760,8.150186,
1698770374467651072.000000,0.000000,-2.451002,5.588317,1.533448,8.150388,
1698770374505650944.000000,0.000000,-2.456561,5.603778,1.500107,8.150609,
1698770374532651008.000000,0.000000,-2.460272,5.615154,1.475161,8.150743,
1698770374568653568.000000,0.000000,-2.467049,5.630243,1.441843,8.150974,
1698770374604653568.000000,0.000000,-2.473743,5.644824,1.408303,8.151175,
1698770374631653376.000000,0.000000,-2.477128,5.655454,1.383052,8.151353,
1698770374671659008.000000,0.000000,-2.483672,5.669327,1.349428,8.151284,
1698770374698659072.000000,0.000000,-2.489619,5.679454,1.324096,8.151301,
1698770374731659264.000000,0.000000,-2.492813,5.692647,1.290152,8.151400,
1698770374769662720.000000,0.000000,-2.499277,5.705343,1.255790,8.151432,
1698770374805662720.000000,0.000000,-2.505221,5.717815,1.221491,8.151732,
1698770374832662784.000000,0.000000,-2.509019,5.727096,1.195751,8.152096,
1698770374868665600.000000,0.000000,-2.515428,5.739475,1.161865,8.152803,
1698770374899665408.000000,0.000000,-2.520094,5.748727,1.136323,8.153576,
1698770374935665664.000000,0.000000,-2.522023,5.760953,1.102150,8.154945,
1698770374971671040.000000,0.000000,-2.525188,5.772799,1.067660,8.156188,
1698770375004671232.000000,0.000000,-2.529828,5.784500,1.032885,8.157866,
1698770375033674496.000000,0.000000,-2.531600,5.793201,1.006659,8.159404,
1698770375069674496.000000,0.000000,-2.535931,5.804762,0.971660,8.161184,
1698770375105674496.000000,0.000000,-2.540495,5.816243,0.936451,8.163537,
1698770375132674560.000000,0.000000,-2.542330,5.824888,0.910080,8.165623,
1698770375172677888.000000,0.000000,-2.545990,5.836434,0.875278,8.168721,
1698770375199677952.000000,0.000000,-2.550969,5.844900,0.848974,8.171165,
1698770375236677888.000000,0.000000,-2.554077,5.855810,0.813698,8.174442,
1698770375269682944.000000,0.000000,-2.561209,5.866143,0.778353,8.177568,
1698770375306682880.000000,0.000000,-2.568429,5.876132,0.742135,8.180539,
1698770375333682944.000000,0.000000,-2.573650,5.883162,0.715139,8.182405,
1698770375369687296.000000,0.000000,-2.583490,5.892086,0.678769,8.184195,
1698770375406687232.000000,0.000000,-2.592153,5.900452,0.642309,8.185372,
1698770375434690816.000000,0.000000,-2.596618,5.906371,0.614969,8.185674,
1698770375469690880.000000,0.000000,-2.608218,5.913778,0.578445,8.185302,
1698770375505690880.000000,0.000000,-2.617418,5.920712,0.542043,8.184414,
1698770375537690880.000000,0.000000,-2.622471,5.925672,0.514873,8.183463,
1698770375570696704.000000,0.000000,-2.630553,5.932025,0.478795,8.181921,
1698770375597696768.000000,0.000000,-2.637404,5.936537,0.451854,8.180413,
1698770375633696768.000000,0.000000,-2.639805,5.942154,0.416136,8.178063,
1698770375671701504.000000,0.000000,-2.645660,5.947165,0.380592,8.175481,
1698770375697701376.000000,0.000000,-2.651629,5.950730,0.353922,8.173430,
1698770375734701312.000000,0.000000,-2.654280,5.955435,0.318480,8.170638,
1698770375769706496.000000,0.000000,-2.661651,5.960411,0.283667,8.167924,
1698770375798706432.000000,0.000000,-2.666395,5.963973,0.257394,8.166060,
1698770375834706432.000000,0.000000,-2.668305,5.968492,0.222340,8.163969,
1698770375870709248.000000,0.000000,-2.673224,5.972240,0.186912,8.162876,
1698770375906709248.000000,0.000000,-2.677541,5.975865,0.151145,8.162561,
1698770375935709184.000000,0.000000,-2.678907,5.978492,0.124207,8.162819,
1698770375971714048.000000,0.000000,-2.682834,5.981850,0.087964,8.163634,
1698770376007714304.000000,0.000000,-2.686843,5.985239,0.051245,8.165231,
1698770376034714112.000000,0.000000,-2.688993,5.987753,0.023605,8.166595,
1698770376065716736.000000,0.000000,-2.693322,5.990436,-0.003868,8.167787,
1698770376107716608.000000,0.000000,-2.699330,5.994642,-0.050220,8.170235,
1698770376134716672.000000,0.000000,-2.703356,5.997111,-0.078294,8.171785,
1698770376170721792.000000,0.000000,-2.710380,6.000407,-0.116006,8.173744,
1698770376199721984.000000,0.000000,-2.718063,6.002938,-0.144654,8.175246,
1698770376235721728.000000,0.000000,-2.722063,6.006421,-0.183010,8.177078,
1698770376271728128.000000,0.000000,-2.732256,6.010248,-0.221430,8.178570,
1698770376298727936.000000,0.000000,-2.740108,6.013214,-0.250377,8.179648,
1698770376338733056.000000,0.000000,-2.744981,6.017148,-0.289183,8.180593,
1698770376371732992.000000,0.000000,-2.752321,6.020941,-0.328318,8.180835,
1698770376398733056.000000,0.000000,-2.760367,6.023692,-0.357691,8.180824,
1698770376434733056.000000,0.000000,-2.763180,6.027208,-0.396698,8.180409,
1698770376466738432.000000,0.000000,-2.768683,6.029583,-0.425658,8.179693,
1698770376502738432.000000,0.000000,-2.773639,6.032713,-0.464629,8.178468,
1698770376536738560.000000,0.000000,-2.777076,6.035657,-0.503169,8.177023,
1698770376572741376.000000,0.000000,-2.781350,6.038161,-0.541802,8.175404,
1698770376599741440.000000,0.000000,-2.785819,6.039950,-0.570677,8.174029,
1698770376635741184.000000,0.000000,-2.787409,6.042252,-0.609075,8.172025,
1698770376667746304.000000,0.000000,-2.792851,6.044002,-0.637702,8.170294,
1698770376703746048.000000,0.000000,-2.796861,6.046135,-0.675844,8.168062,
1698770376739750912.000000,0.000000,-2.800372,6.047792,-0.713855,8.166007,
1698770376766750720.000000,0.000000,-2.805006,6.048532,-0.742312,8.164644,
1698770376806750720.000000,0.000000,-2.811021,6.049293,-0.785982,8.163065,
1698770376833750784.000000,0.000000,-2.813918,6.049390,-0.813738,8.162419,
1698770376869755904.000000,0.000000,-2.819415,6.049037,-0.850357,8.161953,
1698770376905755904.000000,0.000000,-2.825347,6.048110,-0.886274,8.162048,
1698770376934755840.000000,0.000000,-2.827961,6.047133,-0.912740,8.162282,
1698770376970759936.000000,0.000000,-2.834156,6.045485,-0.947415,8.162683,
1698770376997760000.000000,0.000000,-2.839581,6.043769,-0.973001,8.163336,
1698770377033760000.000000,0.000000,-2.842389,6.040852,-1.006724,8.164485,
1698770377070765056.000000,0.000000,-2.848682,6.037233,-1.040232,8.165751,
1698770377097765120.000000,0.000000,-2.856342,6.034080,-1.065116,8.166944,
1698770377133765120.000000,0.000000,-2.859297,6.029279,-1.097958,8.168721,
1698770377169770752.000000,0.000000,-2.867000,6.023723,-1.130302,8.170608,
1698770377207770624.000000,0.000000,-2.874230,6.017563,-1.162526,8.172495,
1698770377234770688.000000,0.000000,-2.877720,6.012666,-1.186835,8.173587,
1698770377270773760.000000,0.000000,-2.886509,6.005823,-1.219724,8.174319,
1698770377297773824.000000,0.000000,-2.893294,6.000356,-1.244480,8.174679,
1698770377335773696.000000,0.000000,-2.897674,5.992305,-1.278845,8.174848,
1698770377372779776.000000,0.000000,-2.905912,5.984250,-1.311535,8.174504,
1698770377399779840.000000,0.000000,-2.913121,5.977943,-1.336205,8.173819,
1698770377435779584.000000,0.000000,-2.917375,5.969168,-1.369400,8.172333,
1698770377472782848.000000,0.000000,-2.922463,5.960173,-1.402864,8.170388,
1698770377499782656.000000,0.000000,-2.929689,5.953143,-1.428088,8.168555,
1698770377535782912.000000,0.000000,-2.932227,5.943499,-1.462044,8.165959,
1698770377571789312.000000,0.000000,-2.937912,5.933390,-1.496260,8.163228,
1698770377600789504.000000,0.000000,-2.944562,5.925694,-1.522254,8.161179,
1698770377636789504.000000,0.000000,-2.947896,5.915470,-1.557104,8.158491,
1698770377672794624.000000,0.000000,-2.955608,5.905361,-1.592751,8.155767,
1698770377703794688.000000,0.000000,-2.961019,5.897963,-1.619249,8.153873,
1698770377730794496.000000,0.000000,-2.963741,5.890584,-1.645845,8.152016,
1698770377772797440.000000,0.000000,-2.971154,5.878145,-1.690083,8.148649,
1698770377799797248.000000,0.000000,-2.977886,5.870675,-1.716666,8.146713,
1698770377837801984.000000,0.000000,-2.980430,5.860658,-1.751779,8.144011,
1698770377873801984.000000,0.000000,-2.986041,5.850694,-1.786485,8.141291,
1698770377900802048.000000,0.000000,-2.994084,5.842991,-1.812351,8.139234,
1698770377936806144.000000,0.000000,-2.997005,5.832699,-1.846443,8.136710,
1698770377967805952.000000,0.000000,-3.003619,5.824991,-1.871679,8.134854,
1698770378003806208.000000,0.000000,-3.010372,5.814516,-1.904852,8.132438,
1698770378037806080.000000,0.000000,-3.014517,5.803682,-1.937390,8.129984,
1698770378072812032.000000,0.000000,-3.021228,5.792179,-1.969395,8.127335,
1698770378101811968.000000,0.000000,-3.026975,5.783550,-1.993018,8.125293,
1698770378137811968.000000,0.000000,-3.029070,5.772222,-2.023870,8.122424,
1698770378164815360.000000,0.000000,-3.032456,5.764004,-2.046581,8.119997,
1698770378200815360.000000,0.000000,-3.036452,5.752982,-2.076357,8.116644,
1698770378238815232.000000,0.000000,-3.038006,5.741990,-2.105514,8.113064,
1698770378274819840.000000,0.000000,-3.040894,5.731014,-2.134219,8.109008,
1698770378300819968.000000,0.000000,-3.043405,5.722795,-2.155394,8.105938,
1698770378337819904.000000,0.000000,-3.044699,5.711800,-2.183480,8.101959,
1698770378368822784.000000,0.000000,-3.048224,5.703207,-2.204744,8.098924,
1698770378404822784.000000,0.000000,-3.052630,5.691853,-2.232877,8.095198,
1698770378437822720.000000,0.000000,-3.055035,5.680637,-2.260660,8.091598,
1698770378464825856.000000,0.000000,-3.062011,5.672576,-2.281002,8.088911,
1698770378502825728.000000,0.000000,-3.068509,5.661794,-2.307986,8.085562,
1698770378538825728.000000,0.000000,-3.071422,5.650943,-2.334983,8.082422,
1698770378565830912.000000,0.000000,-3.077725,5.642730,-2.355244,8.079986,
1698770378601830912.000000,0.000000,-3.083295,5.631628,-2.382032,8.076968,
1698770378632830976.000000,0.000000,-3.085454,5.623117,-2.401923,8.074599,
1698770378668835584.000000,0.000000,-3.091419,5.611706,-2.428084,8.071360,
1698770378701835520.000000,0.000000,-3.096481,5.600082,-2.454086,8.068234,
1698770378737839872.000000,0.000000,-3.098383,5.588224,-2.479849,8.065248,
1698770378769839872.000000,0.000000,-3.103159,5.578998,-2.498949,8.062895,
1698770378802839808.000000,0.000000,-3.107925,5.566644,-2.524334,8.060020,
1698770378838839808.000000,0.000000,-3.110092,5.554061,-2.549843,8.057034,
1698770378869842944.000000,0.000000,-3.114706,5.544356,-2.569575,8.054585,
1698770378905842944.000000,0.000000,-3.119710,5.531309,-2.595554,8.051444,
1698770378938842880.000000,0.000000,-3.121925,5.518072,-2.621507,8.048267,
1698770378970849024.000000,0.000000,-3.127745,5.507987,-2.641167,8.045559,
1698770379003849216.000000,0.000000,-3.132462,5.494267,-2.667393,8.042115,
1698770379039848960.000000,0.000000,-3.134883,5.480406,-2.693843,8.038729,
1698770379066853888.000000,0.000000,-3.141497,5.469982,-2.713718,8.036096,
1698770379103854080.000000,0.000000,3.135993,5.455945,-2.740559,8.032844,
1698770379130853888.000000,0.000000,3.133430,5.445254,-2.760874,8.030531,
1698770379166857984.000000,0.000000,3.127856,5.430766,-2.787983,8.027625,
1698770379202857984.000000,0.000000,3.123381,5.416066,-2.815484,8.024907,
1698770379229862144.000000,0.000000,3.121138,5.404922,-2.836230,8.023116,
1698770379270862080.000000,0.000000,3.117873,5.389644,-2.864403,8.020871,
1698770379303862272.000000,0.000000,3.112878,5.374213,-2.892827,8.018909,
1698770379339862016.000000,0.000000,3.111014,5.358400,-2.921200,8.016883,
1698770379367867904.000000,0.000000,3.105998,5.346437,-2.942405,8.015427,
1698770379403868160.000000,0.000000,3.101217,5.330218,-2.970840,8.013755,
1698770379439872000.000000,0.000000,3.097106,5.313821,-2.999680,8.012224,
1698770379466872064.000000,0.000000,3.089847,5.301500,-3.021869,8.010898,
1698770379504872192.000000,0.000000,3.084041,5.284958,-3.051423,8.009635,
1698770379531872256.000000,0.000000,3.078508,5.272367,-3.073501,8.008772,
1698770379567876096.000000,0.000000,3.071517,5.255384,-3.102741,8.007765,
1698770379603876352.000000,0.000000,3.064317,5.238111,-3.132013,8.007146,
1698770379635876352.000000,0.000000,3.060216,5.224993,-3.154201,8.006743,
1698770379670882048.000000,0.000000,3.053458,5.207430,-3.184135,8.006406,
1698770379706882048.000000,0.000000,3.045715,5.189523,-3.214078,8.006166,
1698770379739881984.000000,0.000000,3.040815,5.171405,-3.244056,8.005919,
1698770379771888128.000000,0.000000,3.033526,5.157574,-3.266406,8.005530,
1698770379798887936.000000,0.000000,3.024956,5.143684,-3.288811,8.005157,
1698770379840889600.000000,0.000000,3.021541,5.120063,-3.326174,8.004246,
1698770379867889664.000000,0.000000,3.013377,5.105290,-3.348551,8.003261,
1698770379898889472.000000,0.000000,3.005070,5.090495,-3.371023,8.002170,
1698770379935889408.000000,0.000000,3.001269,5.070755,-3.401091,8.000381,
1698770379967895040.000000,0.000000,2.992689,5.051014,-3.431423,7.998186,
1698770380003895296.000000,0.000000,2.985452,5.031146,-3.461690,7.995722,
1698770380032895232.000000,0.000000,2.982521,5.016226,-3.484289,7.993686,
1698770380068898816.000000,0.000000,2.976446,4.996023,-3.514965,7.990665,
1698770380104898816.000000,0.000000,2.969389,4.975927,-3.545032,7.987573,
1698770380132902912.000000,0.000000,2.966868,4.960776,-3.567482,7.985230,
1698770380168902912.000000,0.000000,2.961185,4.940083,-3.596988,7.981508,
1698770380204902912.000000,0.000000,2.954366,4.919217,-3.626407,7.977931,
1698770380232902912.000000,0.000000,2.951738,4.903424,-3.648644,7.975194,
1698770380272907776.000000,0.000000,2.945621,4.882085,-3.678855,7.971490,
1698770380299907584.000000,0.000000,2.940169,4.865950,-3.701384,7.968852,
1698770380335907840.000000,0.000000,2.937504,4.844183,-3.731420,7.965510,
1698770380368913664.000000,0.000000,2.931836,4.821919,-3.761498,7.961869,
1698770380405913600.000000,0.000000,2.923242,4.799482,-3.791523,7.958735,
1698770380433917440.000000,0.000000,2.920208,4.782493,-3.813737,7.956435,
1698770380468917504.000000,0.000000,2.912275,4.759661,-3.843068,7.953516,
1698770380504917504.000000,0.000000,2.904822,4.736633,-3.872062,7.951146,
1698770380533917440.000000,0.000000,2.902171,4.719167,-3.893768,7.949599,
1698770380569922048.000000,0.000000,2.893740,4.695464,-3.922891,7.947591,
1698770380605922048.000000,0.000000,2.887242,4.671628,-3.951595,7.946300,
1698770380632922112.000000,0.000000,2.883518,4.653502,-3.972848,7.945458,
1698770380670928128.000000,0.000000,2.875789,4.629206,-4.000969,7.944394,
1698770380706928128.000000,0.000000,2.868373,4.604637,-4.028807,7.943752,
1698770380733931776.000000,0.000000,2.865056,4.586045,-4.049542,7.943384,
1698770380769931776.000000,0.000000,2.856549,4.560846,-4.077181,7.942775,
1698770380806931712.000000,0.000000,2.850242,4.535456,-4.104436,7.942442,
1698770380833931776.000000,0.000000,2.846084,4.516259,-4.124578,7.942195,
1698770380869936384.000000,0.000000,2.838932,4.490384,-4.151206,7.941433,
1698770380896936448.000000,0.000000,2.831203,4.470905,-4.170923,7.940861,
1698770380934940416.000000,0.000000,2.827711,4.444731,-4.196826,7.939938,
1698770380970940416.000000,0.000000,2.819028,4.418749,-4.222919,7.938389,
1698770380997940480.000000,0.000000,2.809995,4.399047,-4.242260,7.937114,
1698770381033940480.000000,0.000000,2.805952,4.372574,-4.267794,7.935300,
1698770381073946368.000000,0.000000,2.796929,4.345800,-4.293115,7.932907,
1698770381100946432.000000,0.000000,2.788711,4.325644,-4.311940,7.931086,
1698770381136946432.000000,0.000000,2.785441,4.298789,-4.337011,7.928678,
1698770381160952320.000000,0.000000,2.777314,4.278675,-4.355809,7.926631,
1698770381207952384.000000,0.000000,2.771097,4.245403,-4.386743,7.923567,
1698770381234955776.000000,0.000000,2.767618,4.225473,-4.405039,7.921910,
1698770381271955968.000000,0.000000,2.762775,4.198566,-4.429760,7.919924,
1698770381298955776.000000,0.000000,2.757012,4.178828,-4.447870,7.918695,
1698770381334959616.000000,0.000000,2.754733,4.152924,-4.471866,7.917022,
1698770381370959616.000000,0.000000,2.747767,4.127565,-4.495914,7.915206,
1698770381402959616.000000,0.000000,2.742265,4.108674,-4.514020,7.913983,
1698770381438963200.000000,0.000000,2.737149,4.081611,-4.540302,7.912427,
1698770381474963200.000000,0.000000,2.729938,4.056765,-4.565074,7.910846,
1698770381501963264.000000,0.000000,2.721846,4.038337,-4.583843,7.909911,
1698770381538963200.000000,0.000000,2.718452,4.013976,-4.608948,7.908582,
1698770381565968896.000000,0.000000,2.709989,3.995795,-4.627772,7.907476,
1698770381601968896.000000,0.000000,2.701876,3.971946,-4.652935,7.906198,
1698770381637972480.000000,0.000000,2.697851,3.948572,-4.678030,7.904945,
1698770381669972480.000000,0.000000,2.690207,3.931336,-4.696824,7.903790,
1698770381702972416.000000,0.000000,2.683964,3.908744,-4.721800,7.902287,
1698770381738976000.000000,0.000000,2.680841,3.886428,-4.746681,7.900708,
1698770381765976064.000000,0.000000,2.675108,3.869854,-4.765409,7.899314,
1698770381805976064.000000,0.000000,2.670215,3.847908,-4.790267,7.897348,
1698770381841979648.000000,0.000000,2.667538,3.826062,-4.815228,7.895066,
1698770381868979712.000000,0.000000,2.660906,3.809737,-4.834187,7.892872,
1698770381901979648.000000,0.000000,2.654027,3.787765,-4.859299,7.889870,
1698770381933979648.000000,0.000000,2.651199,3.771097,-4.877994,7.887534,
1698770381966985984.000000,0.000000,2.643540,3.748466,-4.903120,7.884177,
1698770382002985984.000000,0.000000,2.637008,3.725395,-4.927828,7.880776,
1698770382038985984.000000,0.000000,2.634268,3.701851,-4.952039,7.877247,
1698770382066988544.000000,0.000000,2.628364,3.683851,-4.969716,7.874252,
1698770382102988544.000000,0.000000,2.621297,3.659369,-4.992876,7.870454,
1698770382139993088.000000,0.000000,2.617531,3.634418,-5.015601,7.866796,
1698770382165993216.000000,0.000000,2.610522,3.615373,-5.032797,7.864126,
1698770382197993216.000000,0.000000,2.604947,3.596114,-5.049579,7.861559,
1698770382239993344.000000,0.000000,2.602165,3.563659,-5.076852,7.857652,
1698770382266999296.000000,0.000000,2.594874,3.543970,-5.093252,7.855174,
1698770382302999296.000000,0.000000,2.589090,3.517513,-5.114624,7.852179,
1698770382341004288.000000,0.000000,2.585651,3.490871,-5.135604,7.849347,
1698770382367004160.000000,0.000000,2.580924,3.470653,-5.151023,7.846804,
1698770382403004160.000000,0.000000,2.574503,3.443524,-5.171298,7.843691,
1698770382441007872.000000,0.000000,2.570993,3.415815,-5.191598,7.840677,
1698770382468007936.000000,0.000000,2.564592,3.395164,-5.206486,7.838140,
1698770382504007680.000000,0.000000,2.558243,3.367416,-5.226148,7.834977,
1698770382531007744.000000,0.000000,2.554333,3.346534,-5.240728,7.832732,
1698770382571013120.000000,0.000000,2.547983,3.318472,-5.260856,7.829104,
1698770382607013120.000000,0.000000,2.540567,3.290166,-5.280673,7.825551,
1698770382632013312.000000,0.000000,2.535701,3.268775,-5.295293,7.822717,
1698770382667015424.000000,0.000000,2.527897,3.240027,-5.314412,7.818409,
1698770382705015552.000000,0.000000,2.520680,3.211010,-5.333240,7.814093,
1698770382741019904.000000,0.000000,2.514537,3.181772,-5.352177,7.809578,
1698770382768019968.000000,0.000000,2.506556,3.159776,-5.366407,7.806046,
1698770382809019904.000000,0.000000,2.497835,3.130100,-5.384848,7.801336,
1698770382836019712.000000,0.000000,2.493769,3.107687,-5.398346,7.797729,
1698770382872025600.000000,0.000000,2.485484,3.077527,-5.415803,7.792659,
1698770382904025600.000000,0.000000,2.478423,3.047114,-5.432521,7.787731,
1698770382931025408.000000,0.000000,2.475818,3.024197,-5.444530,7.784046,
1698770382972027392.000000,0.000000,2.471598,2.993539,-5.459929,7.778709,
1698770383005027328.000000,0.000000,2.467017,2.962724,-5.474493,7.773608,
1698770383041028608.000000,0.000000,2.465178,2.931664,-5.488614,7.768677,
1698770383072028672.000000,0.000000,2.461117,2.908127,-5.499134,7.765028,
1698770383099028480.000000,0.000000,2.455880,2.884426,-5.509328,7.761535,
1698770383136028672.000000,0.000000,2.453080,2.852619,-5.522294,7.756982,
1698770383169030912.000000,0.000000,2.446097,2.820355,-5.534681,7.752408,
1698770383196030976.000000,0.000000,2.438616,2.796064,-5.543548,7.749217,
1698770383236035072.000000,0.000000,2.435380,2.763546,-5.554980,7.745068,
1698770383269035264.000000,0.000000,2.428612,2.730845,-5.566409,7.740883,
1698770383305035264.000000,0.000000,2.421617,2.698122,-5.577170,7.737007,
1698770383332035072.000000,0.000000,2.418079,2.673661,-5.584888,7.734206,
1698770383370040320.000000,0.000000,2.412055,2.641297,-5.594558,7.730175,
1698770383406040320.000000,0.000000,2.405492,2.608770,-5.603848,7.726444,
1698770383433040384.000000,0.000000,2.401497,2.584228,-5.610767,7.723645,
1698770383470045696.000000,0.000000,2.393469,2.551037,-5.620183,7.719595,
1698770383506045696.000000,0.000000,2.386476,2.517783,-5.629280,7.715939,
1698770383533045760.000000,0.000000,2.381702,2.492995,-5.635950,7.713141,
1698770383569050112.000000,0.000000,2.373379,2.460261,-5.644841,7.709299,
1698770383607049984.000000,0.000000,2.366454,2.427497,-5.653403,7.705654,
1698770383634054400.000000,0.000000,2.362729,2.402353,-5.659894,7.702981,
1698770383670054400.000000,0.000000,2.355003,2.369290,-5.668243,7.699349,
1698770383706054400.000000,0.000000,2.347202,2.337528,-5.676100,7.695882,
1698770383733054464.000000,0.000000,2.344063,2.312650,-5.682100,7.693227,
1698770383769056512.000000,0.000000,2.336320,2.279354,-5.690082,7.689220,
1698770383805056512.000000,0.000000,2.329301,2.246007,-5.697939,7.685212,
1698770383833056512.000000,0.000000,2.326069,2.221014,-5.703779,7.682269,
1698770383869059072.000000,0.000000,2.318580,2.187510,-5.712293,7.677970,
1698770383905059072.000000,0.000000,2.312078,2.153995,-5.720768,7.673707,
1698770383932059136.000000,0.000000,2.307401,2.128812,-5.727065,7.670504,
1698770383970062336.000000,0.000000,2.300082,2.095491,-5.735253,7.665547,
1698770384006062336.000000,0.000000,2.291668,2.062056,-5.743399,7.660688,
1698770384033062400.000000,0.000000,2.288249,2.036941,-5.749455,7.657054,
1698770384069068800.000000,0.000000,2.280036,2.003487,-5.758551,7.651964,
1698770384100068864.000000,0.000000,2.272195,1.978317,-5.765284,7.648122,
1698770384136068608.000000,0.000000,2.269105,1.944449,-5.774261,7.643112,
1698770384172072448.000000,0.000000,2.262590,1.910049,-5.783237,7.638121,
1698770384205072640.000000,0.000000,2.254305,1.875621,-5.792055,7.633307,
1698770384237072640.000000,0.000000,2.251202,1.849727,-5.798627,7.629537,
1698770384270077696.000000,0.000000,2.244819,1.815362,-5.807694,7.624356,
1698770384306077696.000000,0.000000,2.236260,1.780935,-5.816354,7.619472,
1698770384333077760.000000,0.000000,2.233184,1.755096,-5.822673,7.616072,
1698770384373080320.000000,0.000000,2.226705,1.720552,-5.831198,7.611191,
1698770384400080384.000000,0.000000,2.219234,1.694616,-5.837389,7.607822,
1698770384433080320.000000,0.000000,2.215140,1.660067,-5.845487,7.603599,
1698770384469084928.000000,0.000000,2.207236,1.625414,-5.853654,7.599382,
1698770384507084800.000000,0.000000,2.199553,1.590873,-5.861579,7.595567,
1698770384534088960.000000,0.000000,2.194197,1.565068,-5.867479,7.592823,
1698770384570088960.000000,0.000000,2.186087,1.530983,-5.875390,7.589276,
1698770384606088960.000000,0.000000,2.177649,1.496894,-5.883074,7.585955,
1698770384634092800.000000,0.000000,2.175407,1.471369,-5.888932,7.583513,
1698770384670092800.000000,0.000000,2.167033,1.437172,-5.897238,7.580053,
1698770384706092800.000000,0.000000,2.159809,1.403062,-5.905262,7.576720,
1698770384734092800.000000,0.000000,2.155172,1.377564,-5.911170,7.574234,
1698770384771098112.000000,0.000000,2.147706,1.343639,-5.918749,7.570585,
1698770384807098112.000000,0.000000,2.140564,1.309739,-5.926253,7.566899,
1698770384834098176.000000,0.000000,2.136263,1.283808,-5.932040,7.563957,
1698770384871100672.000000,0.000000,2.128393,1.249813,-5.939622,7.559708,
1698770384907100672.000000,0.000000,2.121420,1.215952,-5.947051,7.555240,
1698770384934100736.000000,0.000000,2.116932,1.190706,-5.952522,7.551700,
1698770384961106432.000000,0.000000,2.109130,1.165499,-5.958231,7.547594,
1698770385002106368.000000,0.000000,2.101406,1.132030,-5.965660,7.542019,
1698770385038106368.000000,0.000000,2.098155,1.098671,-5.972930,7.536243,
1698770385071110656.000000,0.000000,2.090949,1.065247,-5.980047,7.530276,
1698770385098110720.000000,0.000000,2.083553,1.040284,-5.985218,7.525757,
1698770385136110592.000000,0.000000,2.080440,1.007007,-5.992047,7.519646,
1698770385171114240.000000,0.000000,2.071874,0.973731,-5.998861,7.513185,
1698770385207114240.000000,0.000000,2.064396,0.940716,-6.005302,7.506733,
1698770385239117568.000000,0.000000,2.059754,0.916008,-6.010084,7.501826,
1698770385266117632.000000,0.000000,2.052723,0.891355,-6.015038,7.496893,
1698770385302117632.000000,0.000000,2.044945,0.858595,-6.021131,7.490330,
1698770385335121408.000000,0.000000,2.040443,0.825990,-6.026671,7.483957,
1698770385362121472.000000,0.000000,2.033121,0.801762,-6.030372,7.479018,
1698770385402121472.000000,0.000000,2.027479,0.769547,-6.034840,7.472760,
1698770385436121600.000000,0.000000,2.022751,0.737486,-6.038864,7.466681,
1698770385471126528.000000,0.000000,2.015587,0.705384,-6.042911,7.460439,
1698770385503126528.000000,0.000000,2.009798,0.681210,-6.045582,7.456163,
1698770385539130624.000000,0.000000,2.004963,0.648793,-6.048633,7.450552,
1698770385566130688.000000,0.000000,1.997725,0.624121,-6.050607,7.446261,
1698770385608130560.000000,0.000000,1.988879,0.582872,-6.053269,7.439687,
1698770385637134592.000000,0.000000,1.984729,0.558063,-6.054790,7.435828,
1698770385673134592.000000,0.000000,1.975856,0.525097,-6.056893,7.430599,
1698770385700134400.000000,0.000000,1.968202,0.500255,-6.058088,7.426862,
1698770385736134656.000000,0.000000,1.964563,0.466925,-6.059387,7.422038,
1698770385767139072.000000,0.000000,1.956485,0.441920,-6.060206,7.418220,
1698770385803139072.000000,0.000000,1.949544,0.408359,-6.060828,7.413408,
1698770385839142912.000000,0.000000,1.944767,0.374559,-6.061022,7.408959,
1698770385872142848.000000,0.000000,1.938451,0.340701,-6.060770,7.404537,
1698770385901143040.000000,0.000000,1.931193,0.315057,-6.060382,7.401426,
1698770385937143040.000000,0.000000,1.927994,0.280659,-6.059680,7.397404,
1698770385973148160.000000,0.000000,1.920559,0.245833,-6.058863,7.393111,
1698770386000147968.000000,0.000000,1.913178,0.219529,-6.058043,7.390040,
1698770386036148224.000000,0.000000,1.909148,0.184996,-6.056712,7.385986,
1698770386072152064.000000,0.000000,1.901719,0.149973,-6.055291,7.381820,
1698770386100151808.000000,0.000000,1.894461,0.123690,-6.053916,7.378600,
1698770386136155648.000000,0.000000,1.890881,0.088600,-6.051928,7.374198,
1698770386172155904.000000,0.000000,1.881984,0.053639,-6.049840,7.369442,
1698770386199155712.000000,0.000000,1.873264,0.027374,-6.048016,7.365743,
1698770386235159552.000000,0.000000,1.868190,-0.006135,-6.045431,7.360815,
1698770386271159552.000000,0.000000,1.859439,-0.041159,-6.042350,7.355265,
1698770386307159552.000000,0.000000,1.851226,-0.076121,-6.038874,7.349657,
1698770386334163200.000000,0.000000,1.845620,-0.102399,-6.035931,7.345271,
1698770386372163072.000000,0.000000,1.837325,-0.137375,-6.031629,7.339153,
1698770386399163136.000000,0.000000,1.829508,-0.163543,-6.028069,7.334463,
1698770386435163136.000000,0.000000,1.825783,-0.198386,-6.023207,7.328245,
1698770386472168960.000000,0.000000,1.815906,-0.233096,-6.018352,7.321918,
1698770386508168704.000000,0.000000,1.808078,-0.267720,-6.013178,7.315722,
1698770386535168768.000000,0.000000,1.804542,-0.293482,-6.009196,7.311146,
1698770386571172608.000000,0.000000,1.797208,-0.327671,-6.003747,7.305026,
1698770386603172608.000000,0.000000,1.790753,-0.353328,-5.999507,7.300693,
1698770386639176192.000000,0.000000,1.787147,-0.387363,-5.993744,7.295212,
1698770386666176256.000000,0.000000,1.782163,-0.412868,-5.989403,7.291123,
1698770386702176256.000000,0.000000,1.775334,-0.446809,-5.983480,7.286104,
1698770386737176320.000000,0.000000,1.772387,-0.480638,-5.977421,7.281601,
1698770386772182016.000000,0.000000,1.765579,-0.514233,-5.971243,7.277243,
1698770386799181824.000000,0.000000,1.757310,-0.539486,-5.966471,7.274268,
1698770386835181824.000000,0.000000,1.751825,-0.573095,-5.959991,7.270675,
1698770386867187968.000000,0.000000,1.742964,-0.598190,-5.954807,7.268039,
1698770386903187968.000000,0.000000,1.734012,-0.631526,-5.947746,7.264863,
1698770386939187968.000000,0.000000,1.727557,-0.664971,-5.940637,7.261878,
1698770386966191616.000000,0.000000,1.719407,-0.690312,-5.935269,7.259750,
1698770387003191552.000000,0.000000,1.710918,-0.724241,-5.928013,7.257302,
1698770387037195264.000000,0.000000,1.704630,-0.758020,-5.920617,7.255222,
1698770387072195072.000000,0.000000,1.698000,-0.791574,-5.912957,7.253253,
1698770387099195136.000000,0.000000,1.691161,-0.816837,-5.907049,7.251929,
1698770387131195136.000000,0.000000,1.686868,-0.842218,-5.901062,7.250560,
1698770387167198720.000000,0.000000,1.680572,-0.876243,-5.892876,7.248452,
1698770387203198720.000000,0.000000,1.673432,-0.910273,-5.884340,7.246366,
1698770387236201984.000000,0.000000,1.668777,-0.943341,-5.875932,7.244336,
1698770387272202240.000000,0.000000,1.660617,-0.977323,-5.867567,7.241938,
1698770387299202048.000000,0.000000,1.651821,-1.002813,-5.861107,7.240295,
1698770387335202048.000000,0.000000,1.648554,-1.037047,-5.852186,7.238187,
1698770387372205056.000000,0.000000,1.641866,-1.071785,-5.843034,7.236143,
1698770387399205120.000000,0.000000,1.633389,-1.097751,-5.835937,7.234842,
1698770387436205056.000000,0.000000,1.629660,-1.132264,-5.826241,7.233174,
1698770387471210752.000000,0.000000,1.619477,-1.166742,-5.816027,7.231219,
1698770387500210688.000000,0.000000,1.611080,-1.192504,-5.808198,7.229907,
1698770387536214016.000000,0.000000,1.605442,-1.226786,-5.797644,7.228297,
1698770387572214272.000000,0.000000,1.598158,-1.260945,-5.787022,7.226880,
1698770387599214080.000000,0.000000,1.589186,-1.286558,-5.778954,7.225985,
1698770387637214208.000000,0.000000,1.585418,-1.320759,-5.768106,7.224798,
1698770387672219648.000000,0.000000,1.576207,-1.355080,-5.757165,7.223310,
1698770387699219712.000000,0.000000,1.568411,-1.380838,-5.748849,7.222365,
1698770387736219648.000000,0.000000,1.564769,-1.415288,-5.737666,7.221181,
1698770387767225600.000000,0.000000,1.556139,-1.441229,-5.729311,7.220332,
1698770387803225600.000000,0.000000,1.547886,-1.478489,-5.717103,7.219506,
1698770387839225600.000000,0.000000,1.543574,-1.512797,-5.705714,7.218874,
1698770387866231552.000000,0.000000,1.534712,-1.538706,-5.696992,7.218435,
1698770387903231488.000000,0.000000,1.526439,-1.573260,-5.685392,7.218227,
1698770387940236288.000000,0.000000,1.521050,-1.607846,-5.674098,7.218371,
1698770387966236160.000000,0.000000,1.512517,-1.633880,-5.665788,7.218745,
1698770388002236160.000000,0.000000,1.501545,-1.668496,-5.654583,7.219552,
1698770388040236032.000000,0.000000,1.495923,-1.703114,-5.643153,7.220601,
1698770388067242240.000000,0.000000,1.486461,-1.729155,-5.634374,7.221461,
1698770388103242240.000000,0.000000,1.476771,-1.763752,-5.622400,7.222985,
1698770388130242304.000000,0.000000,1.472293,-1.789486,-5.613184,7.224356,
1698770388170247936.000000,0.000000,1.465391,-1.823428,-5.600348,7.226407,
1698770388198247936.000000,0.000000,1.457989,-1.848638,-5.590473,7.228044,
1698770388240247808.000000,0.000000,1.454975,-1.890423,-5.573547,7.230414,
1698770388267252992.000000,0.000000,1.447419,-1.915487,-5.563152,7.231579,
1698770388304252928.000000,0.000000,1.442090,-1.948813,-5.548935,7.233289,
1698770388340256256.000000,0.000000,1.437611,-1.982061,-5.534065,7.234748,
1698770388367256064.000000,0.000000,1.430735,-2.006856,-5.522534,7.235641,
1698770388394256128.000000,0.000000,1.424028,-2.031517,-5.510921,7.236599,
1698770388435256064.000000,0.000000,1.420584,-2.064964,-5.495247,7.237929,
1698770388471260416.000000,0.000000,1.412943,-2.097898,-5.479885,7.239319,
1698770388504260608.000000,0.000000,1.403075,-2.129458,-5.464963,7.240595,
1698770388540260352.000000,0.000000,1.398691,-2.162552,-5.448882,7.241983,
1698770388567265792.000000,0.000000,1.386988,-2.187404,-5.436518,7.242974,
1698770388603265792.000000,0.000000,1.376022,-2.220648,-5.419862,7.244140,
1698770388631265792.000000,0.000000,1.371199,-2.245677,-5.407305,7.244958,
1698770388667268096.000000,0.000000,1.361996,-2.279134,-5.390490,7.245877,
1698770388703268096.000000,0.000000,1.350547,-2.312828,-5.373530,7.246491,
1698770388739272704.000000,0.000000,1.346472,-2.346791,-5.356490,7.246829,
1698770388768272896.000000,0.000000,1.338350,-2.372427,-5.343634,7.246891,
1698770388804272640.000000,0.000000,1.329516,-2.406469,-5.326434,7.246586,
1698770388840272896.000000,0.000000,1.324397,-2.440407,-5.309044,7.245944,
1698770388867278336.000000,0.000000,1.317091,-2.465626,-5.295765,7.245227,
1698770388904278528.000000,0.000000,1.311004,-2.499240,-5.277861,7.244117,
1698770388940278272.000000,0.000000,1.306648,-2.532643,-5.259807,7.242972,
1698770388967284224.000000,0.000000,1.300580,-2.557503,-5.246033,7.242045,
1698770389003284224.000000,0.000000,1.292300,-2.590428,-5.227295,7.240966,
1698770389035284224.000000,0.000000,1.290017,-2.614957,-5.213109,7.240261,
1698770389068290048.000000,0.000000,1.282675,-2.647316,-5.194075,7.239379,
1698770389104290304.000000,0.000000,1.275265,-2.679018,-5.174734,7.238894,
1698770389140294656.000000,0.000000,1.271319,-2.709974,-5.154993,7.238677,
1698770389171294720.000000,0.000000,1.263377,-2.732803,-5.139892,7.238669,
1698770389207294720.000000,0.000000,1.255442,-2.762853,-5.119581,7.239062,
1698770389235299328.000000,0.000000,1.251503,-2.785024,-5.104223,7.239533,
1698770389267299328.000000,0.000000,1.242196,-2.814244,-5.083541,7.240359,
1698770389305299456.000000,0.000000,1.231189,-2.843166,-5.062946,7.241665,
1698770389332299264.000000,0.000000,1.226827,-2.864674,-5.047568,7.242867,
1698770389368302592.000000,0.000000,1.217192,-2.893265,-5.027152,7.244657,
1698770389404302336.000000,0.000000,1.208034,-2.921530,-5.006886,7.246629,
1698770389435302400.000000,0.000000,1.204039,-2.942418,-4.991784,7.248189,
1698770389471307008.000000,0.000000,1.194999,-2.969891,-4.971840,7.250209,
1698770389507307008.000000,0.000000,1.186772,-2.996990,-4.951841,7.252244,
1698770389540310528.000000,0.000000,1.183412,-3.023761,-4.932033,7.254089,
1698770389572310528.000000,0.000000,1.176286,-3.043637,-4.917305,7.255352,
1698770389605310720.000000,0.000000,1.167587,-3.069978,-4.896988,7.257083,
1698770389637310720.000000,0.000000,1.164410,-3.089148,-4.881424,7.258211,
1698770389672315904.000000,0.000000,1.156195,-3.114364,-4.860016,7.259545,
1698770389705315840.000000,0.000000,1.147681,-3.139007,-4.838181,7.260884,
1698770389741320448.000000,0.000000,1.144059,-3.162917,-4.815934,7.262011,
1698770389770320384.000000,0.000000,1.136455,-3.180417,-4.798872,7.262723,
1698770389806320384.000000,0.000000,1.129392,-3.203477,-4.775791,7.263612,
1698770389833323008.000000,0.000000,1.124963,-3.220554,-4.758310,7.264231,
1698770389869323008.000000,0.000000,1.117093,-3.243677,-4.735058,7.264822,
1698770389906322944.000000,0.000000,1.110051,-3.266363,-4.711514,7.265244,
1698770389934322944.000000,0.000000,1.105657,-3.283192,-4.693716,7.265522,
1698770389969327616.000000,0.000000,1.098777,-3.305505,-4.669858,7.265960,
1698770390005327616.000000,0.000000,1.091496,-3.327714,-4.645739,7.266514,
1698770390037327616.000000,0.000000,1.088752,-3.344110,-4.627382,7.266838,
1698770390073330176.000000,0.000000,1.083261,-3.365522,-4.602523,7.267016,
1698770390100329984.000000,0.000000,1.076295,-3.381577,-4.583768,7.267140,
1698770390133330176.000000,0.000000,1.073351,-3.403087,-4.558813,7.267294,
1698770390170335488.000000,0.000000,1.067233,-3.424696,-4.534126,7.267490,
1698770390206335488.000000,0.000000,1.061579,-3.446404,-4.509439,7.267670,
1698770390234335488.000000,0.000000,1.057361,-3.462716,-4.491013,7.267647,
1698770390269340416.000000,0.000000,1.049996,-3.484499,-4.466395,7.267384,
1698770390301340416.000000,0.000000,1.043332,-3.500991,-4.447936,7.267159,
1698770390337344768.000000,0.000000,1.039572,-3.523185,-4.423426,7.266829,
1698770390373344768.000000,0.000000,1.033583,-3.545350,-4.399007,7.266473,
1698770390406344704.000000,0.000000,1.026221,-3.567762,-4.374743,7.266110,
1698770390435344640.000000,0.000000,1.023450,-3.584893,-4.356779,7.265825,
1698770390470349056.000000,0.000000,1.016936,-3.608195,-4.333172,7.265577,
1698770390506349056.000000,0.000000,1.009825,-3.631771,-4.309491,7.265189,
1698770390534349056.000000,0.000000,1.005495,-3.649576,-4.291641,7.264935,
1698770390565354240.000000,0.000000,0.997804,-3.667440,-4.273534,7.264837,
1698770390601354240.000000,0.000000,0.987288,-3.691664,-4.249219,7.264575,
1698770390634354176.000000,0.000000,0.982921,-3.716295,-4.224733,7.264169,
1698770390670358528.000000,0.000000,0.972198,-3.741190,-4.199933,7.263495,
1698770390702358528.000000,0.000000,0.963822,-3.760039,-4.181192,7.262939,
1698770390738358528.000000,0.000000,0.960030,-3.785245,-4.156050,7.262145,
1698770390771362304.000000,0.000000,0.952492,-3.810340,-4.130847,7.261479,
1698770390802362368.000000,0.000000,0.944508,-3.829611,-4.111308,7.260998,
1698770390835365888.000000,0.000000,0.939653,-3.854892,-4.085269,7.260335,
1698770390871365888.000000,0.000000,0.933166,-3.880222,-4.058831,7.259851,
1698770390907365888.000000,0.000000,0.927861,-3.905626,-4.031890,7.259337,
1698770390936366080.000000,0.000000,0.925416,-3.924791,-4.011390,7.258871,
1698770390972371456.000000,0.000000,0.919140,-3.950102,-3.983610,7.258158,
1698770390999371520.000000,0.000000,0.913760,-3.969141,-3.962506,7.257687,
1698770391035375616.000000,0.000000,0.909779,-3.994581,-3.934021,7.257042,
1698770391066375680.000000,0.000000,0.903415,-4.013710,-3.912384,7.256431,
1698770391099375616.000000,0.000000,0.895753,-4.039082,-3.883350,7.255831,
1698770391135375616.000000,0.000000,0.892502,-4.064287,-3.854015,7.255315,
1698770391171379712.000000,0.000000,0.884422,-4.089413,-3.824058,7.254651,
1698770391200379904.000000,0.000000,0.877238,-4.108308,-3.801297,7.254191,
1698770391236379648.000000,0.000000,0.873264,-4.133654,-3.770678,7.253519,
1698770391272386048.000000,0.000000,0.863702,-4.159003,-3.739577,7.252539,
1698770391299385856.000000,0.000000,0.854782,-4.177966,-3.716009,7.251697,
1698770391336390144.000000,0.000000,0.850447,-4.203084,-3.684161,7.250566,
1698770391372389888.000000,0.000000,0.840118,-4.227864,-3.651717,7.249567,
1698770391399389952.000000,0.000000,0.829064,-4.246417,-3.627277,7.248863,
1698770391435389952.000000,0.000000,0.824586,-4.270980,-3.594665,7.248147,
1698770391473394176.000000,0.000000,0.814291,-4.295292,-3.562229,7.247931,
1698770391500393984.000000,0.000000,0.804855,-4.313371,-3.537870,7.247954,
1698770391536394240.000000,0.000000,0.800939,-4.337170,-3.505501,7.248117,
1698770391563398144.000000,0.000000,0.791270,-4.354857,-3.481242,7.248297,
1698770391603398144.000000,0.000000,0.783123,-4.378249,-3.448742,7.248698,
1698770391636401664.000000,0.000000,0.778022,-4.401349,-3.415946,7.249166,
1698770391672401920.000000,0.000000,0.767838,-4.424214,-3.382982,7.249751,
1698770391699401728.000000,0.000000,0.759269,-4.440998,-3.358127,7.250230,
1698770391740401664.000000,0.000000,0.756275,-4.462956,-3.324827,7.251020,
1698770391767407872.000000,0.000000,0.746197,-4.478976,-3.299675,7.251696,
1698770391800408064.000000,0.000000,0.737371,-4.499966,-3.265989,7.252732,
1698770391841411072.000000,0.000000,0.732979,-4.520541,-3.232219,7.253888,
1698770391867410944.000000,0.000000,0.725780,-4.535552,-3.206727,7.254772,
1698770391900410880.000000,0.000000,0.716681,-4.555265,-3.172828,7.256058,
1698770391936411136.000000,0.000000,0.712775,-4.574794,-3.139018,7.257349,
1698770391963416064.000000,0.000000,0.704649,-4.589500,-3.113705,7.258406,
1698770392004416000.000000,0.000000,0.696997,-4.609061,-3.079514,7.259594,
1698770392040419840.000000,0.000000,0.693104,-4.627855,-3.045867,7.260607,
1698770392073419776.000000,0.000000,0.686056,-4.645451,-3.013619,7.261797,
1698770392100419584.000000,0.000000,0.676360,-4.659166,-2.988264,7.262530,
1698770392136419840.000000,0.000000,0.671392,-4.677032,-2.954376,7.263347,
1698770392172424704.000000,0.000000,0.664145,-4.694523,-2.920297,7.264360,
1698770392203424768.000000,0.000000,0.656713,-4.707461,-2.894685,7.265036,
1698770392239428096.000000,0.000000,0.651502,-4.724420,-2.860483,7.266103,
1698770392266428160.000000,0.000000,0.644941,-4.736766,-2.834846,7.266974,
1698770392302428160.000000,0.000000,0.637750,-4.753042,-2.800570,7.268036,
1698770392337428224.000000,0.000000,0.634404,-4.769199,-2.766168,7.269065,
1698770392373433600.000000,0.000000,0.626359,-4.785307,-2.731418,7.270231,
1698770392400433664.000000,0.000000,0.619668,-4.797379,-2.705397,7.270957,
1698770392436433408.000000,0.000000,0.615782,-4.813385,-2.670691,7.271753,
1698770392467437312.000000,0.000000,0.609261,-4.825476,-2.644447,7.272316,
1698770392503437312.000000,0.000000,0.601958,-4.841821,-2.609442,7.272851,
1698770392539440384.000000,0.000000,0.596918,-4.857990,-2.574338,7.273269,
1698770392566440448.000000,0.000000,0.587365,-4.870035,-2.547987,7.273650,
1698770392601440512.000000,0.000000,0.576297,-4.886174,-2.512629,7.274006,
1698770392637440512.000000,0.000000,0.571440,-4.902391,-2.477231,7.274410,
1698770392673446144.000000,0.000000,0.559012,-4.918230,-2.441859,7.274940,
1698770392700446208.000000,0.000000,0.548982,-4.930166,-2.415277,7.275498,
1698770392738446080.000000,0.000000,0.544104,-4.946084,-2.379485,7.276414,
1698770392773449728.000000,0.000000,0.534650,-4.961780,-2.343124,7.277519,
1698770392801449728.000000,0.000000,0.523435,-4.973506,-2.315933,7.278358,
1698770392837449728.000000,0.000000,0.519795,-4.988938,-2.279764,7.279616,
1698770392868455424.000000,0.000000,0.511563,-5.001606,-2.249804,7.280837,
1698770392904455680.000000,0.000000,0.506704,-5.016602,-2.214075,7.282568,
1698770392940459008.000000,0.000000,0.503623,-5.031259,-2.178469,7.284356,
1698770392967458816.000000,0.000000,0.498706,-5.041797,-2.151849,7.285936,
1698770393008458752.000000,0.000000,0.494697,-5.055718,-2.116489,7.287990,
1698770393035458816.000000,0.000000,0.492631,-5.066004,-2.090061,7.289647,
1698770393071462144.000000,0.000000,0.487925,-5.079335,-2.054985,7.292079,
1698770393107462144.000000,0.000000,0.482768,-5.092359,-2.020061,7.294415,
1698770393140465664.000000,0.000000,0.479274,-5.104502,-1.986258,7.296707,
1698770393167465472.000000,0.000000,0.473650,-5.113847,-1.959555,7.298447,
1698770393194465536.000000,0.000000,0.467303,-5.123238,-1.932464,7.300174,
1698770393234469120.000000,0.000000,0.464040,-5.135249,-1.897113,7.302496,
1698770393270469120.000000,0.000000,0.455563,-5.146777,-1.861966,7.304760,
1698770393303469056.000000,0.000000,0.448071,-5.158155,-1.826916,7.306985,
1698770393330469120.000000,0.000000,0.444167,-5.166608,-1.800568,7.308560,
1698770393368473600.000000,0.000000,0.436962,-5.177740,-1.765294,7.310931,
1698770393404473856.000000,0.000000,0.427804,-5.188703,-1.730067,7.312997,
1698770393440473600.000000,0.000000,0.423283,-5.199503,-1.695023,7.314858,
1698770393471479296.000000,0.000000,0.415075,-5.207527,-1.668683,7.316042,
1698770393507479296.000000,0.000000,0.407397,-5.218187,-1.633599,7.317464,
1698770393534482944.000000,0.000000,0.403778,-5.226184,-1.607341,7.318501,
1698770393567482880.000000,0.000000,0.394551,-5.236690,-1.572708,7.319972,
1698770393605483008.000000,0.000000,0.387168,-5.247255,-1.537947,7.321247,
1698770393632482816.000000,0.000000,0.383599,-5.255108,-1.511710,7.322259,
1698770393668486656.000000,0.000000,0.374890,-5.265380,-1.476353,7.323902,
1698770393704486912.000000,0.000000,0.368320,-5.275550,-1.441092,7.325287,
1698770393741490432.000000,0.000000,0.364379,-5.285578,-1.405893,7.326695,
1698770393768490496.000000,0.000000,0.358131,-5.292951,-1.379569,7.327702,
1698770393804490240.000000,0.000000,0.351420,-5.302718,-1.344465,7.329004,
1698770393840494592.000000,0.000000,0.346399,-5.312107,-1.309339,7.330269,
1698770393867494656.000000,0.000000,0.339486,-5.318804,-1.283025,7.331468,
1698770393905494784.000000,0.000000,0.333979,-5.327576,-1.247966,7.333070,
1698770393941497344.000000,0.000000,0.329401,-5.336143,-1.212994,7.334840,
1698770393968497152.000000,0.000000,0.322805,-5.342377,-1.186604,7.336473,
1698770394008497152.000000,0.000000,0.314865,-5.350556,-1.151508,7.338678,
1698770394035500544.000000,0.000000,0.311314,-5.356422,-1.125182,7.340455,
1698770394071500544.000000,0.000000,0.302610,-5.363477,-1.089995,7.342854,
1698770394104500736.000000,0.000000,0.294509,-5.370374,-1.054951,7.345506,
1698770394131500544.000000,0.000000,0.290212,-5.375462,-1.028759,7.347478,
1698770394172505600.000000,0.000000,0.283715,-5.382287,-0.994182,7.350104,
1698770394205505792.000000,0.000000,0.275647,-5.388911,-0.959605,7.352828,
1698770394232505856.000000,0.000000,0.271190,-5.393686,-0.933817,7.354929,
1698770394268507648.000000,0.000000,0.262479,-5.399880,-0.899504,7.357928,
1698770394305507840.000000,0.000000,0.256294,-5.405902,-0.865195,7.360981,
1698770394333507840.000000,0.000000,0.250864,-5.410224,-0.839269,7.363429,
1698770394373512960.000000,0.000000,0.243819,-5.415451,-0.803906,7.366797,
1698770394406512896.000000,0.000000,0.236022,-5.420538,-0.769583,7.370010,
1698770394433512960.000000,0.000000,0.232909,-5.424062,-0.744103,7.372396,
1698770394469518080.000000,0.000000,0.225336,-5.428299,-0.710638,7.375783,
1698770394506518016.000000,0.000000,0.219621,-5.432252,-0.677201,7.378786,
1698770394534518016.000000,0.000000,0.215938,-5.435033,-0.652028,7.381003,
1698770394569523456.000000,0.000000,0.209305,-5.438336,-0.617890,7.383811,
1698770394605523456.000000,0.000000,0.203152,-5.441455,-0.583900,7.386250,
1698770394634527744.000000,0.000000,0.199129,-5.443458,-0.558500,7.387911,
1698770394670527744.000000,0.000000,0.191641,-5.445584,-0.524682,7.390089,
1698770394706527744.000000,0.000000,0.184524,-5.447435,-0.490847,7.391948,
1698770394733527808.000000,0.000000,0.181672,-5.448753,-0.465554,7.393385,
1698770394773530112.000000,0.000000,0.176152,-5.450435,-0.431815,7.395463,
1698770394800529920.000000,0.000000,0.170022,-5.451508,-0.406479,7.396854,
1698770394837534720.000000,0.000000,0.166633,-5.452640,-0.372668,7.398878,
1698770394872534528.000000,0.000000,0.161491,-5.453089,-0.338688,7.401345,
1698770394898534656.000000,0.000000,0.154354,-5.453359,-0.313146,7.403149,
1698770394934534656.000000,0.000000,0.150807,-5.453705,-0.279015,7.405540,
1698770394970539008.000000,0.000000,0.144220,-5.453674,-0.244505,7.408253,
1698770395006539008.000000,0.000000,0.138022,-5.453544,-0.209966,7.411052,
1698770395035543552.000000,0.000000,0.135187,-5.453314,-0.183982,7.413223,
1698770395070543616.000000,0.000000,0.128516,-5.452699,-0.149388,7.416333,
1698770395106543616.000000,0.000000,0.122245,-5.451980,-0.114769,7.419520,
1698770395134543616.000000,0.000000,0.119224,-5.451364,-0.088907,7.422175,
1698770395174548736.000000,0.000000,0.112626,-5.450569,-0.054683,7.426351,
1698770395207548672.000000,0.000000,0.104986,-5.449677,-0.020436,7.430621,
1698770395234548736.000000,0.000000,0.101410,-5.448671,0.005288,7.433895,
1698770395270554112.000000,0.000000,0.094737,-5.446667,0.039613,7.438490,
1698770395308554240.000000,0.000000,0.088613,-5.444523,0.073950,7.443145,
1698770395335554048.000000,0.000000,0.085537,-5.442685,0.099800,7.446687,
1698770395370556928.000000,0.000000,0.077947,-5.439757,0.134268,7.451645,
1698770395407556864.000000,0.000000,0.072035,-5.436683,0.168891,7.456709,
1698770395435561472.000000,0.000000,0.067835,-5.434228,0.194953,7.460614,
1698770395471561472.000000,0.000000,0.061073,-5.430668,0.229645,7.466076,
1698770395507561472.000000,0.000000,0.054935,-5.426906,0.264449,7.471629,
1698770395534566144.000000,0.000000,0.050889,-5.423835,0.290537,7.475741,
1698770395566566144.000000,0.000000,0.044624,-5.420435,0.316835,7.479895,
1698770395602566144.000000,0.000000,0.036457,-5.416076,0.350900,7.485256,
1698770395638566144.000000,0.000000,0.033489,-5.411450,0.385031,7.490609,
1698770395666569216.000000,0.000000,0.025470,-5.407273,0.413458,7.495118,
1698770395702569216.000000,0.000000,0.019171,-5.402066,0.447477,7.500484,
1698770395738569216.000000,0.000000,0.015989,-5.396435,0.481605,7.505619,
1698770395765571584.000000,0.000000,0.008119,-5.391909,0.507341,7.509644,
1698770395806571520.000000,0.000000,0.001194,-5.385706,0.541711,7.514830,
1698770395833571584.000000,0.000000,-0.002283,-5.380863,0.567560,7.518497,
1698770395869575680.000000,0.000000,-0.009775,-5.373785,0.602169,7.523782,
1698770395902575616.000000,0.000000,-0.016409,-5.366543,0.636673,7.528887,
1698770395939579904.000000,0.000000,-0.018943,-5.359063,0.671318,7.533999,
1698770395966579968.000000,0.000000,-0.024838,-5.353195,0.697652,7.538159,
1698770396002579968.000000,0.000000,-0.030799,-5.345285,0.732672,7.543488,
1698770396038579968.000000,0.000000,-0.033322,-5.337293,0.767541,7.548764,
1698770396070587136.000000,0.000000,-0.038646,-5.331039,0.793469,7.552983,
1698770396106587136.000000,0.000000,-0.043838,-5.322577,0.828109,7.558285,
1698770396133587200.000000,0.000000,-0.046430,-5.316103,0.853996,7.562053,
1698770396166591488.000000,0.000000,-0.052821,-5.307406,0.888560,7.567013,
1698770396203591424.000000,0.000000,-0.058238,-5.298864,0.923100,7.571792,
1698770396239591424.000000,0.000000,-0.060777,-5.290332,0.957768,7.576510,
1698770396266597888.000000,0.000000,-0.067275,-5.283873,0.983813,7.580263,
1698770396302597888.000000,0.000000,-0.073777,-5.275503,1.018409,7.585103,
1698770396340601856.000000,0.000000,-0.076730,-5.267389,1.052850,7.590033,
1698770396367601920.000000,0.000000,-0.083358,-5.261458,1.078688,7.593801,
1698770396403601920.000000,0.000000,-0.091986,-5.253931,1.113007,7.598539,
1698770396439606272.000000,0.000000,-0.096740,-5.246845,1.147439,7.602988,
1698770396470606336.000000,0.000000,-0.103976,-5.241729,1.173442,7.606203,
1698770396503606272.000000,0.000000,-0.112721,-5.235155,1.208082,7.610289,
1698770396539610368.000000,0.000000,-0.117158,-5.228554,1.242533,7.614151,
1698770396566610432.000000,0.000000,-0.123925,-5.223322,1.268251,7.617260,
1698770396607610368.000000,0.000000,-0.131677,-5.216367,1.302490,7.621199,
1698770396634610432.000000,0.000000,-0.134663,-5.211185,1.328042,7.624211,
1698770396667616512.000000,0.000000,-0.142183,-5.204380,1.361846,7.628603,
1698770396703616512.000000,0.000000,-0.148161,-5.197306,1.395491,7.632843,
1698770396735616512.000000,0.000000,-0.150954,-5.191844,1.420578,7.636080,
1698770396770622976.000000,0.000000,-0.157848,-5.184191,1.454501,7.640669,
1698770396794622976.000000,0.000000,-0.165146,-5.178288,1.479501,7.644004,
1698770396832623104.000000,0.000000,-0.168581,-5.170253,1.512513,7.648398,
1698770396868627456.000000,0.000000,-0.175779,-5.161798,1.545982,7.653472,
1698770396904627712.000000,0.000000,-0.183541,-5.153044,1.579331,7.658267,
1698770396931631104.000000,0.000000,-0.187876,-5.146394,1.604067,7.661761,
1698770396971631104.000000,0.000000,-0.194528,-5.137280,1.636657,7.666699,
1698770397007631104.000000,0.000000,-0.202101,-5.127940,1.669011,7.671511,
1698770397035635200.000000,0.000000,-0.205299,-5.120843,1.693161,7.675028,
1698770397067635200.000000,0.000000,-0.211271,-5.111051,1.725126,7.679441,
1698770397105635328.000000,0.000000,-0.218343,-5.101212,1.756957,7.683718,
1698770397132635136.000000,0.000000,-0.221154,-5.093671,1.780834,7.686778,
1698770397168638976.000000,0.000000,-0.226198,-5.083424,1.812439,7.690777,
1698770397204639232.000000,0.000000,-0.231779,-5.073009,1.843971,7.694628,
1698770397233639168.000000,0.000000,-0.234234,-5.064950,1.867664,7.697504,
1698770397268645888.000000,0.000000,-0.240257,-5.053680,1.899331,7.701685,
1698770397304645632.000000,0.000000,-0.245751,-5.042133,1.930933,7.705543,
1698770397332645888.000000,0.000000,-0.249934,-5.033400,1.954623,7.708370,
1698770397369650176.000000,0.000000,-0.257132,-5.021588,1.986246,7.712129,
1698770397405650176.000000,0.000000,-0.265338,-5.009558,2.017854,7.715889,
1698770397432650240.000000,0.000000,-0.269875,-5.000482,2.041609,7.718848,
1698770397468654080.000000,0.000000,-0.278340,-4.988458,2.073305,7.723145,
1698770397505654272.000000,0.000000,-0.285113,-4.976193,2.105176,7.727527,
1698770397533654272.000000,0.000000,-0.288717,-4.966682,2.129071,7.730892,
1698770397568658944.000000,0.000000,-0.297518,-4.953493,2.160659,7.735728,
1698770397595658752.000000,0.000000,-0.305024,-4.943394,2.184347,7.739461,
1698770397633662976.000000,0.000000,-0.308405,-4.929482,2.215971,7.744613,
1698770397669662976.000000,0.000000,-0.316043,-4.914905,2.247547,7.750013,
1698770397705662976.000000,0.000000,-0.322442,-4.900031,2.279090,7.755585,
1698770397732662784.000000,0.000000,-0.325936,-4.888846,2.302616,7.759947,
1698770397772668928.000000,0.000000,-0.330820,-4.873956,2.333601,7.766055,
1698770397800669184.000000,0.000000,-0.337739,-4.862600,2.356815,7.770649,
1698770397836668928.000000,0.000000,-0.340289,-4.847315,2.387731,7.776763,
1698770397869675776.000000,0.000000,-0.346005,-4.831741,2.418801,7.782924,
1698770397906675712.000000,0.000000,-0.351806,-4.815960,2.449801,7.788994,
1698770397933679616.000000,0.000000,-0.354248,-4.804036,2.472987,7.793374,
1698770397969679616.000000,0.000000,-0.359456,-4.788141,2.503379,7.798966,
1698770398005679616.000000,0.000000,-0.365370,-4.771746,2.534251,7.804314,
1698770398041683456.000000,0.000000,-0.368034,-4.755072,2.564972,7.809493,
1698770398073683456.000000,0.000000,-0.372472,-4.742342,2.587868,7.813394,
1698770398100683264.000000,0.000000,-0.379383,-4.729452,2.610660,7.817089,
1698770398136683520.000000,0.000000,-0.382162,-4.712097,2.640937,7.822074,
1698770398172687360.000000,0.000000,-0.388407,-4.694537,2.671388,7.827485,
1698770398205687296.000000,0.000000,-0.394510,-4.677480,2.700460,7.832381,
1698770398232687104.000000,0.000000,-0.399311,-4.663984,2.723083,7.836149,
1698770398268689920.000000,0.000000,-0.405563,-4.646002,2.753139,7.841246,
1698770398304689664.000000,0.000000,-0.413133,-4.627756,2.783092,7.846074,
1698770398332689920.000000,0.000000,-0.416803,-4.613896,2.805461,7.849639,
1698770398368693248.000000,0.000000,-0.423576,-4.595083,2.835281,7.854546,
1698770398404693504.000000,0.000000,-0.430198,-4.576127,2.864950,7.859275,
1698770398440696832.000000,0.000000,-0.435061,-4.557070,2.894507,7.864307,
1698770398469697024.000000,0.000000,-0.441077,-4.542652,2.916598,7.868187,
1698770398505697024.000000,0.000000,-0.448304,-4.523399,2.945871,7.873229,
1698770398532697088.000000,0.000000,-0.451597,-4.508916,2.967691,7.877081,
1698770398568699904.000000,0.000000,-0.459178,-4.489615,2.996414,7.882480,
1698770398605699840.000000,0.000000,-0.465741,-4.470258,3.024966,7.887932,
1698770398641703680.000000,0.000000,-0.470726,-4.450505,3.053272,7.893582,
1698770398668703744.000000,0.000000,-0.477192,-4.435465,3.074389,7.898015,
1698770398704703488.000000,0.000000,-0.484332,-4.415130,3.102520,7.903884,
1698770398733707520.000000,0.000000,-0.486393,-4.399767,3.123483,7.908223,
1698770398769707520.000000,0.000000,-0.493609,-4.379374,3.151312,7.914033,
1698770398805707520.000000,0.000000,-0.500415,-4.358715,3.179027,7.919663,
1698770398832707584.000000,0.000000,-0.504006,-4.343058,3.199697,7.923736,
1698770398872709632.000000,0.000000,-0.509899,-4.321927,3.227577,7.929176,
1698770398899709440.000000,0.000000,-0.516214,-4.305833,3.248401,7.933030,
1698770398935709440.000000,0.000000,-0.519219,-4.284175,3.276127,7.937939,
1698770398968713216.000000,0.000000,-0.526177,-4.262715,3.303402,7.942688,
1698770399000713216.000000,0.000000,-0.533688,-4.246527,3.323798,7.946025,
1698770399036717056.000000,0.000000,-0.536713,-4.224726,3.350955,7.950276,
1698770399069716992.000000,0.000000,-0.543521,-4.202458,3.378089,7.954257,
1698770399105716992.000000,0.000000,-0.549972,-4.180099,3.405107,7.957991,
1698770399136716800.000000,0.000000,-0.552555,-4.163240,3.425165,7.960727,
1698770399172722176.000000,0.000000,-0.557673,-4.140501,3.451786,7.964599,
1698770399207722240.000000,0.000000,-0.564857,-4.117983,3.477854,7.968179,
1698770399234722304.000000,0.000000,-0.567715,-4.100876,3.497397,7.970735,
1698770399270727680.000000,0.000000,-0.573899,-4.077852,3.523524,7.974227,
1698770399306727680.000000,0.000000,-0.579238,-4.054635,3.549511,7.977505,
1698770399338727680.000000,0.000000,-0.581568,-4.037043,3.568824,7.979904,
1698770399373731328.000000,0.000000,-0.586194,-4.013427,3.594232,7.983256,
1698770399400731136.000000,0.000000,-0.592347,-3.995619,3.613185,7.985698,
1698770399437734912.000000,0.000000,-0.595893,-3.971756,3.638236,7.988826,
1698770399471734784.000000,0.000000,-0.602427,-3.947899,3.663003,7.992057,
1698770399498734848.000000,0.000000,-0.609880,-3.929870,3.681512,7.994530,
1698770399534734848.000000,0.000000,-0.612965,-3.905622,3.706132,7.997923,
1698770399570738688.000000,0.000000,-0.619428,-3.881224,3.730989,8.001681,
1698770399607738624.000000,0.000000,-0.625269,-3.856577,3.755665,8.005519,
1698770399635738624.000000,0.000000,-0.628052,-3.837965,3.774018,8.008390,
1698770399670742272.000000,0.000000,-0.635288,-3.812999,3.798380,8.012310,
1698770399706742272.000000,0.000000,-0.641478,-3.787796,3.822562,8.016291,
1698770399737742336.000000,0.000000,-0.644432,-3.768635,3.840513,8.019234,
1698770399772749312.000000,0.000000,-0.650698,-3.742744,3.864183,8.023182,
1698770399809749248.000000,0.000000,-0.658162,-3.716618,3.887786,8.027027,
1698770399835752704.000000,0.000000,-0.662048,-3.696858,3.905345,8.029745,
1698770399872752640.000000,0.000000,-0.668565,-3.670596,3.929271,8.033683,
1698770399907752704.000000,0.000000,-0.674883,-3.644122,3.953105,8.037584,
1698770399935756288.000000,0.000000,-0.678730,-3.624088,3.970893,8.040428,
1698770399970756352.000000,0.000000,-0.684714,-3.597159,3.993757,8.044675,
1698770399999756288.000000,0.000000,-0.690384,-3.576945,4.010875,8.047828,
1698770400035756288.000000,0.000000,-0.692810,-3.549859,4.033663,8.052001,
1698770400071761152.000000,0.000000,-0.697462,-3.522574,4.056607,8.056389,
1698770400107761152.000000,0.000000,-0.703912,-3.495244,4.079520,8.060570,
1698770400136761344.000000,0.000000,-0.706516,-3.474865,4.096479,8.063617,
1698770400169765120.000000,0.000000,-0.711861,-3.450086,4.116875,8.067388,
1698770400205765120.000000,0.000000,-0.718559,-3.422943,4.138939,8.071184,
1698770400232764928.000000,0.000000,-0.721236,-3.402486,4.155406,8.073869,
1698770400272770048.000000,0.000000,-0.726328,-3.372573,4.178872,8.077649,
1698770400299769856.000000,0.000000,-0.733291,-3.351761,4.194952,8.080128,
1698770400335773184.000000,0.000000,-0.736596,-3.323481,4.216828,8.083317,
1698770400367773184.000000,0.000000,-0.741563,-3.300192,4.235057,8.085805,
1698770400403773184.000000,0.000000,-0.747752,-3.272015,4.256777,8.088551,
1698770400439777536.000000,0.000000,-0.750837,-3.243561,4.278096,8.091014,
1698770400466777600.000000,0.000000,-0.756358,-3.222157,4.293800,8.092741,
1698770400506777600.000000,0.000000,-0.761514,-3.190900,4.316490,8.094715,
1698770400533780992.000000,0.000000,-0.764416,-3.169208,4.332184,8.095926,
1698770400569780992.000000,0.000000,-0.769676,-3.140081,4.353116,8.097396,
1698770400605780992.000000,0.000000,-0.775023,-3.110821,4.373918,8.098589,
1698770400637784320.000000,0.000000,-0.778120,-3.086404,4.391081,8.099286,
1698770400673784320.000000,0.000000,-0.783807,-3.056849,4.411710,8.100148,
1698770400700784128.000000,0.000000,-0.788464,-3.034578,4.427064,8.100556,
1698770400736784384.000000,0.000000,-0.790514,-3.004959,4.447453,8.100870,
1698770400767789056.000000,0.000000,-0.796233,-2.980415,4.464405,8.100887,
1698770400803789056.000000,0.000000,-0.801593,-2.950801,4.484661,8.100762,
1698770400839789056.000000,0.000000,-0.805062,-2.921156,4.504747,8.100580,
1698770400866794496.000000,0.000000,-0.811128,-2.898864,4.519821,8.100570,
1698770400907794432.000000,0.000000,-0.816694,-2.866556,4.541448,8.100345,
1698770400934794496.000000,0.000000,-0.819816,-2.844134,4.556356,8.100188,
1698770400970800384.000000,0.000000,-0.825696,-2.814338,4.576215,8.100385,
1698770400997800448.000000,0.000000,-0.831822,-2.791939,4.591053,8.100456,
1698770401038800384.000000,0.000000,-0.834299,-2.759705,4.612267,8.100548,
1698770401073805312.000000,0.000000,-0.840142,-2.730120,4.631430,8.100818,
1698770401100805120.000000,0.000000,-0.846613,-2.708003,4.645732,8.100977,
1698770401136805376.000000,0.000000,-0.849277,-2.678605,4.664812,8.101348,
1698770401168811520.000000,0.000000,-0.855414,-2.654017,4.680706,8.101804,
1698770401204811776.000000,0.000000,-0.862289,-2.624503,4.699772,8.102486,
1698770401240814592.000000,0.000000,-0.865685,-2.595434,4.718973,8.103478,
1698770401267814656.000000,0.000000,-0.872472,-2.573882,4.733364,8.104341,
1698770401307814656.000000,0.000000,-0.878000,-2.542918,4.753779,8.105425,
1698770401334814720.000000,0.000000,-0.881424,-2.521484,4.767742,8.106297,
1698770401370820864.000000,0.000000,-0.887288,-2.492798,4.785853,8.107452,
1698770401397820928.000000,0.000000,-0.893074,-2.471170,4.799444,8.108269,
1698770401438820864.000000,0.000000,-0.896487,-2.442111,4.817455,8.109119,
1698770401474827008.000000,0.000000,-0.901383,-2.412814,4.835481,8.109785,
1698770401501827072.000000,0.000000,-0.907397,-2.390780,4.848805,8.110143,
1698770401538827008.000000,0.000000,-0.909967,-2.358502,4.868223,8.110411,
1698770401574832640.000000,0.000000,-0.916030,-2.329062,4.885612,8.110393,
1698770401601832704.000000,0.000000,-0.921295,-2.306836,4.898394,8.110232,
1698770401633832704.000000,0.000000,-0.923692,-2.284519,4.910927,8.110161,
1698770401669839872.000000,0.000000,-0.928646,-2.254479,4.927224,8.110200,
1698770401705839872.000000,0.000000,-0.933218,-2.224215,4.943311,8.110064,
1698770401738843904.000000,0.000000,-0.935912,-2.193773,4.959084,8.109689,
1698770401766843904.000000,0.000000,-0.940349,-2.170874,4.970759,8.109417,
1698770401802843904.000000,0.000000,-0.946034,-2.139990,4.986059,8.108948,
1698770401839843840.000000,0.000000,-0.948459,-2.108856,5.001094,8.108555,
1698770401865848576.000000,0.000000,-0.954263,-2.085301,5.012185,8.108369,
1698770401903848448.000000,0.000000,-0.959582,-2.053652,5.026771,8.108052,
1698770401939852800.000000,0.000000,-0.962738,-2.021808,5.041173,8.107694,
1698770401966852864.000000,0.000000,-0.968251,-1.997992,5.051902,8.107498,
1698770402002852864.000000,0.000000,-0.974785,-1.965970,5.066106,8.107261,
1698770402040852992.000000,0.000000,-0.977150,-1.933681,5.080115,8.107055,
1698770402066859008.000000,0.000000,-0.982431,-1.909059,5.090267,8.106879,
1698770402102859008.000000,0.000000,-0.987380,-1.876080,5.103701,8.106709,
1698770402139863296.000000,0.000000,-0.990683,-1.843003,5.117134,8.106513,
1698770402170863360.000000,0.000000,-0.996675,-1.818418,5.127355,8.106228,
1698770402206863360.000000,0.000000,-1.002545,-1.785310,5.141028,8.105946,
1698770402233867264.000000,0.000000,-1.005234,-1.760375,5.151209,8.105730,
1698770402266867200.000000,0.000000,-1.012881,-1.726988,5.164589,8.105321,
1698770402304867328.000000,0.000000,-1.018503,-1.693454,5.177880,8.104919,
1698770402340869632.000000,0.000000,-1.023497,-1.659793,5.191093,8.104362,
1698770402366869504.000000,0.000000,-1.030437,-1.634481,5.201094,8.103834,
1698770402403869440.000000,0.000000,-1.038343,-1.600561,5.214355,8.103041,
1698770402434869504.000000,0.000000,-1.040156,-1.575045,5.224325,8.102428,
1698770402470873600.000000,0.000000,-1.047129,-1.540710,5.237617,8.101656,
1698770402506873600.000000,0.000000,-1.052391,-1.506237,5.250554,8.100937,
1698770402539873536.000000,0.000000,-1.055518,-1.471600,5.263142,8.100176,
1698770402571878656.000000,0.000000,-1.060290,-1.445627,5.272231,8.099360,
1698770402598878720.000000,0.000000,-1.066266,-1.419520,5.281187,8.098630,
1698770402639880960.000000,0.000000,-1.069287,-1.375670,5.295479,8.097318,
1698770402666881024.000000,0.000000,-1.075180,-1.349276,5.303653,8.096468,
1698770402704881152.000000,0.000000,-1.080570,-1.313979,5.314161,8.095361,
1698770402731884288.000000,0.000000,-1.083425,-1.286972,5.322035,8.094600,
1698770402767884288.000000,0.000000,-1.089939,-1.251423,5.332295,8.093712,
1698770402805884416.000000,0.000000,-1.097080,-1.215724,5.342031,8.092814,
1698770402832884224.000000,0.000000,-1.099841,-1.188837,5.349049,8.092188,
1698770402868889088.000000,0.000000,-1.106223,-1.153119,5.357935,8.091513,
1698770402904888832.000000,0.000000,-1.112614,-1.117275,5.366385,8.090869,
1698770402932889088.000000,0.000000,-1.115227,-1.090218,5.372410,8.090335,
1698770402968894464.000000,0.000000,-1.121241,-1.053892,5.380332,8.089630,
1698770403004894208.000000,0.000000,-1.127186,-1.017403,5.387845,8.088721,
1698770403031894272.000000,0.000000,-1.129746,-0.990020,5.393160,8.087864,
1698770403069896704.000000,0.000000,-1.136025,-0.953417,5.400548,8.086364,
1698770403105896704.000000,0.000000,-1.142741,-0.916598,5.407466,8.084766,
1698770403132896768.000000,0.000000,-1.145576,-0.888955,5.412414,8.083473,
1698770403168900608.000000,0.000000,-1.152699,-0.851963,5.418607,8.081542,
1698770403199900672.000000,0.000000,-1.159797,-0.824183,5.423007,8.080036,
1698770403235900672.000000,0.000000,-1.162919,-0.787045,5.428902,8.078140,
1698770403271905280.000000,0.000000,-1.169793,-0.749709,5.434854,8.076474,
1698770403304905216.000000,0.000000,-1.177681,-0.712335,5.440658,8.074889,
1698770403333909760.000000,0.000000,-1.181364,-0.684293,5.445053,8.073723,
1698770403369909760.000000,0.000000,-1.188565,-0.647054,5.451125,8.072273,
1698770403405909760.000000,0.000000,-1.195038,-0.609630,5.457091,8.070975,
1698770403432909824.000000,0.000000,-1.197750,-0.581464,5.461360,8.069978,
1698770403472915456.000000,0.000000,-1.203217,-0.543858,5.466741,8.068675,
1698770403499915520.000000,0.000000,-1.208886,-0.515694,5.470711,8.067777,
1698770403535915520.000000,0.000000,-1.211262,-0.478098,5.475878,8.066594,
1698770403568920064.000000,0.000000,-1.218090,-0.440393,5.481190,8.065424,
1698770403606920192.000000,0.000000,-1.224671,-0.402642,5.486393,8.064336,
1698770403633920256.000000,0.000000,-1.227604,-0.374451,5.490140,8.063553,
1698770403669925120.000000,0.000000,-1.234442,-0.336959,5.494930,8.062624,
1698770403696925184.000000,0.000000,-1.241534,-0.308934,5.498343,8.061855,
1698770403736929280.000000,0.000000,-1.244755,-0.271816,5.502806,8.060872,
1698770403772929024.000000,0.000000,-1.251264,-0.234842,5.507153,8.059763,
1698770403805929216.000000,0.000000,-1.260510,-0.197926,5.511363,8.058546,
1698770403832929280.000000,0.000000,-1.263802,-0.170177,5.514423,8.057469,
1698770403873933056.000000,0.000000,-1.270101,-0.133427,5.518449,8.055590,
1698770403906932992.000000,0.000000,-1.278503,-0.096659,5.522175,8.053628,
1698770403934936832.000000,0.000000,-1.281498,-0.068464,5.524874,8.052039,
1698770403970936832.000000,0.000000,-1.287663,-0.031636,5.527621,8.049865,
1698770404006936832.000000,0.000000,-1.292754,0.005121,5.530079,8.047702,
1698770404034940416.000000,0.000000,-1.295738,0.032749,5.531826,8.046073,
1698770404071940352.000000,0.000000,-1.301090,0.069503,5.533875,8.043855,
1698770404098940416.000000,0.000000,-1.306211,0.097090,5.535310,8.042256,
1698770404134940416.000000,0.000000,-1.308775,0.133924,5.536996,8.040282,
1698770404170944768.000000,0.000000,-1.315558,0.170745,5.538165,8.038579,
1698770404198944768.000000,0.000000,-1.321343,0.198414,5.538922,8.037440,
1698770404235944704.000000,0.000000,-1.324222,0.235230,5.539751,8.036151,
1698770404270949632.000000,0.000000,-1.331793,0.271826,5.540561,8.035041,
1698770404306949632.000000,0.000000,-1.338059,0.308495,5.541201,8.034223,
1698770404335949568.000000,0.000000,-1.341064,0.336111,5.541561,8.033813,
1698770404371953664.000000,0.000000,-1.348518,0.373235,5.541820,8.033269,
1698770404398953728.000000,0.000000,-1.357402,0.401039,5.541808,8.032982,
