1.700672657400699648e+18,1.522673709999999936e+01,-6.141922199999999776e+01,6.467000484466552734e+00,-3.700000047683715820e-02
1.700672657710758144e+18,1.522673769999999926e+01,-6.141922229999999416e+01,6.488000392913818359e+00,-1.600000075995922089e-02
1.700672657946846208e+18,1.522673869999999852e+01,-6.141922220000000010e+01,6.526000499725341797e+00,1.900000125169754028e-02
1.700672658291019776e+18,1.522673979999999894e+01,-6.141922189999999659e+01,6.556000232696533203e+00,4.900000244379043579e-02
1.700672658558875904e+18,1.522674089999999936e+01,-6.141922179999999543e+01,6.571000099182128906e+00,6.400000303983688354e-02
1.700672658933584896e+18,1.522674199999999978e+01,-6.141922189999999659e+01,6.574000358581542969e+00,6.700000166893005371e-02
1.700672659131962368e+18,1.522674299999999903e+01,-6.141922179999999543e+01,6.566000461578369141e+00,6.000000238418579102e-02
1.700672659359487744e+18,1.522674379999999950e+01,-6.141922139999999786e+01,6.558000087738037109e+00,5.100000277161598206e-02
1.700672659696251648e+18,1.522674479999999875e+01,-6.141922129999999669e+01,6.558000087738037109e+00,0.000000000000000000e+00
1.700672660020764160e+18,1.522674609999999973e+01,-6.141922149999999903e+01,6.577000141143798828e+00,1.900000125169754028e-02
1.700672660288951808e+18,1.522674750000000010e+01,-6.141922179999999543e+01,6.621000289916992188e+00,6.300000101327896118e-02
1.700672660507166720e+18,1.522674869999999991e+01,-6.141922139999999786e+01,6.672000408172607422e+00,1.140000075101852417e-01
1.700672660848547584e+18,1.522674989999999973e+01,-6.141922119999999552e+01,6.731000423431396484e+00,1.730000078678131104e-01
1.700672661124595712e+18,1.522675139999999949e+01,-6.141922089999999912e+01,6.790000438690185547e+00,2.320000082254409790e-01
1.700672661456928000e+18,1.522675299999999865e+01,-6.141922069999999678e+01,6.836000442504882812e+00,4.000000283122062683e-02
1.700672661660940544e+18,1.522675419999999846e+01,-6.141922069999999678e+01,6.863000392913818359e+00,6.599999964237213135e-02
1.700672662000388608e+18,1.522675519999999949e+01,-6.141922079999999795e+01,6.872000217437744141e+00,7.600000500679016113e-02
1.700672662236042240e+18,1.522675609999999935e+01,-6.141922129999999669e+01,6.872000217437744141e+00,7.600000500679016113e-02
1.700672662566729728e+18,1.522675699999999921e+01,-6.141922179999999543e+01,6.869000434875488281e+00,7.300000637769699097e-02
1.700672662848918016e+18,1.522675799999999846e+01,-6.141922229999999416e+01,6.863000392913818359e+00,6.700000166893005371e-02
1.700672663175633664e+18,1.522675920000000005e+01,-6.141922259999999767e+01,6.852000236511230469e+00,-9.000000543892383575e-03
1.700672663389127936e+18,1.522676039999999986e+01,-6.141922269999999884e+01,6.848000526428222656e+00,-1.300000026822090149e-02
1.700672663712823552e+18,1.522676149999999851e+01,-6.141922269999999884e+01,6.844000339508056641e+00,-1.700000092387199402e-02
1.700672663984270080e+18,1.522676240000000014e+01,-6.141922259999999767e+01,6.825000286102294922e+00,-3.600000217556953430e-02
1.700672664318739968e+18,1.522676319999999883e+01,-6.141922280000000001e+01,6.803000450134277344e+00,-5.800000205636024475e-02
1.700672664558248192e+18,1.522676379999999874e+01,-6.141922299999999524e+01,6.775000095367431641e+00,-8.600000292062759399e-02
1.700672664876617216e+18,1.522676479999999977e+01,-6.141922299999999524e+01,6.746000289916992188e+00,-3.000000026077032089e-03
1.700672665126225408e+18,1.522676629999999953e+01,-6.141922309999999641e+01,6.723000526428222656e+00,-2.700000070035457611e-02
1.700672665439678464e+18,1.522676759999999874e+01,-6.141922319999999758e+01,6.721000194549560547e+00,-2.900000102818012238e-02
1.700672665702716928e+18,1.522676859999999976e+01,-6.141922299999999524e+01,6.736000537872314453e+00,-1.400000043213367462e-02
1.700672666081959936e+18,1.522676929999999906e+01,-6.141922259999999767e+01,6.747000217437744141e+00,-2.000000094994902611e-03
1.700672666267316736e+18,1.522676979999999958e+01,-6.141922220000000010e+01,6.768000125885009766e+00,1.800000108778476715e-02
1.700672666592129792e+18,1.522677039999999948e+01,-6.141922199999999776e+01,6.793000221252441406e+00,4.300000146031379700e-02
1.700672666841831424e+18,1.522677099999999939e+01,-6.141922189999999659e+01,6.814000129699707031e+00,6.300000101327896118e-02
1.700672667265955584e+18,1.522677179999999986e+01,-6.141922169999999426e+01,6.827000141143798828e+00,7.000000216066837311e-03
1.700672667399873536e+18,1.522677279999999911e+01,-6.141922149999999903e+01,6.851000308990478516e+00,3.000000119209289551e-02
1.700672667760823296e+18,1.522677399999999892e+01,-6.141922149999999903e+01,6.889000415802001953e+00,6.800000369548797607e-02
1.700672668011140608e+18,1.522677519999999873e+01,-6.141922149999999903e+01,6.919000148773193359e+00,9.900000691413879395e-02
1.700672668305680128e+18,1.522677609999999859e+01,-6.141922119999999552e+01,6.950000286102294922e+00,1.290000081062316895e-01
1.700672668594359296e+18,1.522677689999999906e+01,-6.141922089999999912e+01,6.974000453948974609e+00,1.530000120401382446e-01
1.700672668979856128e+18,1.522677769999999953e+01,-6.141922079999999795e+01,6.988000392913818359e+00,1.670000106096267700e-01
1.700672669183095040e+18,1.522677869999999878e+01,-6.141922100000000029e+01,6.987000465393066406e+00,-3.000000026077032089e-03
1.700672669462759424e+18,1.522677969999999981e+01,-6.141922160000000019e+01,6.984000205993652344e+00,-6.000000052154064178e-03
1.700672669728023040e+18,1.522678099999999901e+01,-6.141922229999999416e+01,6.999000549316406250e+00,8.000000379979610443e-03
1.700672669983977216e+18,1.522678219999999882e+01,-6.141922259999999767e+01,7.052000522613525391e+00,6.100000441074371338e-02
1.700672670336020480e+18,1.522678339999999864e+01,-6.141922259999999767e+01,7.130000114440917969e+00,1.390000134706497192e-01
1.700672670524783104e+18,1.522678449999999906e+01,-6.141922229999999416e+01,7.216000556945800781e+00,2.260000109672546387e-01
1.700672670865078528e+18,1.522678529999999952e+01,-6.141922239999999533e+01,7.281000137329101562e+00,5.600000172853469849e-02
1.700672671149038848e+18,1.522678619999999938e+01,-6.141922299999999524e+01,7.316000461578369141e+00,9.200000762939453125e-02
1.700672671488163840e+18,1.522678709999999924e+01,-6.141922369999999631e+01,7.319000244140625000e+00,9.400000423192977905e-02
1.700672671690148096e+18,1.522678799999999910e+01,-6.141922369999999631e+01,7.306000232696533203e+00,8.200000226497650146e-02
1.700672672038058752e+18,1.522678859999999901e+01,-6.141922289999999407e+01,7.306000232696533203e+00,8.200000226497650146e-02
1.700672672267131904e+18,1.522678930000000008e+01,-6.141922220000000010e+01,7.313000202178955078e+00,8.900000154972076416e-02
1.700672672605081088e+18,1.522679019999999994e+01,-6.141922209999999893e+01,7.333000183105468750e+00,1.090000048279762268e-01
1.700672672840745728e+18,1.522679129999999859e+01,-6.141922329999999874e+01,7.365000247955322266e+00,5.000000353902578354e-03
1.700672673244192000e+18,1.522679280000000013e+01,-6.141922499999999729e+01,7.380000114440917969e+00,2.000000141561031342e-02
1.700672673417817856e+18,1.522679429999999989e+01,-6.141922599999999477e+01,7.362000465393066406e+00,2.000000094994902611e-03
1.700672673743620864e+18,1.522679549999999971e+01,-6.141922569999999837e+01,7.328000545501708984e+00,-3.100000135600566864e-02
1.700672673998439168e+18,1.522679619999999900e+01,-6.141922429999999622e+01,7.283000469207763672e+00,-7.600000500679016113e-02
1.700672674367770624e+18,1.522679679999999891e+01,-6.141922319999999758e+01,7.224000453948974609e+00,-1.350000053644180298e-01
1.700672674602071808e+18,1.522679779999999994e+01,-6.141922289999999407e+01,7.158000469207763672e+00,-2.010000050067901611e-01
1.700672674916869888e+18,1.522679939999999910e+01,-6.141922379999999748e+01,7.104000568389892578e+00,-5.200000107288360596e-02
1.700672675166649344e+18,1.522680089999999886e+01,-6.141922469999999379e+01,7.060000419616699219e+00,-9.500000625848770142e-02
1.700672675480283648e+18,1.522680199999999928e+01,-6.141922489999999613e+01,7.011000156402587891e+00,-1.450000107288360596e-01
1.700672675744300544e+18,1.522680279999999975e+01,-6.141922449999999856e+01,6.970000267028808594e+00,-1.860000044107437134e-01
1.700672676108309248e+18,1.522680349999999905e+01,-6.141922379999999748e+01,6.956000328063964844e+00,-2.000000029802322388e-01
1.700672676307778048e+18,1.522680429999999951e+01,-6.141922329999999874e+01,6.982000350952148438e+00,-1.740000098943710327e-01
1.700672676576545024e+18,1.522680519999999937e+01,-6.141922329999999874e+01,7.028000354766845703e+00,3.400000184774398804e-02
1.700672676882716416e+18,1.522680609999999923e+01,-6.141922389999999865e+01,7.089000225067138672e+00,9.500000625848770142e-02
1.700672677165424640e+18,1.522680699999999909e+01,-6.141922459999999973e+01,7.157000541687011719e+00,1.630000025033950806e-01
1.700672677472481536e+18,1.522680779999999956e+01,-6.141922479999999496e+01,7.196000576019287109e+00,2.020000070333480835e-01
1.700672677693146368e+18,1.522680869999999942e+01,-6.141922449999999856e+01,7.224000453948974609e+00,2.290000170469284058e-01
1.700672678018632960e+18,1.522680929999999933e+01,-6.141922369999999631e+01,7.255000114440917969e+00,2.610000073909759521e-01
1.700672678378901760e+18,1.522680979999999984e+01,-6.141922299999999524e+01,7.289000511169433594e+00,2.950000166893005371e-01
1.700672678629092864e+18,1.522681029999999858e+01,-6.141922280000000001e+01,7.322000503540039062e+00,3.280000090599060059e-01
1.700672678938333952e+18,1.522681099999999965e+01,-6.141922339999999991e+01,7.354000568389892578e+00,3.600000143051147461e-01
1.700672679188833024e+18,1.522681199999999890e+01,-6.141922409999999388e+01,7.382000446319580078e+00,1.600000075995922089e-02
1.700672679437641216e+18,1.522681309999999932e+01,-6.141922479999999496e+01,7.392000198364257812e+00,2.700000070035457611e-02
1.700672679769410048e+18,1.522681359999999984e+01,-6.141922469999999379e+01,7.378000259399414062e+00,1.200000010430812836e-02
1.700672680015392256e+18,1.522681379999999862e+01,-6.141922349999999398e+01,7.349000453948974609e+00,-1.500000059604644775e-02
1.700672680370690048e+18,1.522681409999999858e+01,-6.141922199999999776e+01,7.339000225067138672e+00,-2.500000037252902985e-02
1.700672680588134656e+18,1.522681509999999960e+01,-6.141922149999999903e+01,7.343000411987304688e+00,-2.100000157952308655e-02
1.700672680912088320e+18,1.522681639999999881e+01,-6.141922229999999416e+01,7.347000122070312500e+00,-1.800000108778476715e-02
1.700672681256147456e+18,1.522681769999999979e+01,-6.141922339999999991e+01,7.335000514984130859e+00,-2.900000102818012238e-02
1.700672681507582208e+18,1.522681859999999965e+01,-6.141922359999999514e+01,7.313000202178955078e+00,-1.900000125169754028e-02
1.700672681742069760e+18,1.522681949999999951e+01,-6.141922329999999874e+01,7.272000312805175781e+00,-6.000000238418579102e-02
1.700672682072118528e+18,1.522682049999999876e+01,-6.141922249999999650e+01,7.242000579833984375e+00,-9.000000357627868652e-02
1.700672682318914816e+18,1.522682179999999974e+01,-6.141922179999999543e+01,7.233000278472900391e+00,-9.900000691413879395e-02
1.700672682628655104e+18,1.522682320000000011e+01,-6.141922179999999543e+01,7.247000217437744141e+00,-8.500000089406967163e-02
1.700672682897876480e+18,1.522682479999999927e+01,-6.141922259999999767e+01,7.260000228881835938e+00,3.000000026077032089e-03
1.700672683235678464e+18,1.522682599999999908e+01,-6.141922359999999514e+01,7.269000530242919922e+00,1.200000010430812836e-02
1.700672683472062464e+18,1.522682689999999894e+01,-6.141922449999999856e+01,7.275000572204589844e+00,1.800000108778476715e-02
1.700672683783910656e+18,1.522682769999999941e+01,-6.141922489999999613e+01,7.272000312805175781e+00,1.500000059604644775e-02
1.700672684017639936e+18,1.522682839999999871e+01,-6.141922449999999856e+01,7.273000240325927734e+00,1.700000092387199402e-02
1.700672684371490304e+18,1.522682909999999978e+01,-6.141922389999999865e+01,7.296000480651855469e+00,3.900000080466270447e-02
1.700672684640281856e+18,1.522682969999999969e+01,-6.141922359999999514e+01,7.344000339508056641e+00,8.700000494718551636e-02
1.700672684951875328e+18,1.522683029999999960e+01,-6.141922379999999748e+01,7.395000457763671875e+00,1.390000134706497192e-01
1.700672685232027904e+18,1.522683059999999955e+01,-6.141922419999999505e+01,7.453000545501708984e+00,1.970000118017196655e-01
1.700672685523116800e+18,1.522683089999999950e+01,-6.141922409999999388e+01,7.509000301361083984e+00,5.300000309944152832e-02
1.700672685771701760e+18,1.522683129999999885e+01,-6.141922389999999865e+01,7.554000377655029297e+00,9.800000488758087158e-02
1.700672686143795712e+18,1.522683199999999992e+01,-6.141922369999999631e+01,7.612000465393066406e+00,1.560000032186508179e-01
1.700672686334875136e+18,1.522683269999999922e+01,-6.141922339999999991e+01,7.679000377655029297e+00,2.230000048875808716e-01
1.700672686673359360e+18,1.522683309999999857e+01,-6.141922269999999884e+01,7.752000331878662109e+00,2.960000038146972656e-01
1.700672686914736384e+18,1.522683379999999964e+01,-6.141922209999999893e+01,7.819000244140625000e+00,3.630000054836273193e-01
1.700672687208529152e+18,1.522683490000000006e+01,-6.141922220000000010e+01,7.886000156402587891e+00,4.300000071525573730e-01
1.700672687485422080e+18,1.522683619999999927e+01,-6.141922280000000001e+01,7.935000419616699219e+00,4.790000319480895996e-01
1.700672687843595008e+18,1.522683759999999964e+01,-6.141922379999999748e+01,7.942000389099121094e+00,-3.000000026077032089e-03
1.700672688060474112e+18,1.522683849999999950e+01,-6.141922399999999982e+01,7.917000293731689453e+00,-2.800000086426734924e-02
1.700672688300055040e+18,1.522683900000000001e+01,-6.141922319999999758e+01,7.886000156402587891e+00,-6.000000238418579102e-02
1.700672688668244480e+18,1.522683979999999870e+01,-6.141922229999999416e+01,7.871000289916992188e+00,-7.400000095367431641e-02
1.700672689014339840e+18,1.522684109999999968e+01,-6.141922199999999776e+01,7.880000591278076172e+00,-6.599999964237213135e-02
1.700672689217942016e+18,1.522684269999999884e+01,-6.141922280000000001e+01,7.893000602722167969e+00,-5.300000309944152832e-02
1.700672689456464128e+18,1.522684439999999917e+01,-6.141922409999999388e+01,7.879000186920166016e+00,-9.000000543892383575e-03
1.700672689795380736e+18,1.522684579999999954e+01,-6.141922509999999846e+01,7.808000564575195312e+00,-7.900000363588333130e-02
1.700672690029342208e+18,1.522684689999999996e+01,-6.141922529999999369e+01,7.698000431060791016e+00,-1.900000125169754028e-01
1.700672690403854592e+18,1.522684759999999926e+01,-6.141922469999999379e+01,7.564000129699707031e+00,-3.230000138282775879e-01
1.700672690606154240e+18,1.522684789999999921e+01,-6.141922319999999758e+01,7.470000267028808594e+00,-4.180000126361846924e-01
1.700672690933313024e+18,1.522684829999999856e+01,-6.141922220000000010e+01,7.412000179290771484e+00,-4.760000109672546387e-01
1.700672691199284480e+18,1.522684939999999898e+01,-6.141922289999999407e+01,7.372000217437744141e+00,-5.160000324249267578e-01
1.700672691568046080e+18,1.522685109999999931e+01,-6.141922449999999856e+01,7.350000381469726562e+00,-7.000000216066837311e-03
1.700672691757567744e+18,1.522685249999999968e+01,-6.141922559999999720e+01,7.354000568389892578e+00,-2.000000094994902611e-03
1.700672692083358720e+18,1.522685330000000015e+01,-6.141922539999999486e+01,7.342000484466552734e+00,-1.500000059604644775e-02
1.700672692314636032e+18,1.522685369999999949e+01,-6.141922459999999973e+01,7.291000366210937500e+00,-6.599999964237213135e-02
1.700672692690136064e+18,1.522685379999999888e+01,-6.141922339999999991e+01,7.242000579833984375e+00,-1.150000020861625671e-01
1.700672692940066048e+18,1.522685379999999888e+01,-6.141922239999999533e+01,7.213000297546386719e+00,-1.430000066757202148e-01
1.700672693303397888e+18,1.522685449999999996e+01,-6.141922229999999416e+01,7.198000431060791016e+00,-1.590000092983245850e-01
1.700672693477856512e+18,1.522685569999999977e+01,-6.141922289999999407e+01,7.205000400543212891e+00,-1.510000079870223999e-01
1.700672693820434688e+18,1.522685699999999898e+01,-6.141922379999999748e+01,7.230000495910644531e+00,1.000000047497451305e-03
1.700672694068679936e+18,1.522685819999999879e+01,-6.141922419999999505e+01,7.272000312805175781e+00,4.300000146031379700e-02
1.700672694424745472e+18,1.522685919999999982e+01,-6.141922399999999982e+01,7.316000461578369141e+00,8.700000494718551636e-02
1.700672694659769600e+18,1.522685979999999972e+01,-6.141922369999999631e+01,7.344000339508056641e+00,1.150000020861625671e-01
1.700672694968666368e+18,1.522686049999999902e+01,-6.141922379999999748e+01,7.347000122070312500e+00,1.180000081658363342e-01
1.700672695205860864e+18,1.522686120000000010e+01,-6.141922389999999865e+01,7.331000328063964844e+00,1.020000055432319641e-01
1.700672695547985920e+18,1.522686199999999879e+01,-6.141922339999999991e+01,7.321000576019287109e+00,9.200000762939453125e-02
1.700672695782370560e+18,1.522686279999999925e+01,-6.141922249999999650e+01,7.321000576019287109e+00,9.200000762939453125e-02
1.700672696157213952e+18,1.522686379999999851e+01,-6.141922199999999776e+01,7.299000263214111328e+00,-1.400000043213367462e-02
1.700672696376228352e+18,1.522686500000000009e+01,-6.141922249999999650e+01,7.279000282287597656e+00,-3.400000184774398804e-02
1.700672696645894656e+18,1.522686619999999991e+01,-6.141922359999999514e+01,7.269000530242919922e+00,-4.500000178813934326e-02
1.700672697232921344e+18,1.522686729999999855e+01,-6.141922339999999991e+01,7.254000186920166016e+00,-5.900000408291816711e-02
1.700672697555754752e+18,1.522686769999999967e+01,-6.141922209999999893e+01,7.251000404357910156e+00,-6.200000271201133728e-02
1.700672697760061440e+18,1.522686850000000014e+01,-6.141922139999999786e+01,7.254000186920166016e+00,-5.900000408291816711e-02
1.700672698068556544e+18,1.522686969999999995e+01,-6.141922179999999543e+01,7.240000247955322266e+00,-7.300000637769699097e-02
1.700672698339114752e+18,1.522687099999999916e+01,-6.141922249999999650e+01,7.218000411987304688e+00,-1.800000108778476715e-02
1.700672698706881280e+18,1.522687209999999958e+01,-6.141922280000000001e+01,7.201000213623046875e+00,-3.500000014901161194e-02
1.700672698909930496e+18,1.522687320000000000e+01,-6.141922289999999407e+01,7.202000141143798828e+00,-3.400000184774398804e-02
1.700672699234890496e+18,1.522687449999999920e+01,-6.141922369999999631e+01,7.206000328063964844e+00,-3.000000119209289551e-02
1.700672699502549760e+18,1.522687599999999897e+01,-6.141922469999999379e+01,7.208000183105468750e+00,0.000000000000000000e+00
1.700672699846696192e+18,1.522687719999999878e+01,-6.141922549999999603e+01,7.193000316619873047e+00,-1.500000059604644775e-02
1.700672700090615296e+18,1.522687809999999864e+01,-6.141922549999999603e+01,7.168000221252441406e+00,-4.000000283122062683e-02
1.700672700402118144e+18,1.522687889999999911e+01,-6.141922479999999496e+01,7.159000396728515625e+00,-4.800000041723251343e-02
1.700672700654248704e+18,1.522687949999999901e+01,-6.141922419999999505e+01,7.166000366210937500e+00,-4.100000113248825073e-02
1.700672700978846720e+18,1.522688020000000009e+01,-6.141922409999999388e+01,7.182000160217285156e+00,-2.500000037252902985e-02
1.700672701236737792e+18,1.522688109999999995e+01,-6.141922419999999505e+01,7.228000164031982422e+00,2.000000141561031342e-02
1.700672701591090944e+18,1.522688219999999859e+01,-6.141922439999999739e+01,7.279000282287597656e+00,7.100000232458114624e-02
1.700672701758413312e+18,1.522688319999999962e+01,-6.141922429999999622e+01,7.334000110626220703e+00,3.600000217556953430e-02
1.700672702116791296e+18,1.522688370000000013e+01,-6.141922349999999398e+01,7.394000530242919922e+00,9.600000083446502686e-02
1.700672702401607424e+18,1.522688379999999952e+01,-6.141922199999999776e+01,7.443000316619873047e+00,1.450000107288360596e-01
1.700672702680105728e+18,1.522688379999999952e+01,-6.141922079999999795e+01,7.451000213623046875e+00,1.530000120401382446e-01
1.700672702959809536e+18,1.522688430000000004e+01,-6.141922040000000038e+01,7.424000263214111328e+00,1.260000020265579224e-01
1.700672703317697536e+18,1.522688519999999990e+01,-6.141922069999999678e+01,7.385000228881835938e+00,8.600000292062759399e-02
1.700672703518503680e+18,1.522688599999999859e+01,-6.141922040000000038e+01,7.343000411987304688e+00,4.500000178813934326e-02
1.700672703861831424e+18,1.522688679999999906e+01,-6.141921939999999580e+01,7.321000576019287109e+00,2.300000190734863281e-02
1.700672704094894592e+18,1.522688750000000013e+01,-6.141921860000000066e+01,7.316000461578369141e+00,-4.000000189989805222e-03
1.700672704440428544e+18,1.522688829999999882e+01,-6.141921849999999949e+01,7.302000522613525391e+00,-1.900000125169754028e-02
1.700672704702286848e+18,1.522688929999999985e+01,-6.141921920000000057e+01,7.267000198364257812e+00,-5.400000140070915222e-02
1.700672705015020544e+18,1.522689059999999905e+01,-6.141921999999999571e+01,7.218000411987304688e+00,-1.020000055432319641e-01
1.700672705279838208e+18,1.522689190000000004e+01,-6.141922040000000038e+01,7.141000270843505859e+00,-1.790000051259994507e-01
1.700672705587058176e+18,1.522689279999999989e+01,-6.141922040000000038e+01,7.042000293731689453e+00,-2.780000269412994385e-01
1.700672705869818112e+18,1.522689349999999919e+01,-6.141921999999999571e+01,6.939000129699707031e+00,-1.800000108778476715e-02
1.700672706197006336e+18,1.522689439999999905e+01,-6.141921959999999814e+01,6.889000415802001953e+00,-6.800000369548797607e-02
1.700672706401098240e+18,1.522689599999999999e+01,-6.141921999999999571e+01,6.869000434875488281e+00,-8.700000494718551636e-02
1.700672706741380096e+18,1.522689789999999910e+01,-6.141922129999999669e+01,6.876000404357910156e+00,-8.100000023841857910e-02
1.700672706977323520e+18,1.522689939999999886e+01,-6.141922239999999533e+01,6.900000095367431641e+00,0.000000000000000000e+00
1.700672707209135104e+18,1.522690029999999872e+01,-6.141922249999999650e+01,6.924000263214111328e+00,2.400000020861625671e-02
1.700672707553893120e+18,1.522690059999999868e+01,-6.141922160000000019e+01,6.957000255584716797e+00,5.700000375509262085e-02
1.700672707774638848e+18,1.522690099999999980e+01,-6.141922069999999678e+01,7.000000476837158203e+00,1.000000014901161194e-01
1.700672708113618688e+18,1.522690189999999966e+01,-6.141922059999999561e+01,7.039000511169433594e+00,1.390000134706497192e-01
1.700672708366170624e+18,1.522690319999999886e+01,-6.141922129999999669e+01,7.048000335693359375e+00,1.480000019073486328e-01
1.700672708734540800e+18,1.522690409999999872e+01,-6.141922189999999659e+01,7.018000125885009766e+00,1.180000081658363342e-01
1.700672708972870656e+18,1.522690479999999980e+01,-6.141922199999999776e+01,6.973000526428222656e+00,7.300000637769699097e-02
1.700672709283070720e+18,1.522690519999999914e+01,-6.141922169999999426e+01,6.931000232696533203e+00,3.100000135600566864e-02
1.700672709538339072e+18,1.522690569999999965e+01,-6.141922139999999786e+01,6.905000209808349609e+00,5.000000353902578354e-03
1.700672709878729984e+18,1.522690620000000017e+01,-6.141922119999999552e+01,6.903000354766845703e+00,1.000000047497451305e-03
1.700672710092952832e+18,1.522690680000000008e+01,-6.141922089999999912e+01,6.917000293731689453e+00,1.600000075995922089e-02
1.700672710470284800e+18,1.522690729999999881e+01,-6.141922069999999678e+01,6.935000419616699219e+00,3.400000184774398804e-02
1.700672710657019136e+18,1.522690799999999989e+01,-6.141922059999999561e+01,6.947000503540039062e+00,4.600000381469726562e-02
1.700672711031371776e+18,1.522690859999999979e+01,-6.141922049999999444e+01,6.945000171661376953e+00,4.400000348687171936e-02
1.700672711267032832e+18,1.522690929999999909e+01,-6.141921989999999454e+01,6.922000408172607422e+00,2.100000157952308655e-02
1.700672711620183040e+18,1.522690989999999900e+01,-6.141921920000000057e+01,6.881000518798828125e+00,-1.900000125169754028e-02
1.700672711839827456e+18,1.522691090000000003e+01,-6.141921879999999589e+01,6.836000442504882812e+00,-6.400000303983688354e-02
1.700672712167376640e+18,1.522691199999999867e+01,-6.141921879999999589e+01,6.810000419616699219e+00,-1.000000047497451305e-03
1.700672712393126400e+18,1.522691299999999970e+01,-6.141921869999999473e+01,6.804000377655029297e+00,-8.000000379979610443e-03
1.700672712744155392e+18,1.522691389999999956e+01,-6.141921879999999589e+01,6.816000461578369141e+00,4.000000189989805222e-03
1.700672712961321216e+18,1.522691479999999942e+01,-6.141921909999999940e+01,6.837000370025634766e+00,2.500000037252902985e-02
1.700672713353088000e+18,1.522691569999999928e+01,-6.141921949999999697e+01,6.848000526428222656e+00,3.600000217556953430e-02
1.700672713542404608e+18,1.522691659999999914e+01,-6.141921989999999454e+01,6.838000297546386719e+00,2.600000053644180298e-02
1.700672713826273536e+18,1.522691769999999956e+01,-6.141922040000000038e+01,6.813000202178955078e+00,1.000000047497451305e-03
1.700672714135547392e+18,1.522691889999999937e+01,-6.141922079999999795e+01,6.777000427246093750e+00,-2.200000174343585968e-02
1.700672714463780864e+18,1.522691989999999862e+01,-6.141922079999999795e+01,6.738000392913818359e+00,-6.100000441074371338e-02
1.700672714742974976e+18,1.522692039999999913e+01,-6.141922049999999444e+01,6.703000545501708984e+00,-9.600000083446502686e-02
1.700672715055184896e+18,1.522692089999999965e+01,-6.141922019999999804e+01,6.682000160217285156e+00,-1.170000061392784119e-01
1.700672715288071936e+18,1.522692170000000011e+01,-6.141922040000000038e+01,6.672000408172607422e+00,-1.270000040531158447e-01
1.700672715629898752e+18,1.522692289999999993e+01,-6.141922109999999435e+01,6.677000522613525391e+00,-1.220000088214874268e-01
1.700672715863908352e+18,1.522692399999999857e+01,-6.141922149999999903e+01,6.682000160217285156e+00,-1.170000061392784119e-01
1.700672716209403136e+18,1.522692509999999899e+01,-6.141922129999999669e+01,6.683000087738037109e+00,0.000000000000000000e+00
1.700672716443667200e+18,1.522692599999999885e+01,-6.141922059999999561e+01,6.662000179290771484e+00,-2.100000157952308655e-02
1.700672716696477696e+18,1.522692649999999936e+01,-6.141922009999999688e+01,6.607000350952148438e+00,-7.600000500679016113e-02
1.700672717020549632e+18,1.522692679999999932e+01,-6.141921939999999580e+01,6.522000312805175781e+00,-1.610000133514404297e-01
1.700672717394095616e+18,1.522692709999999927e+01,-6.141921849999999949e+01,6.455000400543212891e+00,-2.280000150203704834e-01
1.700672717615103744e+18,1.522692779999999857e+01,-6.141921769999999725e+01,6.435000419616699219e+00,-2.480000108480453491e-01
1.700672717868564992e+18,1.522692879999999960e+01,-6.141921739999999375e+01,6.443000316619873047e+00,-2.400000095367431641e-01
1.700672718143555584e+18,1.522692990000000002e+01,-6.141921729999999968e+01,6.459000110626220703e+00,8.000000379979610443e-03
1.700672718408227584e+18,1.522693069999999871e+01,-6.141921709999999734e+01,6.482000350952148438e+00,3.000000119209289551e-02
1.700672718780924672e+18,1.522693139999999978e+01,-6.141921649999999744e+01,6.508000373840332031e+00,5.600000172853469849e-02
1.700672718987025408e+18,1.522693199999999969e+01,-6.141921609999999987e+01,6.516000270843505859e+00,6.400000303983688354e-02
1.700672719310305536e+18,1.522693259999999960e+01,-6.141921589999999753e+01,6.505000114440917969e+00,5.300000309944152832e-02
1.700672719576447744e+18,1.522693280000000016e+01,-6.141921569999999519e+01,6.487000465393066406e+00,3.500000014901161194e-02
1.700672719912332288e+18,1.522693299999999894e+01,-6.141921549999999996e+01,6.472000122070312500e+00,2.100000157952308655e-02
1.700672720147954432e+18,1.522693349999999946e+01,-6.141921539999999879e+01,6.470000267028808594e+00,1.800000108778476715e-02
1.700672720507054592e+18,1.522693429999999992e+01,-6.141921609999999987e+01,6.475000381469726562e+00,2.300000190734863281e-02
1.700672720745999872e+18,1.522693549999999973e+01,-6.141921689999999501e+01,6.467000484466552734e+00,1.500000059604644775e-02
1.700672721036685312e+18,1.522693619999999903e+01,-6.141921719999999851e+01,6.462000370025634766e+00,0.000000000000000000e+00
1.700672721290054144e+18,1.522693629999999843e+01,-6.141921679999999384e+01,6.483000278472900391e+00,2.000000141561031342e-02
1.700672721661346560e+18,1.522693619999999903e+01,-6.141921609999999987e+01,6.532000541687011719e+00,6.900000572204589844e-02
1.700672721895721216e+18,1.522693669999999955e+01,-6.141921589999999753e+01,6.583000183105468750e+00,1.200000047683715820e-01
1.700672722206787584e+18,1.522693809999999992e+01,-6.141921629999999510e+01,6.621000289916992188e+00,1.580000072717666626e-01
1.700672722457535488e+18,1.522694019999999959e+01,-6.141921719999999851e+01,6.638000488281250000e+00,1.750000119209289551e-01
1.700672722751864832e+18,1.522694199999999931e+01,-6.141921779999999842e+01,6.621000289916992188e+00,1.580000072717666626e-01
1.700672723031459328e+18,1.522694269999999861e+01,-6.141921729999999968e+01,6.606000423431396484e+00,-7.000000216066837311e-03
1.700672723355984128e+18,1.522694289999999917e+01,-6.141921619999999393e+01,6.585000514984130859e+00,-2.800000086426734924e-02
1.700672723605753856e+18,1.522694369999999964e+01,-6.141921569999999519e+01,6.573000431060791016e+00,-4.000000283122062683e-02
1.700672723929733888e+18,1.522694529999999880e+01,-6.141921629999999510e+01,6.559000492095947266e+00,-5.400000140070915222e-02
1.700672724176741632e+18,1.522694699999999912e+01,-6.141921709999999734e+01,6.540000438690185547e+00,-7.300000637769699097e-02
1.700672724568216576e+18,1.522694809999999954e+01,-6.141921739999999375e+01,6.524000167846679688e+00,-8.900000154972076416e-02
1.700672724768575744e+18,1.522694879999999884e+01,-6.141921729999999968e+01,6.519000530242919922e+00,-9.400000423192977905e-02
1.700672725095629568e+18,1.522694890000000001e+01,-6.141921669999999978e+01,6.534000396728515625e+00,1.400000043213367462e-02
1.700672725328660992e+18,1.522694909999999879e+01,-6.141921619999999393e+01,6.548000335693359375e+00,2.800000086426734924e-02
1.700672725553951488e+18,1.522694929999999935e+01,-6.141921589999999753e+01,6.547000408172607422e+00,2.700000070035457611e-02
1.700672725938233856e+18,1.522694969999999870e+01,-6.141921589999999753e+01,6.521000385284423828e+00,0.000000000000000000e+00
1.700672726283145728e+18,1.522695049999999917e+01,-6.141921589999999753e+01,6.490000247955322266e+00,-2.900000102818012238e-02
1.700672726469379840e+18,1.522695129999999963e+01,-6.141921589999999753e+01,6.471000194549560547e+00,-4.900000244379043579e-02
1.700672726687774976e+18,1.522695199999999893e+01,-6.141921569999999519e+01,6.464000225067138672e+00,-5.500000342726707458e-02
1.700672727068717568e+18,1.522695259999999884e+01,-6.141921579999999636e+01,6.461000442504882812e+00,-5.900000408291816711e-02
1.700672727300091392e+18,1.522695299999999996e+01,-6.141921589999999753e+01,6.451000213623046875e+00,-6.900000572204589844e-02
1.700672727667797760e+18,1.522695339999999931e+01,-6.141921569999999519e+01,6.442000389099121094e+00,-7.800000160932540894e-02
1.700672727872283648e+18,1.522695379999999865e+01,-6.141921539999999879e+01,6.451000213623046875e+00,-6.800000369548797607e-02
1.700672728209645568e+18,1.522695419999999977e+01,-6.141921490000000006e+01,6.474000453948974609e+00,-4.500000178813934326e-02
1.700672728445078272e+18,1.522695469999999851e+01,-6.141921459999999655e+01,6.488000392913818359e+00,-3.200000151991844177e-02
1.700672728818108160e+18,1.522695530000000019e+01,-6.141921419999999898e+01,6.509000301361083984e+00,1.400000043213367462e-02
1.700672729019575552e+18,1.522695590000000010e+01,-6.141921359999999908e+01,6.530000209808349609e+00,3.500000014901161194e-02
1.700672729348013568e+18,1.522695659999999940e+01,-6.141921319999999440e+01,6.534000396728515625e+00,3.900000080466270447e-02
1.700672729603865088e+18,1.522695729999999870e+01,-6.141921319999999440e+01,6.518000125885009766e+00,2.300000190734863281e-02
1.700672729944847872e+18,1.522695789999999860e+01,-6.141921310000000034e+01,6.484000205993652344e+00,-1.000000070780515671e-02
1.700672730188138496e+18,1.522695819999999856e+01,-6.141921239999999926e+01,6.452000141143798828e+00,-4.200000315904617310e-02
1.700672730547097344e+18,1.522695899999999902e+01,-6.141921159999999702e+01,6.430000305175781250e+00,-6.400000303983688354e-02
1.700672730749495040e+18,1.522696019999999884e+01,-6.141921109999999828e+01,6.437000274658203125e+00,-5.700000375509262085e-02
1.700672731122822656e+18,1.522696159999999921e+01,-6.141921130000000062e+01,6.446000099182128906e+00,9.000000543892383575e-03
1.700672731322759424e+18,1.522696279999999902e+01,-6.141921179999999936e+01,6.428000450134277344e+00,-9.000000543892383575e-03
1.700672731697619456e+18,1.522696389999999944e+01,-6.141921219999999693e+01,6.391000270843505859e+00,-4.500000178813934326e-02
1.700672731913976320e+18,1.522696499999999986e+01,-6.141921219999999693e+01,6.348000526428222656e+00,-8.900000154972076416e-02
1.700672732239996160e+18,1.522696569999999916e+01,-6.141921159999999702e+01,6.313000202178955078e+00,-1.240000054240226746e-01
1.700672732459776512e+18,1.522696639999999846e+01,-6.141921119999999945e+01,6.290000438690185547e+00,-1.460000127553939819e-01
1.700672732799642624e+18,1.522696760000000005e+01,-6.141921130000000062e+01,6.283000469207763672e+00,-2.000000094994902611e-03
1.700672733097089024e+18,1.522696909999999981e+01,-6.141921179999999936e+01,6.283000469207763672e+00,-2.000000094994902611e-03
1.700672733441125888e+18,1.522697059999999958e+01,-6.141921250000000043e+01,6.281000137329101562e+00,-4.000000189989805222e-03
1.700672733596866304e+18,1.522697140000000005e+01,-6.141921269999999566e+01,6.259000301361083984e+00,-2.600000053644180298e-02
1.700672733884185856e+18,1.522697140000000005e+01,-6.141921229999999809e+01,6.230000495910644531e+00,-5.500000342726707458e-02
1.700672734203080448e+18,1.522697089999999953e+01,-6.141921139999999468e+01,6.233000278472900391e+00,-5.200000107288360596e-02
1.700672734473992192e+18,1.522697099999999892e+01,-6.141921070000000071e+01,6.270000457763671875e+00,-1.500000059604644775e-02
1.700672734811331328e+18,1.522697219999999874e+01,-6.141921079999999478e+01,6.312000274658203125e+00,2.600000053644180298e-02
1.700672735033384704e+18,1.522697389999999906e+01,-6.141921149999999585e+01,6.340000152587890625e+00,4.000000189989805222e-03
1.700672735348147712e+18,1.522697499999999948e+01,-6.141921209999999576e+01,6.328000068664550781e+00,-7.000000216066837311e-03
1.700672735702208000e+18,1.522697469999999953e+01,-6.141921139999999468e+01,6.297000408172607422e+00,-3.800000250339508057e-02
1.700672736003291648e+18,1.522697369999999850e+01,-6.141920979999999730e+01,6.291000366210937500e+00,-4.400000348687171936e-02
1.700672736184007168e+18,1.522697329999999916e+01,-6.141920839999999515e+01,6.318000316619873047e+00,-1.700000092387199402e-02
1.700672736513668864e+18,1.522697409999999962e+01,-6.141920789999999641e+01,6.345000267028808594e+00,8.000000379979610443e-03
1.700672736764780032e+18,1.522697589999999934e+01,-6.141920859999999749e+01,6.342000484466552734e+00,6.000000052154064178e-03
1.700672737109643008e+18,1.522697799999999901e+01,-6.141920899999999506e+01,6.312000274658203125e+00,-2.300000190734863281e-02
1.700672737356551680e+18,1.522697929999999999e+01,-6.141920809999999875e+01,6.263000488281250000e+00,3.254000186920166016e+00
1.700672737699964672e+18,1.522697929999999999e+01,-6.141920760000000001e+01,6.240000247955322266e+00,3.231000185012817383e+00
1.700672737904949504e+18,1.522697889999999887e+01,-6.141920779999999525e+01,6.237000465393066406e+00,-2.000000094994902611e-03
1.700672738228071424e+18,1.522697939999999939e+01,-6.141920799999999758e+01,6.245000362396240234e+00,6.000000052154064178e-03
1.700672738482883840e+18,1.522698099999999855e+01,-6.141920779999999525e+01,6.269000530242919922e+00,2.900000102818012238e-02
1.700672738869154304e+18,1.522698319999999939e+01,-6.141920709999999417e+01,6.273000240325927734e+00,3.299999982118606567e-02
1.700672739086055680e+18,1.522698469999999915e+01,-6.141920640000000020e+01,6.250000476837158203e+00,1.000000070780515671e-02
1.700672739366033408e+18,1.522698519999999967e+01,-6.141920599999999553e+01,6.199000358581542969e+00,-3.900000080466270447e-02
1.700672739635119360e+18,1.522698479999999854e+01,-6.141920640000000020e+01,6.174000263214111328e+00,-6.400000303983688354e-02
1.700672739962332672e+18,1.522698439999999920e+01,-6.141920739999999768e+01,6.180000305175781250e+00,-5.800000205636024475e-02
1.700672740226106368e+18,1.522698469999999915e+01,-6.141920809999999875e+01,6.203000068664550781e+00,-3.500000014901161194e-02
1.700672740586270720e+18,1.522698630000000009e+01,-6.141920799999999758e+01,6.223000526428222656e+00,7.000000216066837311e-03
1.700672740785744384e+18,1.522698849999999915e+01,-6.141920739999999768e+01,6.234000205993652344e+00,1.700000092387199402e-02
1.700672741142509568e+18,1.522698999999999891e+01,-6.141920679999999777e+01,6.234000205993652344e+00,1.700000092387199402e-02
1.700672741361474048e+18,1.522699019999999948e+01,-6.141920679999999777e+01,6.248000144958496094e+00,3.200000151991844177e-02
1.700672741688502016e+18,1.522698989999999952e+01,-6.141920760000000001e+01,6.291000366210937500e+00,7.400000095367431641e-02
1.700672741967872512e+18,1.522699010000000008e+01,-6.141920829999999398e+01,6.333000183105468750e+00,1.160000041127204895e-01
1.700672742281905920e+18,1.522699139999999929e+01,-6.141920839999999515e+01,6.362000465393066406e+00,1.460000127553939819e-01
1.700672742531138560e+18,1.522699319999999901e+01,-6.141920769999999408e+01,6.363000392913818359e+00,-2.000000094994902611e-03
1.700672742857357056e+18,1.522699469999999877e+01,-6.141920700000000011e+01,6.339000225067138672e+00,-2.600000053644180298e-02
1.700672743104572928e+18,1.522699519999999929e+01,-6.141920659999999543e+01,6.287000179290771484e+00,-7.800000160932540894e-02
1.700672743429445888e+18,1.522699549999999924e+01,-6.141920619999999786e+01,6.227000236511230469e+00,-1.380000114440917969e-01
1.700672743681461248e+18,1.522699579999999919e+01,-6.141920589999999436e+01,6.174000263214111328e+00,-1.910000145435333252e-01
1.700672743918012416e+18,1.522699599999999975e+01,-6.141920569999999913e+01,6.125000476837158203e+00,-2.400000095367431641e-01
1.700672744243326464e+18,1.522699649999999849e+01,-6.141920559999999796e+01,6.082000255584716797e+00,-2.830000221729278564e-01
1.700672744493117184e+18,1.522699740000000013e+01,-6.141920529999999445e+01,6.059000492095947266e+00,-3.050000071525573730e-01
1.700672744850323200e+18,1.522699859999999994e+01,-6.141920460000000048e+01,6.060000419616699219e+00,1.000000047497451305e-03
1.700672745050918144e+18,1.522699969999999858e+01,-6.141920369999999707e+01,6.041000366210937500e+00,-1.800000108778476715e-02
1.700672745409997824e+18,1.522700039999999966e+01,-6.141920280000000076e+01,5.996000289916992188e+00,-6.200000271201133728e-02
1.700672745632708352e+18,1.522700039999999966e+01,-6.141920229999999492e+01,5.966000080108642578e+00,-9.200000762939453125e-02
1.700672746001955584e+18,1.522700019999999910e+01,-6.141920219999999375e+01,5.978000164031982422e+00,-8.100000023841857910e-02
1.700672746236360448e+18,1.522700069999999961e+01,-6.141920239999999609e+01,6.005000114440917969e+00,-5.300000309944152832e-02
1.700672746532055296e+18,1.522700169999999886e+01,-6.141920239999999609e+01,6.029000282287597656e+00,-3.000000119209289551e-02
1.700672746767819264e+18,1.522700299999999984e+01,-6.141920199999999852e+01,6.039000511169433594e+00,-2.000000141561031342e-02
1.700672747154814976e+18,1.522700419999999966e+01,-6.141920139999999861e+01,6.047000408172607422e+00,7.000000216066837311e-03
1.700672747426638592e+18,1.522700489999999895e+01,-6.141920089999999988e+01,6.064000129699707031e+00,2.500000037252902985e-02
1.700672747732665600e+18,1.522700500000000012e+01,-6.141920069999999754e+01,6.085000514984130859e+00,4.600000381469726562e-02
1.700672747940073984e+18,1.522700500000000012e+01,-6.141920119999999628e+01,6.111000061035156250e+00,7.100000232458114624e-02
1.700672748278728448e+18,1.522700539999999947e+01,-6.141920149999999978e+01,6.146000385284423828e+00,1.060000061988830566e-01
1.700672748526380032e+18,1.522700619999999994e+01,-6.141920149999999978e+01,6.196000099182128906e+00,1.570000052452087402e-01
1.700672748883771904e+18,1.522700729999999858e+01,-6.141920119999999628e+01,6.254000186920166016e+00,2.150000035762786865e-01
1.700672749103355136e+18,1.522700850000000017e+01,-6.141920079999999871e+01,6.287000179290771484e+00,2.470000088214874268e-01
1.700672749401219072e+18,1.522700959999999881e+01,-6.141920039999999403e+01,6.270000457763671875e+00,2.310000061988830566e-01
1.700672749651307264e+18,1.522701029999999989e+01,-6.141919970000000006e+01,6.254000186920166016e+00,1.300000026822090149e-02
1.700672749991272192e+18,1.522701029999999989e+01,-6.141919879999999665e+01,6.299000263214111328e+00,5.800000205636024475e-02
1.700672750211427328e+18,1.522701009999999933e+01,-6.141919850000000025e+01,6.364000320434570312e+00,1.230000033974647522e-01
1.700672750633554688e+18,1.522700989999999877e+01,-6.141919859999999431e+01,6.448000431060791016e+00,2.070000171661376953e-01
1.700672750818718976e+18,1.522701029999999989e+01,-6.141919850000000025e+01,6.513000488281250000e+00,2.720000147819519043e-01
1.700672751087488768e+18,1.522701179999999965e+01,-6.141919790000000035e+01,6.547000408172607422e+00,3.060000240802764893e-01
1.700672751391959552e+18,1.522701339999999881e+01,-6.141919699999999693e+01,6.548000335693359375e+00,3.070000112056732178e-01
1.700672751780128768e+18,1.522701409999999989e+01,-6.141919619999999469e+01,6.531000137329101562e+00,2.900000214576721191e-01
1.700672751965627136e+18,1.522701419999999928e+01,-6.141919550000000072e+01,6.509000301361083984e+00,2.680000066757202148e-01
1.700672752307712256e+18,1.522701389999999932e+01,-6.141919499999999488e+01,6.491000175476074219e+00,2.500000000000000000e-01
1.700672752511584256e+18,1.522701379999999993e+01,-6.141919479999999965e+01,6.484000205993652344e+00,2.440000176429748535e-01
1.700672752902058752e+18,1.522701409999999989e+01,-6.141919479999999965e+01,6.489000320434570312e+00,2.480000108480453491e-01
1.700672753151166464e+18,1.522701479999999918e+01,-6.141919479999999965e+01,6.516000270843505859e+00,1.200000010430812836e-02
1.700672753489881856e+18,1.522701599999999900e+01,-6.141919449999999614e+01,6.540000438690185547e+00,3.600000217556953430e-02
1.700672753677017088e+18,1.522701729999999998e+01,-6.141919379999999506e+01,6.536000251770019531e+00,3.200000151991844177e-02
1.700672753966406912e+18,1.522701819999999984e+01,-6.141919299999999993e+01,6.514000415802001953e+00,1.000000070780515671e-02
1.700672754271186176e+18,1.522701819999999984e+01,-6.141919259999999525e+01,6.513000488281250000e+00,9.000000543892383575e-03
1.700672754523699200e+18,1.522701789999999988e+01,-6.141919259999999525e+01,6.525000095367431641e+00,2.100000157952308655e-02
1.700672754893681408e+18,1.522701819999999984e+01,-6.141919289999999876e+01,6.545000076293945312e+00,4.100000113248825073e-02
1.700672755128918016e+18,1.522701889999999914e+01,-6.141919309999999399e+01,6.576000213623046875e+00,7.200000435113906860e-02
1.700672755405817344e+18,1.522702020000000012e+01,-6.141919269999999642e+01,6.622000217437744141e+00,1.180000081658363342e-01
1.700672755672344320e+18,1.522702159999999871e+01,-6.141919209999999651e+01,6.653000354766845703e+00,1.900000125169754028e-02
1.700672756029029632e+18,1.522702259999999974e+01,-6.141919189999999418e+01,6.669000148773193359e+00,3.500000014901161194e-02
1.700672756261220096e+18,1.522702269999999913e+01,-6.141919199999999535e+01,6.699000358581542969e+00,6.500000506639480591e-02
1.700672756578122496e+18,1.522702299999999909e+01,-6.141919240000000002e+01,6.748000144958496094e+00,1.140000075101852417e-01
1.700672756845913344e+18,1.522702389999999895e+01,-6.141919259999999525e+01,6.806000232696533203e+00,1.710000038146972656e-01
1.700672757172060672e+18,1.522702539999999871e+01,-6.141919240000000002e+01,6.855000495910644531e+00,2.200000137090682983e-01
1.700672757451634432e+18,1.522702739999999899e+01,-6.141919180000000011e+01,6.860000133514404297e+00,0.000000000000000000e+00
1.700672757732584704e+18,1.522702909999999932e+01,-6.141919109999999904e+01,6.812000274658203125e+00,-4.800000041723251343e-02
1.700672757994620672e+18,1.522702989999999978e+01,-6.141919060000000030e+01,6.759000301361083984e+00,-1.010000035166740417e-01
1.700672758339396864e+18,1.522702949999999866e+01,-6.141919060000000030e+01,6.759000301361083984e+00,-1.020000055432319641e-01
1.700672758562202880e+18,1.522702919999999871e+01,-6.141919089999999670e+01,6.792000293731689453e+00,-6.900000572204589844e-02
1.700672758957870336e+18,1.522702999999999918e+01,-6.141919099999999787e+01,6.799000263214111328e+00,-6.200000271201133728e-02
1.700672759162487296e+18,1.522703169999999950e+01,-6.141919049999999913e+01,6.788000106811523438e+00,-7.300000637769699097e-02
1.700672759450112512e+18,1.522703329999999866e+01,-6.141918929999999932e+01,6.756000518798828125e+00,-1.040000021457672119e-01
1.700672759715436032e+18,1.522703379999999918e+01,-6.141918849999999708e+01,6.737000465393066406e+00,-1.400000043213367462e-02
1.700672760057950720e+18,1.522703309999999988e+01,-6.141918829999999474e+01,6.762000083923339844e+00,1.000000070780515671e-02
1.700672760317867264e+18,1.522703269999999875e+01,-6.141918859999999825e+01,6.800000190734863281e+00,4.800000041723251343e-02
1.700672760618179840e+18,1.522703329999999866e+01,-6.141918849999999708e+01,6.809000492095947266e+00,5.700000375509262085e-02
1.700672760884780032e+18,1.522703449999999847e+01,-6.141918789999999717e+01,6.801000118255615234e+00,4.900000244379043579e-02
1.700672761141155584e+18,1.522703519999999955e+01,-6.141918729999999726e+01,6.811000347137451172e+00,5.900000408291816711e-02
1.700672761434049536e+18,1.522703529999999894e+01,-6.141918729999999726e+01,6.837000370025634766e+00,8.500000089406967163e-02
1.700672761791079936e+18,1.522703549999999950e+01,-6.141918749999999960e+01,6.865000247955322266e+00,1.130000054836273193e-01
1.700672762039905536e+18,1.522703629999999997e+01,-6.141918739999999843e+01,6.886000156402587891e+00,1.340000033378601074e-01
1.700672762334086656e+18,1.522703739999999861e+01,-6.141918709999999493e+01,6.891000270843505859e+00,1.390000134706497192e-01
1.700672762606547200e+18,1.522703849999999903e+01,-6.141918689999999970e+01,6.867000102996826172e+00,1.150000020861625671e-01
1.700672762929760768e+18,1.522703950000000006e+01,-6.141918659999999619e+01,6.821000099182128906e+00,6.900000572204589844e-02
1.700672763212462336e+18,1.522704019999999936e+01,-6.141918629999999979e+01,6.790000438690185547e+00,-2.000000141561031342e-02
1.700672763520806912e+18,1.522704079999999927e+01,-6.141918629999999979e+01,6.770000457763671875e+00,-4.100000113248825073e-02
1.700672763724972544e+18,1.522704179999999852e+01,-6.141918639999999385e+01,6.753000259399414062e+00,-5.800000205636024475e-02
1.700672763977204992e+18,1.522704349999999884e+01,-6.141918629999999979e+01,6.710000514984130859e+00,-1.000000014901161194e-01
1.700672764305024000e+18,1.522704499999999861e+01,-6.141918589999999512e+01,6.656000137329101562e+00,-1.540000140666961670e-01
1.700672764539956480e+18,1.522704609999999903e+01,-6.141918519999999404e+01,6.587000370025634766e+00,-2.230000048875808716e-01
1.700672764918602496e+18,1.522704650000000015e+01,-6.141918479999999647e+01,6.526000499725341797e+00,-5.200000107288360596e-02
1.700672765160743168e+18,1.522704680000000010e+01,-6.141918469999999530e+01,6.492000102996826172e+00,-8.600000292062759399e-02
1.700672765454852096e+18,1.522704719999999945e+01,-6.141918489999999764e+01,6.503000259399414062e+00,-7.400000095367431641e-02
1.700672765706368768e+18,1.522704779999999936e+01,-6.141918499999999881e+01,6.543000221252441406e+00,-3.500000014901161194e-02
1.700672766060263168e+18,1.522704869999999922e+01,-6.141918479999999647e+01,6.568000316619873047e+00,-9.000000543892383575e-03
1.700672766249100032e+18,1.522704989999999903e+01,-6.141918409999999540e+01,6.589000225067138672e+00,1.100000087171792984e-02
1.700672766607584000e+18,1.522705069999999949e+01,-6.141918339999999432e+01,6.620000362396240234e+00,4.100000113248825073e-02
1.700672766856350464e+18,1.522705079999999889e+01,-6.141918319999999909e+01,6.651000499725341797e+00,7.200000435113906860e-02
1.700672767234795008e+18,1.522705090000000006e+01,-6.141918339999999432e+01,6.662000179290771484e+00,8.400000631809234619e-02
1.700672767448569856e+18,1.522705139999999879e+01,-6.141918330000000026e+01,6.644000530242919922e+00,6.500000506639480591e-02
1.700672767759974144e+18,1.522705239999999982e+01,-6.141918289999999558e+01,6.609000205993652344e+00,3.000000119209289551e-02
1.700672767995049728e+18,1.522705349999999846e+01,-6.141918239999999685e+01,6.557000160217285156e+00,-4.000000283122062683e-02
1.700672768322011904e+18,1.522705419999999954e+01,-6.141918219999999451e+01,6.521000385284423828e+00,-7.600000500679016113e-02
1.700672768574085632e+18,1.522705479999999945e+01,-6.141918210000000045e+01,6.521000385284423828e+00,-7.700000703334808350e-02
1.700672768944690688e+18,1.522705559999999991e+01,-6.141918189999999811e+01,6.542000293731689453e+00,-5.500000342726707458e-02
1.700672769208948480e+18,1.522705669999999856e+01,-6.141918150000000054e+01,6.556000232696533203e+00,-4.100000113248825073e-02
1.700672769489835264e+18,1.522705749999999902e+01,-6.141918099999999470e+01,6.559000492095947266e+00,-3.800000250339508057e-02
1.700672769725811200e+18,1.522705799999999954e+01,-6.141918090000000063e+01,6.559000492095947266e+00,-3.800000250339508057e-02
1.700672770069342720e+18,1.522705839999999888e+01,-6.141918090000000063e+01,6.541000366210937500e+00,-5.600000172853469849e-02
1.700672770333823232e+18,1.522705939999999991e+01,-6.141918079999999946e+01,6.486000537872314453e+00,-2.200000174343585968e-02
1.700672770675554304e+18,1.522706069999999912e+01,-6.141918049999999596e+01,6.395000457763671875e+00,-1.140000075101852417e-01
1.700672770894980352e+18,1.522706209999999949e+01,-6.141917969999999372e+01,6.288000106811523438e+00,-2.210000157356262207e-01
1.700672771275527936e+18,1.522706309999999874e+01,-6.141917929999999615e+01,6.213000297546386719e+00,-2.960000038146972656e-01
1.700672771471188480e+18,1.522706319999999991e+01,-6.141917929999999615e+01,6.211000442504882812e+00,-2.980000078678131104e-01
1.700672771862899712e+18,1.522706339999999869e+01,-6.141917959999999965e+01,6.266000270843505859e+00,-2.430000156164169312e-01
1.700672772076544768e+18,1.522706459999999851e+01,-6.141917949999999848e+01,6.311000347137451172e+00,-1.970000118017196655e-01
1.700672772284625664e+18,1.522706659999999879e+01,-6.141917869999999624e+01,6.319000244140625000e+00,-1.000000047497451305e-03
1.700672772612143104e+18,1.522706809999999855e+01,-6.141917749999999643e+01,6.284000396728515625e+00,-3.600000217556953430e-02
1.700672772866444544e+18,1.522706789999999977e+01,-6.141917679999999535e+01,6.261000156402587891e+00,-5.900000408291816711e-02
1.700672773204821504e+18,1.522706689999999874e+01,-6.141917699999999769e+01,6.302000522613525391e+00,-1.800000108778476715e-02
1.700672773454376960e+18,1.522706649999999939e+01,-6.141917759999999760e+01,6.381000518798828125e+00,6.000000238418579102e-02
1.700672773765834752e+18,1.522706749999999865e+01,-6.141917789999999400e+01,6.436000347137451172e+00,1.150000020861625671e-01
1.700672774033729536e+18,1.522706930000000014e+01,-6.141917729999999409e+01,6.486000537872314453e+00,1.650000065565109253e-01
1.700672774342829824e+18,1.522707119999999925e+01,-6.141917609999999428e+01,6.486000537872314453e+00,1.650000065565109253e-01
1.700672774620759808e+18,1.522707199999999972e+01,-6.141917519999999797e+01,6.452000141143798828e+00,-2.500000037252902985e-02
1.700672774963163136e+18,1.522707179999999916e+01,-6.141917509999999680e+01,6.430000305175781250e+00,-4.800000041723251343e-02
1.700672775337142016e+18,1.522707149999999920e+01,-6.141917559999999554e+01,6.438000202178955078e+00,-4.000000283122062683e-02
1.700672775617227008e+18,1.522707209999999911e+01,-6.141917579999999788e+01,6.437000274658203125e+00,-4.000000283122062683e-02
1.700672775747601152e+18,1.522707349999999948e+01,-6.141917569999999671e+01,6.428000450134277344e+00,-4.900000244379043579e-02
1.700672776116711936e+18,1.522707509999999864e+01,-6.141917529999999914e+01,6.403000354766845703e+00,-7.400000095367431641e-02
1.700672776314673408e+18,1.522707649999999902e+01,-6.141917459999999807e+01,6.343000411987304688e+00,-1.340000033378601074e-01
1.700672776647326720e+18,1.522707729999999948e+01,-6.141917399999999816e+01,6.272000312805175781e+00,-2.050000131130218506e-01
1.700672776915435776e+18,1.522707739999999887e+01,-6.141917349999999942e+01,6.244000434875488281e+00,-2.330000102519989014e-01
1.700672777327513600e+18,1.522707709999999892e+01,-6.141917349999999942e+01,6.268000125885009766e+00,-2.100000083446502686e-01
1.700672777520571136e+18,1.522707729999999948e+01,-6.141917369999999465e+01,6.296000480651855469e+00,-1.810000091791152954e-01
1.700672777799175936e+18,1.522707829999999873e+01,-6.141917339999999825e+01,6.310000419616699219e+00,3.000000026077032089e-03
1.700672778189207808e+18,1.522707959999999972e+01,-6.141917269999999718e+01,6.306000232696533203e+00,0.000000000000000000e+00
1.700672778407254784e+18,1.522708070000000014e+01,-6.141917179999999377e+01,6.261000156402587891e+00,-4.500000178813934326e-02
1.700672778631041280e+18,1.522708119999999887e+01,-6.141917099999999863e+01,6.207000255584716797e+00,-9.900000691413879395e-02
1.700672778947395584e+18,1.522708109999999948e+01,-6.141917069999999512e+01,6.199000358581542969e+00,-1.070000082254409790e-01
1.700672779339510784e+18,1.522708089999999892e+01,-6.141917089999999746e+01,6.235000133514404297e+00,-7.100000232458114624e-02
1.700672779469757184e+18,1.522708159999999999e+01,-6.141917099999999863e+01,6.266000270843505859e+00,-4.000000283122062683e-02
1.700672779777302016e+18,1.522708319999999915e+01,-6.141917099999999863e+01,6.279000282287597656e+00,-2.700000070035457611e-02
1.700672780025284608e+18,1.522708519999999943e+01,-6.141917009999999522e+01,6.278000354766845703e+00,-4.000000189989805222e-03
1.700672780367269888e+18,1.522708649999999864e+01,-6.141916889999999540e+01,6.259000301361083984e+00,-2.200000174343585968e-02
1.700672780722365952e+18,1.522708679999999859e+01,-6.141916839999999667e+01,6.269000530242919922e+00,-1.200000010430812836e-02
1.700672780907586560e+18,1.522708669999999920e+01,-6.141916870000000017e+01,6.330000400543212891e+00,4.800000041723251343e-02
1.700672781174381056e+18,1.522708689999999976e+01,-6.141916919999999891e+01,6.412000179290771484e+00,1.300000101327896118e-01
1.700672781643315712e+18,1.522708819999999896e+01,-6.141916909999999774e+01,6.467000484466552734e+00,1.850000023841857910e-01
1.700672781908160512e+18,1.522708989999999929e+01,-6.141916819999999433e+01,6.477000236511230469e+00,1.950000077486038208e-01
1.700672782116922112e+18,1.522709139999999906e+01,-6.141916729999999802e+01,6.458000183105468750e+00,-1.800000108778476715e-02
1.700672782299436544e+18,1.522709189999999957e+01,-6.141916699999999452e+01,6.435000419616699219e+00,-4.200000315904617310e-02
1.700672782641440512e+18,1.522709180000000018e+01,-6.141916729999999802e+01,6.439000129699707031e+00,-3.700000047683715820e-02
1.700672782900619008e+18,1.522709219999999952e+01,-6.141916779999999676e+01,6.442000389099121094e+00,-3.400000184774398804e-02
1.700672783267114496e+18,1.522709339999999933e+01,-6.141916779999999676e+01,6.402000427246093750e+00,-7.400000095367431641e-02
1.700672783438654464e+18,1.522709509999999966e+01,-6.141916709999999568e+01,6.313000202178955078e+00,-1.630000025033950806e-01
1.700672783796461568e+18,1.522709629999999947e+01,-6.141916609999999821e+01,6.203000068664550781e+00,-2.730000019073486328e-01
1.700672784044923136e+18,1.522709659999999943e+01,-6.141916579999999470e+01,6.139000415802001953e+00,-1.100000087171792984e-02
1.700672784387606016e+18,1.522709650000000003e+01,-6.141916639999999461e+01,6.126000404357910156e+00,-2.400000020861625671e-02
1.700672784619954432e+18,1.522709719999999933e+01,-6.141916669999999812e+01,6.090000152587890625e+00,-6.000000238418579102e-02
1.700672784981057536e+18,1.522709859999999971e+01,-6.141916630000000055e+01,6.033000469207763672e+00,-1.180000081658363342e-01
1.700672785194379520e+18,1.522710000000000008e+01,-6.141916479999999723e+01,5.982000350952148438e+00,-1.680000126361846924e-01
1.700672785552145152e+18,1.522710030000000003e+01,-6.141916379999999975e+01,5.981000423431396484e+00,-1.690000146627426147e-01
1.700672785766420224e+18,1.522709989999999891e+01,-6.141916359999999742e+01,6.018000125885009766e+00,-1.319999992847442627e-01
1.700672786158488320e+18,1.522709970000000013e+01,-6.141916379999999975e+01,6.058000087738037109e+00,-9.200000762939453125e-02
1.700672786487506688e+18,1.522710019999999886e+01,-6.141916359999999742e+01,6.091000080108642578e+00,-5.900000408291816711e-02
1.700672786772868352e+18,1.522710139999999868e+01,-6.141916289999999634e+01,6.103000164031982422e+00,-4.700000211596488953e-02
1.700672786911676416e+18,1.522710279999999905e+01,-6.141916189999999887e+01,6.098000526428222656e+00,-1.000000047497451305e-03
1.700672787250784768e+18,1.522710320000000017e+01,-6.141916099999999545e+01,6.107000350952148438e+00,7.000000216066837311e-03
1.700672787530696448e+18,1.522710289999999844e+01,-6.141916089999999429e+01,6.147000312805175781e+00,4.700000211596488953e-02
1.700672787889796096e+18,1.522710289999999844e+01,-6.141916129999999896e+01,6.196000099182128906e+00,9.600000083446502686e-02
1.700672788077111552e+18,1.522710369999999891e+01,-6.141916129999999896e+01,6.213000297546386719e+00,1.130000054836273193e-01
1.700672788571670016e+18,1.522710499999999989e+01,-6.141916109999999662e+01,6.218000411987304688e+00,1.180000081658363342e-01
1.700672788667010816e+18,1.522710629999999910e+01,-6.141916080000000022e+01,6.228000164031982422e+00,1.280000060796737671e-01
1.700672789020152320e+18,1.522710709999999956e+01,-6.141916089999999429e+01,6.249000072479248047e+00,1.490000039339065552e-01
1.700672789253720832e+18,1.522710799999999942e+01,-6.141916119999999779e+01,6.269000530242919922e+00,1.690000146627426147e-01
1.700672789566093824e+18,1.522710899999999867e+01,-6.141916149999999419e+01,6.265000343322753906e+00,0.000000000000000000e+00
1.700672789801168384e+18,1.522711049999999844e+01,-6.141916140000000013e+01,6.216000080108642578e+00,-4.900000244379043579e-02
1.700672790034456320e+18,1.522711199999999998e+01,-6.141916109999999662e+01,6.151000499725341797e+00,-1.140000075101852417e-01
1.700672790411137792e+18,1.522711299999999923e+01,-6.141916089999999429e+01,6.098000526428222656e+00,-1.670000106096267700e-01
1.700672790723246848e+18,1.522711389999999909e+01,-6.141916080000000022e+01,6.043000221252441406e+00,-2.210000157356262207e-01
1.700672790958310912e+18,1.522711469999999956e+01,-6.141916080000000022e+01,6.004000186920166016e+00,-2.610000073909759521e-01
1.700672791330286848e+18,1.522711559999999942e+01,-6.141916080000000022e+01,6.002000331878662109e+00,-2.630000114440917969e-01
1.700672791538147072e+18,1.522711639999999989e+01,-6.141916059999999788e+01,6.047000408172607422e+00,3.800000250339508057e-02
1.700672791802657792e+18,1.522711749999999853e+01,-6.141916029999999438e+01,6.075000286102294922e+00,6.700000166893005371e-02
1.700672792110298368e+18,1.522711870000000012e+01,-6.141915969999999447e+01,6.059000492095947266e+00,5.000000074505805969e-02
1.700672792943850496e+18,1.522711939999999942e+01,-6.141915709999999962e+01,5.862000465393066406e+00,-1.460000127553939819e-01
1.700672793376703744e+18,1.522711889999999890e+01,-6.141915699999999845e+01,5.845000267028808594e+00,-1.630000025033950806e-01
1.700672793607903488e+18,1.522711889999999890e+01,-6.141915729999999485e+01,5.867000102996826172e+00,-1.410000026226043701e-01
1.700672794294720512e+18,1.522712149999999909e+01,-6.141915649999999971e+01,5.915000438690185547e+00,1.000000047497451305e-03
1.700672794416406784e+18,1.522712289999999946e+01,-6.141915519999999873e+01,5.887000083923339844e+00,-2.700000070035457611e-02
1.700672794805933824e+18,1.522712359999999876e+01,-6.141915429999999532e+01,5.835000514984130859e+00,-7.800000160932540894e-02
1.700672795058895616e+18,1.522712349999999937e+01,-6.141915389999999775e+01,5.807000160217285156e+00,-1.070000082254409790e-01
1.700672795231379456e+18,1.522712299999999885e+01,-6.141915419999999415e+01,5.820000171661376953e+00,-9.300000220537185669e-02
1.700672795556715264e+18,1.522712319999999941e+01,-6.141915479999999405e+01,5.850000381469726562e+00,-6.400000303983688354e-02
1.700672795823394560e+18,1.522712459999999979e+01,-6.141915509999999756e+01,5.891000270843505859e+00,-2.300000190734863281e-02
1.700672796178932992e+18,1.522712639999999951e+01,-6.141915489999999522e+01,5.938000202178955078e+00,2.400000020861625671e-02
1.700672796405435904e+18,1.522712799999999866e+01,-6.141915449999999765e+01,5.991000175476074219e+00,1.100000087171792984e-02
1.700672796722515712e+18,1.522712919999999848e+01,-6.141915399999999892e+01,6.035000324249267578e+00,5.500000342726707458e-02
1.700672796975594240e+18,1.522713010000000011e+01,-6.141915350000000018e+01,6.046000480651855469e+00,6.599999964237213135e-02
1.700672797241390080e+18,1.522713059999999885e+01,-6.141915329999999784e+01,6.031000137329101562e+00,5.100000277161598206e-02
1.700672797516271872e+18,1.522713099999999997e+01,-6.141915339999999901e+01,5.999000072479248047e+00,1.900000125169754028e-02
1.700672797874420224e+18,1.522713159999999988e+01,-6.141915369999999541e+01,5.978000164031982422e+00,-1.000000047497451305e-03
1.700672798107036928e+18,1.522713259999999913e+01,-6.141915389999999775e+01,5.958000183105468750e+00,-2.100000157952308655e-02
1.700672798466553600e+18,1.522713409999999890e+01,-6.141915359999999424e+01,5.940000057220458984e+00,-3.900000080466270447e-02
1.700672798687237120e+18,1.522713579999999922e+01,-6.141915259999999677e+01,5.906000137329101562e+00,-3.100000135600566864e-02
1.700672799024908032e+18,1.522713709999999843e+01,-6.141915129999999579e+01,5.843000411987304688e+00,-9.500000625848770142e-02
1.700672799289626624e+18,1.522713740000000016e+01,-6.141915039999999948e+01,5.780000209808349609e+00,-1.580000072717666626e-01
1.700672799584246784e+18,1.522713719999999959e+01,-6.141915029999999831e+01,5.729000091552734375e+00,-2.090000063180923462e-01
1.700672799851941888e+18,1.522713709999999843e+01,-6.141915050000000065e+01,5.711000442504882812e+00,-2.260000109672546387e-01
1.700672800072579072e+18,1.522713770000000011e+01,-6.141915039999999948e+01,5.686000347137451172e+00,-2.510000169277191162e-01
1.700672800567822592e+18,1.522713899999999931e+01,-6.141914990000000074e+01,5.640000343322753906e+00,-2.980000078678131104e-01
1.700672800801833472e+18,1.522714029999999852e+01,-6.141914879999999499e+01,5.587000370025634766e+00,-2.000000141561031342e-02
1.700672801090007552e+18,1.522714089999999842e+01,-6.141914759999999518e+01,5.551000118255615234e+00,-5.500000342726707458e-02
1.700672801223302656e+18,1.522714049999999908e+01,-6.141914719999999761e+01,5.535000324249267578e+00,-7.100000232458114624e-02
1.700672801581410816e+18,1.522713999999999857e+01,-6.141914739999999995e+01,5.543000221252441406e+00,-6.300000101327896118e-02
1.700672801848320512e+18,1.522714029999999852e+01,-6.141914759999999518e+01,5.552000045776367188e+00,-5.400000140070915222e-02
1.700672802186478080e+18,1.522714129999999955e+01,-6.141914709999999644e+01,5.535000324249267578e+00,-7.200000435113906860e-02
1.700672802376728320e+18,1.522714249999999936e+01,-6.141914639999999537e+01,5.509000301361083984e+00,-9.700000286102294922e-02
1.700672802701121536e+18,1.522714289999999870e+01,-6.141914629999999420e+01,5.524000167846679688e+00,-8.200000226497650146e-02
1.700672802967850496e+18,1.522714289999999870e+01,-6.141914689999999410e+01,5.610000133514404297e+00,3.000000026077032089e-03
1.700672803336196352e+18,1.522714369999999917e+01,-6.141914749999999401e+01,5.703000068664550781e+00,9.600000083446502686e-02
1.700672803540737792e+18,1.522714509999999954e+01,-6.141914749999999401e+01,5.766000270843505859e+00,1.580000072717666626e-01
1.700672803900190976e+18,1.522714689999999926e+01,-6.141914689999999410e+01,5.790000438690185547e+00,4.000000189989805222e-03
1.700672804102565888e+18,1.522714819999999847e+01,-6.141914620000000014e+01,5.802000045776367188e+00,1.500000059604644775e-02
1.700672804461461248e+18,1.522714899999999894e+01,-6.141914620000000014e+01,5.827000141143798828e+00,4.100000113248825073e-02
1.700672804710333952e+18,1.522714970000000001e+01,-6.141914649999999654e+01,5.873000144958496094e+00,8.700000494718551636e-02
1.700672805019946752e+18,1.522715079999999865e+01,-6.141914689999999410e+01,5.912000179290771484e+00,1.260000020265579224e-01
1.700672805255888896e+18,1.522715299999999949e+01,-6.141914599999999780e+01,5.940000057220458984e+00,1.530000120401382446e-01
1.700672805630003968e+18,1.522715509999999917e+01,-6.141914449999999448e+01,5.911000251770019531e+00,-2.900000102818012238e-02
1.700672805851365888e+18,1.522715649999999954e+01,-6.141914279999999593e+01,5.835000514984130859e+00,-1.040000021457672119e-01
1.700672806174364672e+18,1.522715679999999949e+01,-6.141914169999999729e+01,5.772000312805175781e+00,-1.680000126361846924e-01
1.700672806444059136e+18,1.522715610000000019e+01,-6.141914179999999845e+01,5.742000102996826172e+00,-1.970000118017196655e-01
1.700672806752597504e+18,1.522715579999999846e+01,-6.141914219999999602e+01,5.727000236511230469e+00,-2.120000123977661133e-01
1.700672806990616320e+18,1.522715649999999954e+01,-6.141914199999999369e+01,5.719000339508056641e+00,-2.200000137090682983e-01
1.700672807333888768e+18,1.522715769999999935e+01,-6.141914119999999855e+01,5.723000049591064453e+00,-2.160000056028366089e-01
1.700672807583727872e+18,1.522715869999999860e+01,-6.141914019999999397e+01,5.723000049591064453e+00,-5.000000353902578354e-03
1.700672807969482496e+18,1.522715919999999912e+01,-6.141913969999999523e+01,5.692000389099121094e+00,-3.500000014901161194e-02
1.700672808140221696e+18,1.522715949999999907e+01,-6.141913939999999883e+01,5.652000427246093750e+00,-7.600000500679016113e-02
1.700672808426556160e+18,1.522715979999999902e+01,-6.141913909999999532e+01,5.597000122070312500e+00,-1.310000121593475342e-01
1.700672808730873088e+18,1.522716020000000015e+01,-6.141913879999999892e+01,5.536000251770019531e+00,-1.910000145435333252e-01
1.700672808982225408e+18,1.522716050000000010e+01,-6.141913859999999659e+01,5.501000404357910156e+00,-2.270000129938125610e-01
1.700672809338905856e+18,1.522716099999999884e+01,-6.141913879999999892e+01,5.513000488281250000e+00,-2.150000035762786865e-01
1.700672809574307584e+18,1.522716189999999870e+01,-6.141913909999999532e+01,5.556000232696533203e+00,-1.710000038146972656e-01
1.700672809854836736e+18,1.522716319999999968e+01,-6.141913919999999649e+01,5.601000308990478516e+00,-1.270000040531158447e-01
1.700672810121697536e+18,1.522716430000000010e+01,-6.141913859999999659e+01,5.657000064849853516e+00,-7.100000232458114624e-02
1.700672810449398272e+18,1.522716539999999874e+01,-6.141913779999999434e+01,5.702000141143798828e+00,3.700000047683715820e-02
1.700672810712710144e+18,1.522716579999999986e+01,-6.141913739999999677e+01,5.731000423431396484e+00,6.599999964237213135e-02
1.700672811021847296e+18,1.522716629999999860e+01,-6.141913729999999561e+01,5.774000167846679688e+00,1.090000048279762268e-01
1.700672811271356672e+18,1.522716679999999911e+01,-6.141913759999999911e+01,5.834000110626220703e+00,1.690000146627426147e-01
1.700672811595919616e+18,1.522716789999999953e+01,-6.141913749999999794e+01,5.890000343322753906e+00,2.250000089406967163e-01
1.700672811863282944e+18,1.522716929999999991e+01,-6.141913689999999804e+01,5.940000057220458984e+00,2.760000228881835938e-01
1.700672812188068864e+18,1.522717039999999855e+01,-6.141913619999999696e+01,5.986000061035156250e+00,3.210000097751617432e-01
1.700672812440904960e+18,1.522717109999999963e+01,-6.141913559999999705e+01,6.041000366210937500e+00,2.800000086426734924e-02
1.700672812753110528e+18,1.522717169999999953e+01,-6.141913549999999589e+01,6.079000473022460938e+00,6.500000506639480591e-02
1.700672813003889920e+18,1.522717289999999934e+01,-6.141913530000000065e+01,6.075000286102294922e+00,6.100000441074371338e-02
1.700672813367520512e+18,1.522717439999999911e+01,-6.141913459999999958e+01,6.010000228881835938e+00,-2.000000094994902611e-03
1.700672813606406912e+18,1.522717579999999948e+01,-6.141913339999999977e+01,5.901000499725341797e+00,-1.120000034570693970e-01
1.700672813890235648e+18,1.522717630000000000e+01,-6.141913259999999752e+01,5.808000087738037109e+00,-2.050000131130218506e-01
1.700672814154508544e+18,1.522717619999999883e+01,-6.141913249999999636e+01,5.778000354766845703e+00,-2.350000143051147461e-01
1.700672814479574272e+18,1.522717609999999944e+01,-6.141913289999999392e+01,5.806000232696533203e+00,-2.070000171661376953e-01
1.700672814745782528e+18,1.522717679999999874e+01,-6.141913289999999392e+01,5.838000297546386719e+00,-1.740000098943710327e-01
1.700672815057698560e+18,1.522717829999999850e+01,-6.141913229999999402e+01,5.842000484466552734e+00,0.000000000000000000e+00
1.700672815341062656e+18,1.522717959999999948e+01,-6.141913129999999654e+01,5.820000171661376953e+00,-2.200000174343585968e-02
1.700672815649215232e+18,1.522718019999999939e+01,-6.141913059999999547e+01,5.799000263214111328e+00,-4.300000146031379700e-02
1.700672815887607040e+18,1.522718019999999939e+01,-6.141913019999999790e+01,5.779000282287597656e+00,-6.300000101327896118e-02
1.700672816261890560e+18,1.522718029999999878e+01,-6.141912989999999439e+01,5.729000091552734375e+00,-1.120000034570693970e-01
1.700672816480020224e+18,1.522718079999999929e+01,-6.141912959999999799e+01,5.671000480651855469e+00,-1.710000038146972656e-01
1.700672816794109696e+18,1.522718139999999920e+01,-6.141912939999999566e+01,5.609000205993652344e+00,-2.330000102519989014e-01
1.700672817027778816e+18,1.522718199999999911e+01,-6.141912920000000042e+01,5.573000431060791016e+00,-2.690000236034393311e-01
1.700672817371848960e+18,1.522718279999999957e+01,-6.141912920000000042e+01,5.558000087738037109e+00,-2.840000092983245850e-01
1.700672817634916352e+18,1.522718379999999883e+01,-6.141912920000000042e+01,5.570000171661376953e+00,1.200000010430812836e-02
1.700672817976350720e+18,1.522718519999999920e+01,-6.141912869999999458e+01,5.583000183105468750e+00,2.500000037252902985e-02
1.700672818179549184e+18,1.522718639999999901e+01,-6.141912779999999827e+01,5.585000038146972656e+00,2.600000053644180298e-02
1.700672818536538880e+18,1.522718710000000009e+01,-6.141912689999999486e+01,5.587000370025634766e+00,2.800000086426734924e-02
1.700672818754963200e+18,1.522718710000000009e+01,-6.141912659999999846e+01,5.618000030517578125e+00,5.900000408291816711e-02
1.700672819020398592e+18,1.522718699999999892e+01,-6.141912719999999837e+01,5.699000358581542969e+00,1.400000005960464478e-01
1.700672819367158528e+18,1.522718769999999999e+01,-6.141912829999999701e+01,5.800000190734863281e+00,2.420000135898590088e-01
1.700672819692134144e+18,1.522718939999999854e+01,-6.141912889999999692e+01,5.889000415802001953e+00,3.310000300407409668e-01
1.700672819913933312e+18,1.522719169999999878e+01,-6.141912829999999701e+01,5.931000232696533203e+00,3.299999982118606567e-02
1.700672820179271424e+18,1.522719379999999845e+01,-6.141912689999999486e+01,5.933000087738037109e+00,3.400000184774398804e-02
1.700672820521081344e+18,1.522719440000000013e+01,-6.141912559999999388e+01,5.917000293731689453e+00,1.900000125169754028e-02
1.700672820742388992e+18,1.522719399999999901e+01,-6.141912519999999631e+01,5.902000427246093750e+00,4.000000189989805222e-03
1.700672821083714560e+18,1.522719339999999910e+01,-6.141912559999999388e+01,5.917000293731689453e+00,1.800000108778476715e-02
1.700672821306068992e+18,1.522719359999999966e+01,-6.141912619999999379e+01,5.931000232696533203e+00,3.299999982118606567e-02
1.700672821664456448e+18,1.522719459999999891e+01,-6.141912619999999379e+01,5.937000274658203125e+00,3.800000250339508057e-02
1.700672821943997184e+18,1.522719619999999985e+01,-6.141912539999999865e+01,5.924000263214111328e+00,-5.000000353902578354e-03
1.700672822250640640e+18,1.522719749999999905e+01,-6.141912409999999767e+01,5.883000373840332031e+00,-4.600000381469726562e-02
1.700672822411690240e+18,1.522719839999999891e+01,-6.141912269999999552e+01,5.816000461578369141e+00,-1.130000054836273193e-01
1.700672822794571776e+18,1.522719850000000008e+01,-6.141912149999999571e+01,5.747000217437744141e+00,-1.820000112056732178e-01
1.700672823048945152e+18,1.522719820000000013e+01,-6.141912099999999697e+01,5.700000286102294922e+00,-2.300000041723251343e-01
1.700672823405274112e+18,1.522719799999999957e+01,-6.141912109999999814e+01,5.677000045776367188e+00,-2.520000040531158447e-01
1.700672823637135104e+18,1.522719859999999947e+01,-6.141912089999999580e+01,5.659000396728515625e+00,-2.700000107288360596e-01
1.700672823935564288e+18,1.522719989999999868e+01,-6.141912019999999472e+01,5.632000446319580078e+00,-2.970000207424163818e-01
1.700672824182650368e+18,1.522720099999999910e+01,-6.141911909999999608e+01,5.624000072479248047e+00,-6.000000052154064178e-03
1.700672824499114240e+18,1.522720149999999961e+01,-6.141911839999999501e+01,5.640000343322753906e+00,1.000000070780515671e-02
1.700672824775964928e+18,1.522720179999999957e+01,-6.141911829999999384e+01,5.685000419616699219e+00,5.500000342726707458e-02
1.700672825180917760e+18,1.522720209999999952e+01,-6.141911849999999617e+01,5.741000175476074219e+00,1.100000068545341492e-01
1.700672825335732224e+18,1.522720279999999882e+01,-6.141911859999999734e+01,5.803000450134277344e+00,1.730000078678131104e-01
1.700672825621876736e+18,1.522720379999999984e+01,-6.141911809999999861e+01,5.841000080108642578e+00,2.110000103712081909e-01
1.700672825929794304e+18,1.522720489999999849e+01,-6.141911739999999753e+01,5.864000320434570312e+00,2.340000122785568237e-01
1.700672826302616320e+18,1.522720559999999956e+01,-6.141911719999999519e+01,5.874000072479248047e+00,2.440000176429748535e-01
1.700672826539466752e+18,1.522720619999999947e+01,-6.141911739999999753e+01,5.879000186920166016e+00,2.490000128746032715e-01
1.700672826742217728e+18,1.522720689999999877e+01,-6.141911769999999393e+01,5.895000457763671875e+00,1.300000026822090149e-02
1.700672827137490944e+18,1.522720789999999980e+01,-6.141911789999999627e+01,5.911000251770019531e+00,2.900000102818012238e-02
1.700672827569765120e+18,1.522720930000000017e+01,-6.141911779999999510e+01,5.898000240325927734e+00,1.600000075995922089e-02
1.700672827677104896e+18,1.522721079999999994e+01,-6.141911729999999636e+01,5.855000495910644531e+00,-2.600000053644180298e-02
1.700672827881728256e+18,1.522721149999999923e+01,-6.141911649999999412e+01,5.824000358581542969e+00,-5.800000205636024475e-02
1.700672828217811712e+18,1.522721189999999858e+01,-6.141911619999999772e+01,5.806000232696533203e+00,-7.500000298023223877e-02
1.700672828547813120e+18,1.522721239999999909e+01,-6.141911619999999772e+01,5.794000148773193359e+00,-8.700000494718551636e-02
1.700672828814487040e+18,1.522721310000000017e+01,-6.141911580000000015e+01,5.784000396728515625e+00,-9.700000286102294922e-02
1.700672829048321536e+18,1.522721359999999891e+01,-6.141911529999999431e+01,5.785000324249267578e+00,0.000000000000000000e+00
1.700672829419597056e+18,1.522721400000000003e+01,-6.141911520000000024e+01,5.806000232696533203e+00,2.200000174343585968e-02
1.700672829646577152e+18,1.522721449999999876e+01,-6.141911509999999907e+01,5.828000068664550781e+00,4.300000146031379700e-02
1.700672829951785472e+18,1.522721559999999918e+01,-6.141911449999999917e+01,5.827000141143798828e+00,4.200000315904617310e-02
1.700672830202620416e+18,1.522721669999999961e+01,-6.141911289999999468e+01,5.751000404357910156e+00,-3.200000151991844177e-02
1.700672830557800192e+18,1.522721679999999900e+01,-6.141911149999999964e+01,5.670000076293945312e+00,-1.130000054836273193e-01
1.700672830765337088e+18,1.522721589999999914e+01,-6.141911129999999730e+01,5.662000179290771484e+00,-1.210000067949295044e-01
1.700672831104129024e+18,1.522721539999999862e+01,-6.141911220000000071e+01,5.696000099182128906e+00,-8.700000494718551636e-02
1.700672831337036544e+18,1.522721609999999970e+01,-6.141911289999999468e+01,5.728000164031982422e+00,-5.500000342726707458e-02
1.700672831677207040e+18,1.522721789999999942e+01,-6.141911220000000071e+01,5.730000495910644531e+00,-5.300000309944152832e-02
1.700672831922902272e+18,1.522721959999999974e+01,-6.141911069999999739e+01,5.706000328063964844e+00,-1.100000087171792984e-02
1.700672832252975104e+18,1.522722009999999848e+01,-6.141910929999999524e+01,5.684000492095947266e+00,-3.299999982118606567e-02
1.700672832521657856e+18,1.522721959999999974e+01,-6.141910919999999408e+01,5.705000400543212891e+00,-1.300000026822090149e-02
1.700672832831284224e+18,1.522721909999999923e+01,-6.141911009999999749e+01,5.784000396728515625e+00,6.500000506639480591e-02
1.700672833068054016e+18,1.522721979999999853e+01,-6.141911099999999379e+01,5.863000392913818359e+00,1.440000087022781372e-01
1.700672833471100672e+18,1.522722149999999885e+01,-6.141911109999999496e+01,5.908000469207763672e+00,1.890000104904174805e-01
1.700672833664105472e+18,1.522722379999999909e+01,-6.141911029999999982e+01,5.933000087738037109e+00,2.140000164508819580e-01
1.700672833973775104e+18,1.522722549999999941e+01,-6.141910929999999524e+01,5.936000347137451172e+00,0.000000000000000000e+00
1.700672834240120832e+18,1.522722609999999932e+01,-6.141910869999999534e+01,5.943000316619873047e+00,6.000000052154064178e-03
1.700672834579058688e+18,1.522722619999999871e+01,-6.141910869999999534e+01,5.965000152587890625e+00,2.800000086426734924e-02
1.700672834827568896e+18,1.522722629999999988e+01,-6.141910919999999408e+01,6.009000301361083984e+00,7.100000232458114624e-02
1.700672835141382656e+18,1.522722729999999913e+01,-6.141910979999999398e+01,6.057000160217285156e+00,1.200000047683715820e-01
1.700672835359490304e+18,1.522722890000000007e+01,-6.141910989999999515e+01,6.085000514984130859e+00,1.480000019073486328e-01
1.700672835727615488e+18,1.522723069999999979e+01,-6.141910939999999641e+01,6.068000316619873047e+00,1.310000121593475342e-01
1.700672835972129792e+18,1.522723210000000016e+01,-6.141910850000000011e+01,6.008000373840332031e+00,7.100000232458114624e-02
1.700672836372147712e+18,1.522723270000000007e+01,-6.141910759999999669e+01,5.930000305175781250e+00,-7.200000435113906860e-02
1.700672836553650688e+18,1.522723270000000007e+01,-6.141910730000000029e+01,5.881000041961669922e+00,-1.210000067949295044e-01
1.700672836792529152e+18,1.522723249999999950e+01,-6.141910739999999436e+01,5.863000392913818359e+00,-1.390000134706497192e-01
1.700672837134354432e+18,1.522723300000000002e+01,-6.141910749999999553e+01,5.853000164031982422e+00,-1.490000039339065552e-01
1.700672837427343872e+18,1.522723409999999866e+01,-6.141910730000000029e+01,5.852000236511230469e+00,-1.500000059604644775e-01
1.700672837708071168e+18,1.522723559999999843e+01,-6.141910689999999562e+01,5.864000320434570312e+00,-1.380000114440917969e-01
1.700672837907858176e+18,1.522723699999999880e+01,-6.141910599999999931e+01,5.841000080108642578e+00,-1.610000133514404297e-01
1.700672838265692416e+18,1.522723769999999988e+01,-6.141910479999999950e+01,5.796000480651855469e+00,-2.060000151395797729e-01
1.700672838482972416e+18,1.522723789999999866e+01,-6.141910379999999492e+01,5.746000289916992188e+00,-3.500000014901161194e-02
1.700672838828466944e+18,1.522723759999999871e+01,-6.141910339999999735e+01,5.717000484466552734e+00,-6.400000303983688354e-02
1.700672839061660928e+18,1.522723749999999932e+01,-6.141910329999999618e+01,5.721000194549560547e+00,-6.100000441074371338e-02
1.700672839439612160e+18,1.522723769999999988e+01,-6.141910339999999735e+01,5.768000125885009766e+00,-1.300000026822090149e-02
1.700672839637661952e+18,1.522723879999999852e+01,-6.141910359999999969e+01,5.827000141143798828e+00,4.500000178813934326e-02
1.700672839997770752e+18,1.522724009999999950e+01,-6.141910369999999375e+01,5.890000343322753906e+00,1.070000082254409790e-01
1.700672840216671744e+18,1.522724129999999931e+01,-6.141910359999999969e+01,5.931000232696533203e+00,1.490000039339065552e-01
1.700672840557677568e+18,1.522724249999999913e+01,-6.141910279999999744e+01,5.931000232696533203e+00,1.480000019073486328e-01
1.700672840821161728e+18,1.522724329999999959e+01,-6.141910169999999880e+01,5.910000324249267578e+00,1.270000040531158447e-01
1.700672841162978304e+18,1.522724339999999899e+01,-6.141910139999999529e+01,5.906000137329101562e+00,1.240000054240226746e-01
1.700672841350900736e+18,1.522724319999999842e+01,-6.141910189999999403e+01,5.958000183105468750e+00,1.760000139474868774e-01
1.700672841728893696e+18,1.522724359999999955e+01,-6.141910269999999628e+01,6.033000469207763672e+00,2.500000000000000000e-01
1.700672841972657920e+18,1.522724479999999936e+01,-6.141910289999999861e+01,6.076000213623046875e+00,8.000000379979610443e-03
1.700672842334481664e+18,1.522724629999999912e+01,-6.141910249999999394e+01,6.098000526428222656e+00,2.900000102818012238e-02
1.700672842521071872e+18,1.522724749999999894e+01,-6.141910169999999880e+01,6.115000247955322266e+00,4.600000381469726562e-02
1.700672842863897856e+18,1.522724809999999884e+01,-6.141910099999999773e+01,6.131000518798828125e+00,6.300000101327896118e-02
1.700672843135894272e+18,1.522724820000000001e+01,-6.141910069999999422e+01,6.141000270843505859e+00,7.300000637769699097e-02
1.700672843490089216e+18,1.522724809999999884e+01,-6.141910079999999539e+01,6.147000312805175781e+00,7.900000363588333130e-02
1.700672843703823104e+18,1.522724829999999940e+01,-6.141910129999999413e+01,6.153000354766845703e+00,8.500000089406967163e-02
1.700672844028286720e+18,1.522724909999999987e+01,-6.141910179999999997e+01,6.152000427246093750e+00,8.300000429153442383e-02
1.700672844247910400e+18,1.522725049999999847e+01,-6.141910149999999646e+01,6.134000301361083984e+00,6.500000506639480591e-02
1.700672844577918720e+18,1.522725219999999879e+01,-6.141910029999999665e+01,6.068000316619873047e+00,-4.900000244379043579e-02
1.700672844874726656e+18,1.522725329999999921e+01,-6.141909899999999567e+01,5.960000514984130859e+00,-1.570000052452087402e-01
1.700672845198198016e+18,1.522725369999999856e+01,-6.141909859999999810e+01,5.871000289916992188e+00,-2.470000088214874268e-01
1.700672845400247296e+18,1.522725379999999973e+01,-6.141909919999999801e+01,5.838000297546386719e+00,-2.790000140666961670e-01
1.700672845728594432e+18,1.522725460000000020e+01,-6.141909989999999908e+01,5.838000297546386719e+00,-2.790000140666961670e-01
1.700672845998993920e+18,1.522725599999999879e+01,-6.141909979999999791e+01,5.849000453948974609e+00,-2.690000236034393311e-01
1.700672846246565376e+18,1.522725779999999851e+01,-6.141909869999999927e+01,5.830000400543212891e+00,-7.000000216066837311e-03
1.700672846583591424e+18,1.522725930000000005e+01,-6.141909700000000072e+01,5.768000125885009766e+00,-7.000000029802322388e-02
1.700672846803912192e+18,1.522725960000000001e+01,-6.141909559999999857e+01,5.712000370025634766e+00,-1.260000020265579224e-01
1.700672847157542912e+18,1.522725889999999893e+01,-6.141909529999999506e+01,5.727000236511230469e+00,-1.100000068545341492e-01
