1697740552944403456.000000,0.000000,1.800336,-1.317312,2.142418,1.433339,
1697740552974409984.000000,0.000000,1.793269,-1.346648,2.143922,1.435138,
1697740553014409984.000000,0.000000,1.789529,-1.386424,2.146001,1.437662,
1697740553043409920.000000,0.000000,1.783125,-1.416598,2.148254,1.439032,
1697740553073416448.000000,0.000000,1.775935,-1.447173,2.150491,1.440593,
1697740553113416448.000000,0.000000,1.773199,-1.488454,2.153684,1.442539,
1697740553143416320.000000,0.000000,1.766684,-1.518843,2.155832,1.443831,
1697740553172423168.000000,0.000000,1.759578,-1.549564,2.158097,1.445058,
1697740553212423168.000000,0.000000,1.756352,-1.591206,2.161137,1.447130,
1697740553242423040.000000,0.000000,1.748709,-1.622530,2.163707,1.448421,
1697740553281429504.000000,0.000000,1.741211,-1.664901,2.167268,1.450416,
1697740553311429632.000000,0.000000,1.737062,-1.696934,2.169914,1.452206,
1697740553341429504.000000,0.000000,1.728445,-1.728674,2.172488,1.453824,
1697740553380436224.000000,0.000000,1.720079,-1.770955,2.175826,1.456102,
1697740553410436096.000000,0.000000,1.715682,-1.802828,2.178442,1.457885,
1697740553440436224.000000,0.000000,1.707663,-1.834715,2.181548,1.459551,
1697740553479442944.000000,0.000000,1.699597,-1.877129,2.186184,1.461484,
1697740553509443072.000000,0.000000,1.695447,-1.909174,2.189758,1.463059,
1697740553539443200.000000,0.000000,1.687619,-1.940854,2.193350,1.464365,
1697740553578449408.000000,0.000000,1.680006,-1.982997,2.198322,1.466129,
1697740553608449536.000000,0.000000,1.676521,-2.014638,2.202177,1.467415,
1697740553648449536.000000,0.000000,1.669663,-2.056627,2.207314,1.469048,
1697740553678455552.000000,0.000000,1.661826,-2.088024,2.211335,1.470369,
1697740553707455488.000000,0.000000,1.657480,-2.119425,2.215541,1.471650,
1697740553737455616.000000,0.000000,1.651767,-2.150538,2.220069,1.472821,
1697740553777460480.000000,0.000000,1.642359,-2.191739,2.226539,1.474324,
1697740553806460416.000000,0.000000,1.637742,-2.222519,2.231636,1.475572,
1697740553846460416.000000,0.000000,1.628895,-2.262597,2.239413,1.476825,
1697740553876466944.000000,0.000000,1.619353,-2.292246,2.245698,1.477828,
1697740553906466816.000000,0.000000,1.614416,-2.321749,2.252288,1.478830,
1697740553945466880.000000,0.000000,1.605586,-2.360612,2.261424,1.479928,
1697740553975472128.000000,0.000000,1.594914,-2.389580,2.268546,1.480768,
1697740554014472192.000000,0.000000,1.589837,-2.428001,2.278534,1.482009,
1697740554044472320.000000,0.000000,1.580217,-2.456578,2.286631,1.482646,
1697740554074478592.000000,0.000000,1.569516,-2.485144,2.294893,1.483310,
1697740554113478656.000000,0.000000,1.564597,-2.523126,2.306425,1.484433,
1697740554143478784.000000,0.000000,1.555412,-2.550868,2.314887,1.484981,
1697740554173484288.000000,0.000000,1.545692,-2.578670,2.323565,1.485558,
1697740554213484288.000000,0.000000,1.541284,-2.615781,2.335452,1.486741,
1697740554242484224.000000,0.000000,1.531575,-2.643575,2.344532,1.487182,
1697740554272490752.000000,0.000000,1.523399,-2.671384,2.353807,1.487799,
1697740554312490752.000000,0.000000,1.519379,-2.708725,2.366568,1.489135,
1697740554341490688.000000,0.000000,1.512107,-2.736194,2.377082,1.490223,
1697740554371496960.000000,0.000000,1.505720,-2.763883,2.387778,1.491872,
1697740554411496960.000000,0.000000,1.502403,-2.800743,2.402447,1.494650,
1697740554441497088.000000,0.000000,1.496461,-2.827722,2.413351,1.496730,
1697740554480503296.000000,0.000000,1.489483,-2.863657,2.428317,1.500110,
1697740554510503168.000000,0.000000,1.485786,-2.890746,2.439608,1.503146,
1697740554540503296.000000,0.000000,1.478296,-2.917630,2.451057,1.505649,
1697740554579509760.000000,0.000000,1.468330,-2.953498,2.466471,1.509144,
1697740554609509888.000000,0.000000,1.463313,-2.980481,2.478217,1.512056,
1697740554639510016.000000,0.000000,1.452520,-3.007437,2.490055,1.514697,
1697740554678517504.000000,0.000000,1.441162,-3.043290,2.506149,1.518245,
1697740554708517632.000000,0.000000,1.435427,-3.070229,2.518340,1.520962,
1697740554738517504.000000,0.000000,1.424533,-3.096435,2.530533,1.523653,
1697740554777523968.000000,0.000000,1.412474,-3.131139,2.547074,1.527240,
1697740554807523840.000000,0.000000,1.407906,-3.157300,2.559581,1.530084,
1697740554837523968.000000,0.000000,1.400548,-3.183162,2.572051,1.532966,
1697740554877529344.000000,0.000000,1.392139,-3.217699,2.588727,1.536753,
1697740554906529280.000000,0.000000,1.388967,-3.243710,2.601420,1.539694,
1697740554946529280.000000,0.000000,1.382923,-3.278496,2.618830,1.543368,
1697740554976535296.000000,0.000000,1.377604,-3.304691,2.632160,1.546125,
1697740555005535232.000000,0.000000,1.374847,-3.331079,2.645724,1.548792,
1697740555045535232.000000,0.000000,1.369974,-3.366242,2.664145,1.551787,
1697740555075541504.000000,0.000000,1.364435,-3.392755,2.678195,1.553852,
1697740555114541312.000000,0.000000,1.361852,-3.428105,2.697210,1.556903,
1697740555144541440.000000,0.000000,1.355109,-3.454031,2.711783,1.558705,
1697740555174546432.000000,0.000000,1.348191,-3.479548,2.726436,1.560461,
1697740555214546432.000000,0.000000,1.344243,-3.513628,2.746381,1.563201,
1697740555243546624.000000,0.000000,1.335912,-3.539674,2.761572,1.565123,
1697740555273551872.000000,0.000000,1.327681,-3.565723,2.776915,1.567398,
1697740555313551872.000000,0.000000,1.324589,-3.600339,2.797519,1.571273,
1697740555342551808.000000,0.000000,1.315068,-3.625731,2.813152,1.573821,
1697740555372558080.000000,0.000000,1.304739,-3.650652,2.828935,1.576683,
1697740555412558080.000000,0.000000,1.301209,-3.684129,2.850224,1.581643,
1697740555442557952.000000,0.000000,1.290336,-3.709078,2.866856,1.585385,
1697740555481563648.000000,0.000000,1.280163,-3.742211,2.889188,1.591699,
1697740555511563776.000000,0.000000,1.274921,-3.767224,2.905930,1.597662,
1697740555540563712.000000,0.000000,1.265779,-3.792027,2.923296,1.603620,
1697740555580569600.000000,0.000000,1.256542,-3.825242,2.946530,1.612826,
1697740555610569472.000000,0.000000,1.252407,-3.850206,2.963926,1.620785,
1697740555640569600.000000,0.000000,1.244355,-3.874831,2.981565,1.628651,
1697740555679575552.000000,0.000000,1.236492,-3.907841,3.005007,1.640502,
1697740555709575424.000000,0.000000,1.232322,-3.932736,3.022692,1.650226,
1697740555739575296.000000,0.000000,1.224240,-3.957806,3.040411,1.659859,
1697740555778581248.000000,0.000000,1.215456,-3.991449,3.063984,1.673461,
1697740555808581376.000000,0.000000,1.211490,-4.016804,3.081591,1.684686,
1697740555838581248.000000,0.000000,1.203401,-4.041725,3.099385,1.696193,
1697740555877587200.000000,0.000000,1.193748,-4.074790,3.123204,1.712205,
1697740555907587072.000000,0.000000,1.191270,-4.099668,3.141244,1.724745,
1697740555947587072.000000,0.000000,1.182111,-4.132328,3.165124,1.741376,
1697740555976593408.000000,0.000000,1.172828,-4.156734,3.183078,1.754035,
1697740556006593280.000000,0.000000,1.168430,-4.181093,3.201013,1.767146,
1697740556046593280.000000,0.000000,1.159241,-4.213543,3.224931,1.783710,
1697740556076599552.000000,0.000000,1.149328,-4.237662,3.242772,1.796158,
1697740556115599360.000000,0.000000,1.144319,-4.269646,3.266697,1.812641,
1697740556145599488.000000,0.000000,1.134515,-4.293134,3.284637,1.824427,
1697740556175606272.000000,0.000000,1.125541,-4.316195,3.302486,1.835869,
1697740556214606336.000000,0.000000,1.121336,-4.346520,3.326175,1.850769,
1697740556244606464.000000,0.000000,1.113231,-4.368595,3.344672,1.861412,
1697740556274611968.000000,0.000000,1.104605,-4.390232,3.362924,1.871797,
1697740556313612032.000000,0.000000,1.101174,-4.418313,3.387139,1.884811,
1697740556343611904.000000,0.000000,1.094640,-4.439258,3.404632,1.893695,
1697740556373618944.000000,0.000000,1.089116,-4.459715,3.422088,1.902341,
1697740556413618944.000000,0.000000,1.086158,-4.486484,3.445379,1.913383,
1697740556442618880.000000,0.000000,1.080498,-4.505857,3.462584,1.921205,
1697740556472625664.000000,0.000000,1.074062,-4.524986,3.479934,1.928569,
1697740556511625728.000000,0.000000,1.071071,-4.550051,3.503366,1.938116,
1697740556541625600.000000,0.000000,1.065572,-4.568671,3.521529,1.944769,
1697740556571632640.000000,0.000000,1.059732,-4.587105,3.539875,1.951628,
1697740556611632640.000000,0.000000,1.056417,-4.611527,3.564727,1.960632,
1697740556640632576.000000,0.000000,1.051298,-4.629135,3.583816,1.966897,
1697740556680638208.000000,0.000000,1.045737,-4.652643,3.609812,1.975329,
1697740556710638080.000000,0.000000,1.042529,-4.670276,3.629809,1.981770,
1697740556740638208.000000,0.000000,1.036391,-4.687459,3.649668,1.987080,
1697740556779643392.000000,0.000000,1.028945,-4.710480,3.676768,1.994684,
1697740556809643520.000000,0.000000,1.025249,-4.727754,3.697480,2.000907,
1697740556839643648.000000,0.000000,1.018152,-4.744962,3.718863,2.006715,
1697740556878648832.000000,0.000000,1.013562,-4.767848,3.747877,2.014729,
1697740556908648960.000000,0.000000,1.006320,-4.785020,3.769890,2.021326,
1697740556938648832.000000,0.000000,1.000785,-4.801790,3.792212,2.027728,
1697740556977654272.000000,0.000000,0.993642,-4.823764,3.822088,2.036666,
1697740557007654400.000000,0.000000,0.991929,-4.840197,3.844684,2.043835,
1697740557047654400.000000,0.000000,0.985162,-4.862127,3.874552,2.053228,
1697740557076660224.000000,0.000000,0.977712,-4.878553,3.897045,2.060632,
1697740557106660096.000000,0.000000,0.974166,-4.894963,3.919470,2.068398,
1697740557146660096.000000,0.000000,0.965957,-4.916264,3.949931,2.078353,
1697740557175666688.000000,0.000000,0.957624,-4.932050,3.972897,2.086016,
1697740557205666816.000000,0.000000,0.953475,-4.947696,3.995933,2.093795,
1697740557245666816.000000,0.000000,0.946239,-4.967828,4.026808,2.103104,
1697740557274674176.000000,0.000000,0.937529,-4.982858,4.050125,2.110060,
1697740557304674304.000000,0.000000,0.933302,-4.997908,4.073554,2.117172,
1697740557344674304.000000,0.000000,0.925646,-5.017926,4.104524,2.125714,
1697740557374679808.000000,0.000000,0.917695,-5.032917,4.127922,2.132281,
1697740557413679872.000000,0.000000,0.914316,-5.052889,4.159247,2.141233,
1697740557443679744.000000,0.000000,0.907373,-5.067784,4.182851,2.147372,
1697740557473685504.000000,0.000000,0.900851,-5.082760,4.206656,2.153788,
1697740557512685568.000000,0.000000,0.897631,-5.102941,4.238887,2.162327,
1697740557542685440.000000,0.000000,0.890729,-5.117500,4.263449,2.168043,
1697740557572692992.000000,0.000000,0.883623,-5.132223,4.288244,2.173794,
1697740557611693056.000000,0.000000,0.880951,-5.152188,4.321734,2.181816,
1697740557641692928.000000,0.000000,0.875156,-5.167048,4.346708,2.186984,
1697740557671698432.000000,0.000000,0.869536,-5.182204,4.371938,2.192406,
1697740557711698432.000000,0.000000,0.866344,-5.202770,4.405880,2.200231,
1697740557740698624.000000,0.000000,0.860393,-5.218262,4.432202,2.205713,
1697740557780706048.000000,0.000000,0.853753,-5.239354,4.467408,2.213614,
1697740557810705920.000000,0.000000,0.850630,-5.255483,4.493968,2.219924,
1697740557839706112.000000,0.000000,0.844559,-5.271870,4.520247,2.226222,
1697740557879712768.000000,0.000000,0.837241,-5.294021,4.555253,2.234953,
1697740557909712896.000000,0.000000,0.833497,-5.310978,4.581584,2.242422,
1697740557938712832.000000,0.000000,0.826275,-5.328020,4.608119,2.249986,
1697740557978719744.000000,0.000000,0.818088,-5.350906,4.643825,2.260870,
1697740558008719872.000000,0.000000,0.814536,-5.368231,4.670880,2.269398,
1697740558047719936.000000,0.000000,0.805837,-5.391814,4.707154,2.281024,
1697740558077726464.000000,0.000000,0.797244,-5.409732,4.734637,2.290147,
1697740558107726336.000000,0.000000,0.792545,-5.427692,4.762400,2.299751,
1697740558146726400.000000,0.000000,0.783425,-5.451663,4.799364,2.312006,
1697740558176732672.000000,0.000000,0.772437,-5.469808,4.827325,2.321515,
1697740558206732544.000000,0.000000,0.767073,-5.487978,4.855357,2.331515,
1697740558246732544.000000,0.000000,0.755387,-5.510920,4.892878,2.344191,
1697740558275739648.000000,0.000000,0.743533,-5.527814,4.921005,2.353721,
1697740558315739648.000000,0.000000,0.737854,-5.550133,4.958465,2.367031,
1697740558345739520.000000,0.000000,0.728064,-5.566613,4.986927,2.376182,
1697740558374746624.000000,0.000000,0.718400,-5.582997,5.015534,2.385382,
1697740558414746624.000000,0.000000,0.714121,-5.604739,5.053675,2.397813,
1697740558444746752.000000,0.000000,0.706865,-5.620962,5.082470,2.405931,
1697740558474753536.000000,0.000000,0.699800,-5.637076,5.111254,2.414013,
1697740558513753600.000000,0.000000,0.696886,-5.658103,5.149703,2.424896,
1697740558543753728.000000,0.000000,0.691473,-5.673388,5.178570,2.432250,
1697740558573760000.000000,0.000000,0.686770,-5.688421,5.207389,2.439658,
1697740558612760064.000000,0.000000,0.684812,-5.708024,5.245744,2.449674,
1697740558642759936.000000,0.000000,0.682232,-5.722097,5.274318,2.456843,
1697740558672768256.000000,0.000000,0.677953,-5.736013,5.302999,2.464071,
1697740558711768064.000000,0.000000,0.676002,-5.754442,5.341339,2.474123,
1697740558741768192.000000,0.000000,0.671021,-5.767861,5.370049,2.481045,
1697740558781774848.000000,0.000000,0.665178,-5.785672,5.408438,2.490388,
1697740558811774976.000000,0.000000,0.661672,-5.799072,5.437141,2.497759,
1697740558840774912.000000,0.000000,0.654705,-5.812381,5.465512,2.504879,
1697740558880781568.000000,0.000000,0.646601,-5.830065,5.503256,2.514467,
1697740558909781504.000000,0.000000,0.642430,-5.843668,5.531579,2.522061,
1697740558949781504.000000,0.000000,0.634215,-5.861687,5.569153,2.532201,
1697740558979788288.000000,0.000000,0.625798,-5.875326,5.597361,2.540087,
1697740559009788160.000000,0.000000,0.620971,-5.889262,5.625713,2.548667,
1697740559038788096.000000,0.000000,0.612002,-5.903492,5.654588,2.557453,
1697740559078795008.000000,0.000000,0.601620,-5.922956,5.693543,2.569946,
1697740559108795136.000000,0.000000,0.596381,-5.937763,5.722889,2.580107,
1697740559137795072.000000,0.000000,0.585510,-5.952789,5.751618,2.590790,
1697740559177801472.000000,0.000000,0.573025,-5.973070,5.789581,2.605945,
1697740559207801344.000000,0.000000,0.569069,-5.988324,5.818080,2.618255,
1697740559246801408.000000,0.000000,0.558474,-6.008545,5.856514,2.634639,
1697740559276807168.000000,0.000000,0.549563,-6.023602,5.885406,2.647403,
1697740559306807040.000000,0.000000,0.545862,-6.038548,5.914206,2.660753,
1697740559345807104.000000,0.000000,0.538939,-6.058298,5.951971,2.678620,
1697740559375813120.000000,0.000000,0.532461,-6.072947,5.980158,2.692319,
1697740559415813120.000000,0.000000,0.529461,-6.092203,6.017630,2.711112,
1697740559445813248.000000,0.000000,0.523098,-6.106308,6.045535,2.724538,
1697740559474820096.000000,0.000000,0.517321,-6.120162,6.073305,2.738069,
1697740559514820096.000000,0.000000,0.514048,-6.138366,6.110222,2.755470,
1697740559544820224.000000,0.000000,0.507030,-6.151753,6.138425,2.767431,
1697740559573827328.000000,0.000000,0.500608,-6.165071,6.166511,2.779215,
1697740559613827328.000000,0.000000,0.497672,-6.182571,6.203863,2.794116,
1697740559643827200.000000,0.000000,0.491063,-6.195592,6.231763,2.804237,
1697740559672833792.000000,0.000000,0.485200,-6.208484,6.259680,2.813932,
1697740559712833792.000000,0.000000,0.482856,-6.225537,6.297193,2.825673,
1697740559742833664.000000,0.000000,0.477108,-6.237631,6.325259,2.833509,
1697740559782840320.000000,0.000000,0.468925,-6.253575,6.362674,2.843091,
1697740559811840512.000000,0.000000,0.465152,-6.265250,6.390785,2.849457,
1697740559841840384.000000,0.000000,0.457428,-6.276459,6.419371,2.854569,
1697740559881847040.000000,0.000000,0.453560,-6.290915,6.457747,2.860216,
1697740559910846976.000000,0.000000,0.446099,-6.301449,6.486581,2.863747,
1697740559940847104.000000,0.000000,0.438579,-6.311880,6.515269,2.866454,
1697740559980853760.000000,0.000000,0.431484,-6.325483,6.553330,2.869393,
1697740560010853632.000000,0.000000,0.428479,-6.335258,6.581903,2.871514,
1697740560039853568.000000,0.000000,0.422888,-6.344528,6.610319,2.873084,
1697740560079860224.000000,0.000000,0.415902,-6.356225,6.648198,2.874963,
1697740560109860096.000000,0.000000,0.412668,-6.364607,6.676600,2.876781,
1697740560138860032.000000,0.000000,0.407530,-6.372520,6.704849,2.878585,
1697740560178866432.000000,0.000000,0.400601,-6.382504,6.742324,2.881607,
1697740560208866560.000000,0.000000,0.395583,-6.389656,6.770500,2.884259,
1697740560237866496.000000,0.000000,0.387502,-6.396353,6.798664,2.887081,
1697740560277873152.000000,0.000000,0.379567,-6.404917,6.836238,2.891166,
1697740560307873280.000000,0.000000,0.375778,-6.411213,6.864447,2.895025,
1697740560346873088.000000,0.000000,0.369089,-6.419437,6.902683,2.899963,
1697740560376878848.000000,0.000000,0.361913,-6.425606,6.931472,2.904055,
1697740560406878720.000000,0.000000,0.358410,-6.431722,6.960306,2.908244,
1697740560445878784.000000,0.000000,0.351782,-6.439929,6.998208,2.913186,
1697740560475884544.000000,0.000000,0.343715,-6.446023,7.026518,2.916950,
1697740560505884416.000000,0.000000,0.339985,-6.452139,7.054796,2.920726,
1697740560545884416.000000,0.000000,0.332929,-6.460044,7.092383,2.924801,
1697740560574890496.000000,0.000000,0.325720,-6.465972,7.120756,2.927721,
1697740560614890496.000000,0.000000,0.323093,-6.474085,7.158669,2.931622,
1697740560644890624.000000,0.000000,0.319239,-6.480196,7.187414,2.933913,
1697740560673896704.000000,0.000000,0.316043,-6.486186,7.216139,2.935935,
1697740560713896704.000000,0.000000,0.315122,-6.494038,7.254341,2.938201,
1697740560743896576.000000,0.000000,0.314730,-6.499537,7.282840,2.938943,
1697740560772902912.000000,0.000000,0.311650,-6.504966,7.311310,2.939550,
1697740560812902912.000000,0.000000,0.310162,-6.512138,7.349405,2.940060,
1697740560842902784.000000,0.000000,0.306061,-6.517136,7.378016,2.939967,
1697740560871909376.000000,0.000000,0.304473,-6.521799,7.406664,2.939472,
1697740560911909376.000000,0.000000,0.298056,-6.527944,7.444909,2.939021,
1697740560941909248.000000,0.000000,0.291476,-6.532284,7.473679,2.938397,
1697740560981915392.000000,0.000000,0.283456,-6.537918,7.512195,2.937285,
1697740561010915328.000000,0.000000,0.279240,-6.541982,7.541281,2.936479,
1697740561040915456.000000,0.000000,0.270592,-6.545651,7.570569,2.935557,
1697740561080923392.000000,0.000000,0.260693,-6.550219,7.609921,2.934470,
1697740561109923328.000000,0.000000,0.256317,-6.553592,7.639580,2.933849,
1697740561139923456.000000,0.000000,0.247880,-6.556772,7.669283,2.932975,
1697740561179929600.000000,0.000000,0.239319,-6.560799,7.709069,2.931978,
1697740561208929536.000000,0.000000,0.235602,-6.563591,7.738985,2.931557,
1697740561238929408.000000,0.000000,0.228309,-6.565994,7.768976,2.931046,
1697740561278935552.000000,0.000000,0.223620,-6.568903,7.809259,2.930702,
1697740561308935680.000000,0.000000,0.216753,-6.570900,7.839757,2.930872,
1697740561337935616.000000,0.000000,0.209182,-6.572747,7.870494,2.930997,
1697740561377941504.000000,0.000000,0.200643,-6.574831,7.912034,2.931415,
1697740561407941632.000000,0.000000,0.194603,-6.576334,7.943676,2.932283,
1697740561446941440.000000,0.000000,0.184398,-6.577664,7.986490,2.933045,
1697740561476947456.000000,0.000000,0.173598,-6.578468,8.019091,2.933734,
1697740561506947328.000000,0.000000,0.168487,-6.579195,8.052300,2.934670,
1697740561545947392.000000,0.000000,0.158636,-6.580256,8.096957,2.935518,
1697740561575952896.000000,0.000000,0.149700,-6.581051,8.130736,2.936132,
1697740561605953024.000000,0.000000,0.145184,-6.581734,8.164758,2.936749,
1697740561644953088.000000,0.000000,0.137762,-6.582426,8.210907,2.936922,
1697740561674958848.000000,0.000000,0.129568,-6.582833,8.245971,2.937038,
1697740561714958848.000000,0.000000,0.126244,-6.583186,8.292997,2.937256,
1697740561743959040.000000,0.000000,0.118422,-6.582657,8.328546,2.936562,
1697740561773964544.000000,0.000000,0.111545,-6.581913,8.364145,2.935692,
1697740561813964544.000000,0.000000,0.107560,-6.580686,8.411465,2.934583,
1697740561843964416.000000,0.000000,0.102644,-6.579584,8.446666,2.933619,
1697740561872970496.000000,0.000000,0.094570,-6.578219,8.481647,2.932432,
1697740561912970496.000000,0.000000,0.090929,-6.576263,8.528110,2.930922,
1697740561942970368.000000,0.000000,0.083569,-6.574603,8.563008,2.929209,
1697740561971976704.000000,0.000000,0.074894,-6.572897,8.597528,2.927404,
1697740562011976704.000000,0.000000,0.070539,-6.570656,8.642845,2.925096,
1697740562041976832.000000,0.000000,0.062574,-6.568634,8.676264,2.923169,
1697740562080982784.000000,0.000000,0.053958,-6.565784,8.720098,2.920586,
1697740562110982656.000000,0.000000,0.049928,-6.563584,8.752494,2.918714,
1697740562140982784.000000,0.000000,0.041454,-6.561265,8.784560,2.916482,
1697740562179988480.000000,0.000000,0.033553,-6.558196,8.826655,2.913982,
1697740562209988352.000000,0.000000,0.029667,-6.555883,8.857581,2.912394,
1697740562239988224.000000,0.000000,0.022674,-6.553047,8.888211,2.910094,
1697740562279993856.000000,0.000000,0.014665,-6.549001,8.928608,2.907307,
1697740562308994048.000000,0.000000,0.009879,-6.546027,8.958369,2.905522,
1697740562338993920.000000,0.000000,0.003524,-6.542904,8.987852,2.903457,
1697740562378999808.000000,0.000000,-0.003551,-6.538775,9.026590,2.900999,
1697740562408000000.000000,0.000000,-0.006884,-6.535758,9.055288,2.899424,
1697740562437999872.000000,0.000000,-0.012697,-6.532762,9.083998,2.897953,
1697740562478005760.000000,0.000000,-0.019820,-6.528888,9.122053,2.896346,
1697740562508005888.000000,0.000000,-0.022298,-6.526044,9.150408,2.895502,
1697740562547005696.000000,0.000000,-0.028830,-6.522034,9.187670,2.894170,
1697740562577011712.000000,0.000000,-0.035266,-6.518974,9.215427,2.893115,
1697740562607011584.000000,0.000000,-0.038228,-6.515957,9.243017,2.892317,
1697740562646011648.000000,0.000000,-0.043172,-6.511388,9.279780,2.890537,
1697740562676017664.000000,0.000000,-0.048022,-6.507795,9.307402,2.889052,
1697740562706017536.000000,0.000000,-0.050624,-6.504323,9.335024,2.887838,
1697740562745017600.000000,0.000000,-0.055522,-6.499808,9.371813,2.885895,
1697740562775023616.000000,0.000000,-0.061689,-6.496355,9.399426,2.884283,
1697740562815023616.000000,0.000000,-0.064985,-6.491541,9.436299,2.882324,
1697740562845023744.000000,0.000000,-0.073133,-6.487559,9.463399,2.880573,
1697740562874029824.000000,0.000000,-0.080569,-6.483442,9.490406,2.878877,
1697740562914029824.000000,0.000000,-0.085075,-6.477860,9.526361,2.876797,
1697740562943029760.000000,0.000000,-0.094344,-6.472894,9.553873,2.875181,
1697740562973036032.000000,0.000000,-0.105285,-6.467914,9.581282,2.873931,
1697740563013036032.000000,0.000000,-0.108913,-6.461030,9.617648,2.872346,
1697740563043035904.000000,0.000000,-0.119182,-6.455636,9.645019,2.870973,
1697740563072041984.000000,0.000000,-0.127791,-6.450144,9.672379,2.869661,
1697740563112041984.000000,0.000000,-0.131979,-6.442728,9.708649,2.867973,
1697740563142042112.000000,0.000000,-0.137711,-6.436521,9.735251,2.866575,
1697740563181048064.000000,0.000000,-0.144150,-6.428259,9.770628,2.864627,
1697740563211047936.000000,0.000000,-0.147054,-6.421998,9.797032,2.863343,
1697740563241048064.000000,0.000000,-0.151930,-6.415899,9.823159,2.861796,
1697740563280053760.000000,0.000000,-0.157057,-6.407848,9.857700,2.859508,
1697740563320053760.000000,0.000000,-0.159123,-6.399694,9.891874,2.857078,
1697740563340053504.000000,0.000000,-0.162230,-6.395128,9.909080,2.855382,
1697740563380059648.000000,0.000000,-0.167112,-6.386005,9.943244,2.852040,
1697740563409059584.000000,0.000000,-0.169622,-6.379158,9.968741,2.849188,
1697740563439059456.000000,0.000000,-0.174284,-6.372048,9.994098,2.846229,
1697740563479065344.000000,0.000000,-0.180034,-6.362700,10.027685,2.842319,
1697740563508065280.000000,0.000000,-0.182659,-6.355715,10.052708,2.839290,
1697740563538065408.000000,0.000000,-0.186917,-6.348366,10.077491,2.835782,
1697740563578071296.000000,0.000000,-0.192626,-6.338485,10.110263,2.831071,
1697740563607071232.000000,0.000000,-0.194204,-6.331249,10.134624,2.827577,
1697740563647071232.000000,0.000000,-0.198833,-6.321266,10.166636,2.822736,
1697740563677078528.000000,0.000000,-0.203001,-6.313831,10.190587,2.819000,
1697740563716078592.000000,0.000000,-0.205444,-6.304128,10.222713,2.814217,
1697740563746078464.000000,0.000000,-0.209239,-6.296605,10.246908,2.810725,
1697740563776084992.000000,0.000000,-0.214771,-6.289347,10.271028,2.807384,
1697740563816084992.000000,0.000000,-0.217246,-6.280074,10.303194,2.802967,
1697740563845085184.000000,0.000000,-0.222822,-6.273286,10.327116,2.799725,
1697740563875090944.000000,0.000000,-0.228593,-6.266617,10.350940,2.796652,
1697740563915090944.000000,0.000000,-0.231130,-6.258209,10.382530,2.792832,
1697740563944091136.000000,0.000000,-0.236540,-6.251722,10.405999,2.789822,
1697740563974096640.000000,0.000000,-0.241981,-6.245410,10.429531,2.786952,
1697740564014096640.000000,0.000000,-0.244565,-6.237158,10.460923,2.783202,
1697740564044096512.000000,0.000000,-0.251180,-6.230784,10.484104,2.779888,
1697740564073103104.000000,0.000000,-0.257730,-6.224463,10.507398,2.776462,
1697740564113103104.000000,0.000000,-0.261483,-6.216045,10.538581,2.771537,
1697740564143102976.000000,0.000000,-0.267758,-6.209711,10.562086,2.767264,
1697740564172109312.000000,0.000000,-0.274732,-6.203425,10.585668,2.762706,
1697740564212109312.000000,0.000000,-0.277554,-6.194975,10.617224,2.756365,
1697740564242109184.000000,0.000000,-0.283416,-6.188069,10.641052,2.751267,
1697740564281115136.000000,0.000000,-0.287925,-6.178493,10.673048,2.744102,
1697740564311115008.000000,0.000000,-0.290170,-6.171165,10.697214,2.738603,
1697740564341115136.000000,0.000000,-0.294699,-6.163576,10.720841,2.733085,
1697740564380122112.000000,0.000000,-0.299910,-6.153192,10.752307,2.725774,
1697740564410122240.000000,0.000000,-0.302590,-6.145187,10.776047,2.720450,
1697740564440122368.000000,0.000000,-0.307468,-6.137047,10.799842,2.715435,
1697740564479129600.000000,0.000000,-0.312397,-6.125949,10.831562,2.709179,
1697740564509129728.000000,0.000000,-0.314916,-6.117442,10.855386,2.704899,
1697740564539129600.000000,0.000000,-0.319150,-6.108746,10.879321,2.701076,
1697740564579136256.000000,0.000000,-0.324679,-6.096674,10.911279,2.696488,
1697740564608136192.000000,0.000000,-0.326155,-6.087373,10.935181,2.693294,
1697740564638136320.000000,0.000000,-0.331183,-6.077360,10.958648,2.690264,
1697740564678143232.000000,0.000000,-0.338131,-6.063335,10.989763,2.686648,
1697740564707143168.000000,0.000000,-0.341462,-6.052656,11.013350,2.684165,
1697740564747143168.000000,0.000000,-0.347609,-6.038004,11.045073,2.680792,
1697740564777149952.000000,0.000000,-0.354574,-6.026859,11.069058,2.678190,
1697740564816150016.000000,0.000000,-0.357397,-6.011842,11.101248,2.674700,
1697740564846149888.000000,0.000000,-0.362860,-6.000052,11.125710,2.672199,
1697740564876156416.000000,0.000000,-0.369231,-5.988099,11.150284,2.669444,
1697740564906156544.000000,0.000000,-0.372140,-5.976070,11.174856,2.666320,
1697740564945156608.000000,0.000000,-0.377767,-5.960075,11.207445,2.661798,
1697740564975163392.000000,0.000000,-0.383452,-5.948014,11.231865,2.657984,
1697740565015163392.000000,0.000000,-0.385994,-5.931810,11.264413,2.652178,
1697740565044163584.000000,0.000000,-0.392093,-5.918923,11.289001,2.647547,
1697740565074170368.000000,0.000000,-0.398092,-5.905912,11.313665,2.642525,
1697740565114170368.000000,0.000000,-0.400074,-5.888516,11.346591,2.635488,
1697740565143170304.000000,0.000000,-0.405645,-5.875455,11.371725,2.630257,
1697740565173177088.000000,0.000000,-0.410830,-5.862263,11.397036,2.624872,
1697740565213177088.000000,0.000000,-0.413857,-5.844527,11.430761,2.617698,
1697740565242177024.000000,0.000000,-0.419420,-5.830874,11.456355,2.612586,
1697740565272183296.000000,0.000000,-0.426277,-5.817178,11.482107,2.607511,
1697740565312183296.000000,0.000000,-0.429094,-5.798647,11.516449,2.600811,
1697740565341183232.000000,0.000000,-0.435130,-5.784300,11.542359,2.595937,
1697740565381190144.000000,0.000000,-0.441897,-5.764814,11.577206,2.589565,
1697740565411190016.000000,0.000000,-0.444972,-5.750085,11.603468,2.584774,
1697740565441190144.000000,0.000000,-0.450804,-5.735266,11.630078,2.579813,
1697740565480197120.000000,0.000000,-0.457261,-5.715375,11.665786,2.573537,
1697740565510196992.000000,0.000000,-0.460702,-5.700220,11.692597,2.568977,
1697740565540196864.000000,0.000000,-0.466631,-5.684526,11.719566,2.564095,
1697740565579203840.000000,0.000000,-0.473044,-5.663037,11.755319,2.557516,
1697740565609203968.000000,0.000000,-0.476138,-5.646671,11.781998,2.552878,
1697740565649203968.000000,0.000000,-0.483432,-5.624158,11.817369,2.546864,
1697740565678210560.000000,0.000000,-0.490059,-5.606985,11.843835,2.542497,
1697740565708210688.000000,0.000000,-0.493834,-5.589508,11.870296,2.538180,
1697740565738210560.000000,0.000000,-0.500608,-5.571479,11.896913,2.533751,
1697740565777217280.000000,0.000000,-0.507857,-5.546892,11.932343,2.527954,
1697740565807217152.000000,0.000000,-0.511824,-5.528208,11.958825,2.523737,
1697740565847217152.000000,0.000000,-0.518731,-5.502633,11.993819,2.517696,
1697740565877223936.000000,0.000000,-0.526994,-5.483139,12.019896,2.513262,
1697740565906223872.000000,0.000000,-0.530979,-5.463620,12.045798,2.509048,
1697740565946223872.000000,0.000000,-0.538275,-5.437462,12.080101,2.503400,
1697740565976230400.000000,0.000000,-0.545725,-5.417775,12.105639,2.499364,
1697740566015230464.000000,0.000000,-0.549016,-5.391569,12.139318,2.494383,
1697740566045230592.000000,0.000000,-0.555625,-5.371346,12.163944,2.490811,
1697740566075237120.000000,0.000000,-0.562326,-5.351132,12.188293,2.487453,
1697740566114237184.000000,0.000000,-0.565742,-5.324242,12.220389,2.483361,
1697740566144237056.000000,0.000000,-0.572177,-5.303746,12.244484,2.480325,
1697740566174243840.000000,0.000000,-0.579137,-5.283217,12.268331,2.477489,
1697740566214243840.000000,0.000000,-0.583886,-5.255777,12.299731,2.473894,
1697740566243243776.000000,0.000000,-0.591776,-5.234885,12.323547,2.470994,
1697740566273250048.000000,0.000000,-0.594194,-5.213966,12.347090,2.468132,
1697740566313250048.000000,0.000000,-0.602929,-5.185995,12.378013,2.464405,
1697740566342249984.000000,0.000000,-0.609264,-5.164752,12.401183,2.461407,
1697740566382256128.000000,0.000000,-0.615869,-5.136457,12.431540,2.457429,
1697740566412256256.000000,0.000000,-0.618649,-5.115306,12.453855,2.454321,
1697740566442256128.000000,0.000000,-0.624085,-5.093640,12.475945,2.450986,
1697740566481262848.000000,0.000000,-0.629726,-5.064872,12.505022,2.446643,
1697740566511262720.000000,0.000000,-0.632994,-5.043446,12.526691,2.443469,
1697740566540262912.000000,0.000000,-0.638310,-5.022206,12.548098,2.440342,
1697740566580269568.000000,0.000000,-0.645229,-4.994061,12.576410,2.436347,
1697740566610269440.000000,0.000000,-0.648151,-4.973129,12.597569,2.433561,
1697740566640269312.000000,0.000000,-0.654500,-4.951430,12.618796,2.431177,
1697740566679276032.000000,0.000000,-0.661502,-4.922696,12.646881,2.428131,
1697740566709276160.000000,0.000000,-0.664875,-4.901323,12.667826,2.425996,
1697740566749276160.000000,0.000000,-0.671391,-4.873267,12.696015,2.423211,
1697740566778281984.000000,0.000000,-0.679620,-4.852489,12.717075,2.421216,
1697740566808282112.000000,0.000000,-0.682704,-4.831862,12.738003,2.419266,
1697740566848282112.000000,0.000000,-0.687790,-4.804195,12.765323,2.416813,
1697740566877288704.000000,0.000000,-0.694811,-4.783524,12.785615,2.415168,
1697740566907288576.000000,0.000000,-0.697898,-4.763030,12.805805,2.413664,
1697740566947288576.000000,0.000000,-0.703021,-4.735424,12.832510,2.411948,
1697740566977295360.000000,0.000000,-0.709305,-4.714735,12.852378,2.410843,
1697740567016295424.000000,0.000000,-0.712018,-4.687220,12.878832,2.409291,
1697740567046295296.000000,0.000000,-0.718012,-4.666435,12.898678,2.408037,
1697740567076301312.000000,0.000000,-0.723682,-4.645777,12.918396,2.406692,
1697740567115301376.000000,0.000000,-0.726829,-4.618530,12.944574,2.404868,
1697740567145301504.000000,0.000000,-0.731776,-4.597776,12.964446,2.403581,
1697740567175307776.000000,0.000000,-0.738547,-4.577207,12.984239,2.402379,
1697740567215307776.000000,0.000000,-0.742719,-4.549960,13.010611,2.400778,
1697740567244307968.000000,0.000000,-0.748649,-4.528606,13.030535,2.399747,
1697740567274313984.000000,0.000000,-0.754636,-4.507333,13.050277,2.398501,
1697740567313314048.000000,0.000000,-0.758156,-4.479098,13.076312,2.396399,
1697740567343313920.000000,0.000000,-0.764017,-4.457687,13.095342,2.394986,
1697740567373320192.000000,0.000000,-0.770988,-4.436487,13.114138,2.393446,
1697740567413320192.000000,0.000000,-0.774097,-4.408522,13.138971,2.391282,
1697740567442320128.000000,0.000000,-0.778679,-4.387840,13.157307,2.389756,
1697740567472326144.000000,0.000000,-0.784545,-4.367342,13.175409,2.388169,
1697740567512326144.000000,0.000000,-0.786857,-4.340382,13.199124,2.385774,
1697740567541326080.000000,0.000000,-0.791316,-4.319788,13.216105,2.384165,
1697740567581332480.000000,0.000000,-0.795711,-4.292675,13.238475,2.382237,
1697740567611332352.000000,0.000000,-0.797780,-4.272470,13.255138,2.380742,
1697740567640332288.000000,0.000000,-0.801508,-4.251934,13.271708,2.379292,
1697740567680338944.000000,0.000000,-0.805618,-4.224901,13.293456,2.377030,
1697740567710338816.000000,0.000000,-0.807571,-4.204776,13.309591,2.375103,
1697740567749338880.000000,0.000000,-0.812159,-4.177574,13.330913,2.371964,
1697740567779344896.000000,0.000000,-0.817531,-4.157197,13.346886,2.369601,
1697740567809345024.000000,0.000000,-0.820603,-4.136751,13.362858,2.366957,
1697740567839344896.000000,0.000000,-0.825835,-4.116150,13.378705,2.364118,
1697740567878351104.000000,0.000000,-0.831855,-4.088447,13.399920,2.360283,
1697740567908350976.000000,0.000000,-0.835691,-4.067528,13.415853,2.356937,
1697740567938351104.000000,0.000000,-0.840346,-4.046451,13.431501,2.353225,
1697740567977357312.000000,0.000000,-0.845166,-4.018246,13.452271,2.348200,
1697740568007357184.000000,0.000000,-0.847047,-3.996987,13.467977,2.344440,
1697740568047357184.000000,0.000000,-0.851002,-3.968295,13.489219,2.339418,
1697740568076363264.000000,0.000000,-0.855372,-3.946531,13.505307,2.335680,
1697740568106363392.000000,0.000000,-0.857167,-3.924551,13.521380,2.331944,
1697740568146363392.000000,0.000000,-0.861515,-3.894740,13.542336,2.327061,
1697740568176369664.000000,0.000000,-0.866228,-3.872156,13.557819,2.323542,
1697740568215369472.000000,0.000000,-0.868870,-3.841757,13.578362,2.319036,
1697740568245369600.000000,0.000000,-0.874358,-3.817949,13.593897,2.315442,
1697740568275375360.000000,0.000000,-0.880543,-3.794028,13.609315,2.311924,
1697740568314375424.000000,0.000000,-0.884516,-3.761940,13.629652,2.307178,
1697740568344375296.000000,0.000000,-0.889210,-3.738019,13.644835,2.303415,
1697740568374381312.000000,0.000000,-0.896326,-3.713964,13.659837,2.299892,
1697740568413381376.000000,0.000000,-0.899575,-3.681812,13.679385,2.294776,
1697740568443381248.000000,0.000000,-0.904218,-3.657483,13.693377,2.290826,
1697740568483386880.000000,0.000000,-0.911203,-3.624687,13.711670,2.285670,
1697740568512387072.000000,0.000000,-0.914204,-3.599926,13.725179,2.281600,
1697740568542386944.000000,0.000000,-0.920922,-3.574376,13.738804,2.277359,
1697740568572392448.000000,0.000000,-0.927197,-3.548645,13.752332,2.273289,
1697740568612392448.000000,0.000000,-0.930267,-3.514116,13.770291,2.267842,
1697740568641392640.000000,0.000000,-0.936074,-3.487896,13.783487,2.263857,
1697740568681398528.000000,0.000000,-0.941879,-3.452491,13.800841,2.258693,
1697740568711398400.000000,0.000000,-0.944869,-3.425677,13.813831,2.254805,
1697740568740398592.000000,0.000000,-0.949909,-3.398483,13.826692,2.250981,
1697740568780404224.000000,0.000000,-0.954772,-3.362051,13.843966,2.245974,
1697740568810404096.000000,0.000000,-0.957469,-3.334513,13.857113,2.242307,
1697740568849404160.000000,0.000000,-0.961945,-3.297529,13.874716,2.237177,
1697740568879409920.000000,0.000000,-0.968024,-3.269639,13.887941,2.233012,
1697740568909410048.000000,0.000000,-0.970001,-3.241721,13.901231,2.228740,
1697740568948409856.000000,0.000000,-0.974837,-3.204070,13.919065,2.222821,
1697740568978415616.000000,0.000000,-0.979908,-3.175793,13.932496,2.217926,
1697740569008415744.000000,0.000000,-0.981630,-3.147546,13.945951,2.212938,
1697740569047415552.000000,0.000000,-0.987158,-3.109603,13.964555,2.206336,
1697740569077421568.000000,0.000000,-0.992613,-3.081058,13.978447,2.200891,
1697740569107421440.000000,0.000000,-0.995288,-3.052573,13.992159,2.195280,
1697740569147421440.000000,0.000000,-1.000942,-3.014014,14.010070,2.187809,
1697740569176427520.000000,0.000000,-1.007746,-2.984858,14.023172,2.181811,
1697740569216427520.000000,0.000000,-1.011205,-2.946079,14.040365,2.173653,
1697740569246427392.000000,0.000000,-1.017822,-2.916264,14.053181,2.167953,
1697740569275433216.000000,0.000000,-1.025807,-2.886355,14.065698,2.162031,
1697740569305433344.000000,0.000000,-1.029151,-2.856441,14.077991,2.156127,
1697740569345433344.000000,0.000000,-1.036248,-2.816627,14.094511,2.148262,
1697740569374439424.000000,0.000000,-1.044023,-2.786890,14.106741,2.142488,
1697740569414439424.000000,0.000000,-1.048693,-2.747154,14.122773,2.135148,
1697740569444439552.000000,0.000000,-1.054380,-2.715676,14.134346,2.129862,
1697740569484445696.000000,0.000000,-1.062161,-2.673734,14.149426,2.123222,
1697740569513445632.000000,0.000000,-1.066843,-2.642552,14.160434,2.118444,
1697740569543445504.000000,0.000000,-1.074261,-2.611681,14.171402,2.114223,
1697740569583451648.000000,0.000000,-1.082803,-2.570776,14.185629,2.108907,
1697740569612451840.000000,0.000000,-1.086874,-2.540258,14.196197,2.105283,
1697740569642451712.000000,0.000000,-1.094434,-2.510004,14.206689,2.101699,
1697740569672459264.000000,0.000000,-1.102939,-2.479964,14.217027,2.098343,
1697740569711459072.000000,0.000000,-1.106204,-2.440034,14.230600,2.094384,
1697740569741459200.000000,0.000000,-1.112953,-2.409418,14.240348,2.091791,
1697740569781466624.000000,0.000000,-1.119010,-2.368994,14.253087,2.088798,
1697740569811466496.000000,0.000000,-1.122339,-2.338782,14.262364,2.086790,
1697740569840466432.000000,0.000000,-1.127989,-2.308850,14.271477,2.084815,
1697740569880473600.000000,0.000000,-1.134846,-2.269317,14.283423,2.082500,
1697740569910473472.000000,0.000000,-1.137828,-2.239847,14.292142,2.080676,
1697740569939473408.000000,0.000000,-1.144169,-2.210180,14.300524,2.078762,
1697740569979479040.000000,0.000000,-1.149905,-2.170805,14.311342,2.076120,
1697740570009479168.000000,0.000000,-1.153077,-2.141506,14.319359,2.074057,
1697740570038479104.000000,0.000000,-1.158769,-2.112077,14.327312,2.071933,
1697740570078486272.000000,0.000000,-1.165853,-2.072988,14.337619,2.068718,
1697740570108486144.000000,0.000000,-1.168189,-2.044075,14.345198,2.066092,
1697740570147486208.000000,0.000000,-1.174177,-2.005804,14.355159,2.062609,
1697740570177493504.000000,0.000000,-1.179040,-1.977320,14.362459,2.059866,
1697740570207493376.000000,0.000000,-1.181642,-1.949022,14.369544,2.056781,
1697740570247493376.000000,0.000000,-1.185750,-1.911481,14.378541,2.052583,
1697740570276500480.000000,0.000000,-1.190371,-1.883539,14.384942,2.049251,
1697740570316500480.000000,0.000000,-1.192560,-1.846857,14.393226,2.044484,
1697740570346500608.000000,0.000000,-1.196254,-1.819050,14.399295,2.041302,
1697740570375507712.000000,0.000000,-1.201729,-1.791198,14.405207,2.038276,
1697740570415507712.000000,0.000000,-1.204100,-1.754171,14.412867,2.034229,
1697740570445507840.000000,0.000000,-1.210737,-1.726207,14.418325,2.031721,
1697740570474514944.000000,0.000000,-1.217133,-1.698278,14.423554,2.029155,
1697740570514514944.000000,0.000000,-1.219757,-1.660970,14.430399,2.025932,
1697740570544515072.000000,0.000000,-1.225845,-1.632712,14.435158,2.024163,
1697740570573522176.000000,0.000000,-1.233780,-1.604377,14.439793,2.022531,
1697740570613522176.000000,0.000000,-1.236966,-1.566614,14.445977,2.020742,
1697740570643522048.000000,0.000000,-1.242085,-1.537967,14.450642,2.019819,
1697740570683529216.000000,0.000000,-1.248979,-1.499722,14.456916,2.018863,
1697740570712529408.000000,0.000000,-1.252268,-1.471069,14.461754,2.018362,
1697740570742529280.000000,0.000000,-1.257585,-1.442235,14.466874,2.018217,
1697740570782536192.000000,0.000000,-1.263913,-1.403807,14.473795,2.017779,
1697740570811536128.000000,0.000000,-1.266635,-1.375063,14.478873,2.017094,
1697740570841536256.000000,0.000000,-1.272549,-1.345888,14.483644,2.016412,
1697740570881543168.000000,0.000000,-1.278479,-1.306651,14.489896,2.015187,
1697740570910543104.000000,0.000000,-1.281654,-1.277261,14.494470,2.013640,
1697740570940542976.000000,0.000000,-1.287694,-1.248116,14.499087,2.012127,
1697740570980550144.000000,0.000000,-1.294037,-1.209124,14.505270,2.009626,
1697740571009550336.000000,0.000000,-1.297342,-1.179964,14.509826,2.006902,
1697740571039550208.000000,0.000000,-1.302905,-1.150435,14.514339,2.004402,
1697740571079557376.000000,0.000000,-1.309427,-1.110736,14.520413,2.000683,
1697740571109557504.000000,0.000000,-1.312233,-1.081038,14.524917,1.997361,
1697740571138557440.000000,0.000000,-1.318552,-1.051395,14.529704,1.994064,
1697740571178564096.000000,0.000000,-1.323521,-1.012053,14.536229,1.989214,
1697740571208564224.000000,0.000000,-1.326963,-0.982548,14.541271,1.985497,
1697740571247564032.000000,0.000000,-1.331633,-0.942164,14.547498,1.980803,
1697740571277571072.000000,0.000000,-1.337366,-0.911629,14.552051,1.976970,
1697740571307570944.000000,0.000000,-1.340603,-0.881117,14.556890,1.973084,
1697740571346571008.000000,0.000000,-1.345939,-0.840570,14.563876,1.968273,
1697740571376577536.000000,0.000000,-1.351940,-0.810301,14.569265,1.964665,
1697740571416577536.000000,0.000000,-1.354565,-0.770170,14.576480,1.959801,
1697740571445577728.000000,0.000000,-1.359930,-0.740298,14.581445,1.956613,
1697740571475584256.000000,0.000000,-1.364856,-0.710786,14.586242,1.953339,
1697740571505584384.000000,0.000000,-1.367467,-0.681395,14.591033,1.950352,
1697740571544584192.000000,0.000000,-1.371359,-0.642382,14.596801,1.946677,
1697740571574590976.000000,0.000000,-1.375695,-0.613345,14.600888,1.944199,
1697740571614590976.000000,0.000000,-1.379282,-0.574867,14.606239,1.941439,
1697740571644591104.000000,0.000000,-1.384691,-0.545922,14.610058,1.939455,
1697740571683597824.000000,0.000000,-1.392631,-0.507346,14.615066,1.937172,
1697740571713597952.000000,0.000000,-1.397804,-0.478410,14.618838,1.935792,
1697740571743597824.000000,0.000000,-1.406292,-0.448594,14.622346,1.934760,
1697740571783604480.000000,0.000000,-1.415739,-0.409235,14.626823,1.933281,
1697740571812604416.000000,0.000000,-1.419772,-0.379843,14.630182,1.932505,
1697740571842604544.000000,0.000000,-1.427861,-0.350498,14.633545,1.931705,
1697740571881611264.000000,0.000000,-1.435040,-0.311632,14.637818,1.930658,
1697740571911611136.000000,0.000000,-1.437982,-0.282782,14.640687,1.929903,
1697740571941611264.000000,0.000000,-1.443315,-0.254380,14.643232,1.929159,
1697740571981618176.000000,0.000000,-1.447976,-0.216784,14.646326,1.928265,
1697740572010618112.000000,0.000000,-1.450241,-0.188689,14.648144,1.927343,
1697740572040617984.000000,0.000000,-1.453619,-0.160472,14.649419,1.926396,
1697740572080625152.000000,0.000000,-1.457838,-0.123041,14.650633,1.924966,
1697740572110625024.000000,0.000000,-1.459947,-0.095076,14.651170,1.923752,
1697740572139624960.000000,0.000000,-1.463900,-0.067231,14.651463,1.922735,
1697740572179631872.000000,0.000000,-1.468948,-0.030136,14.651447,1.921655,
1697740572208631808.000000,0.000000,-1.470771,-0.002344,14.650970,1.920522,
1697740572248631808.000000,0.000000,-1.474699,0.034984,14.649375,1.918931,
1697740572278638592.000000,0.000000,-1.479469,0.062927,14.647822,1.917909,
1697740572308638720.000000,0.000000,-1.481481,0.090919,14.646014,1.916778,
1697740572347638528.000000,0.000000,-1.485962,0.128112,14.643367,1.914848,
1697740572377645312.000000,0.000000,-1.490549,0.155846,14.641263,1.913364,
1697740572407645184.000000,0.000000,-1.493220,0.183542,14.639009,1.911629,
1697740572446645248.000000,0.000000,-1.497420,0.220499,14.635538,1.909131,
1697740572476652032.000000,0.000000,-1.503077,0.248238,14.632668,1.906925,
1697740572506652160.000000,0.000000,-1.505602,0.275963,14.629486,1.904069,
1697740572545652224.000000,0.000000,-1.510464,0.312729,14.624727,1.900158,
1697740572575658752.000000,0.000000,-1.516696,0.340458,14.620928,1.897127,
1697740572615658752.000000,0.000000,-1.519158,0.377481,14.615298,1.892276,
1697740572644658688.000000,0.000000,-1.524523,0.405684,14.610188,1.888571,
1697740572674665728.000000,0.000000,-1.530016,0.433895,14.604995,1.884929,
1697740572714665728.000000,0.000000,-1.532938,0.471704,14.597706,1.880070,
1697740572744665600.000000,0.000000,-1.537846,0.499766,14.591785,1.876346,
1697740572773672448.000000,0.000000,-1.545041,0.527545,14.585751,1.872606,
1697740572813672448.000000,0.000000,-1.548348,0.564496,14.577486,1.868027,
1697740572843672320.000000,0.000000,-1.553782,0.591812,14.570833,1.864715,
1697740572872678912.000000,0.000000,-1.559734,0.618656,14.563962,1.861576,
1697740572912678912.000000,0.000000,-1.561869,0.654112,14.554535,1.857794,
1697740572942679040.000000,0.000000,-1.565538,0.680691,14.546906,1.855247,
1697740572981686016.000000,0.000000,-1.568832,0.715701,14.536311,1.851618,
1697740573011685888.000000,0.000000,-1.570182,0.741530,14.528196,1.848870,
1697740573041686016.000000,0.000000,-1.573189,0.767428,14.520049,1.846400,
1697740573081692672.000000,0.000000,-1.576081,0.801571,14.508892,1.842862,
1697740573110692608.000000,0.000000,-1.577867,0.827088,14.500393,1.840023,
1697740573140692480.000000,0.000000,-1.581467,0.852715,14.491668,1.837230,
1697740573180699136.000000,0.000000,-1.586422,0.887247,14.479691,1.833151,
1697740573209699328.000000,0.000000,-1.589383,0.913413,14.470823,1.829973,
1697740573249699328.000000,0.000000,-1.596476,0.948841,14.458774,1.825406,
1697740573279705600.000000,0.000000,-1.603359,0.975784,14.449885,1.821847,
1697740573308705792.000000,0.000000,-1.609055,1.003019,14.441199,1.817931,
1697740573348705792.000000,0.000000,-1.617652,1.040349,14.429754,1.813049,
1697740573378712320.000000,0.000000,-1.628244,1.068949,14.421188,1.809072,
1697740573408712192.000000,0.000000,-1.635453,1.097808,14.412892,1.805156,
1697740573447712256.000000,0.000000,-1.646910,1.136929,14.401688,1.800537,
1697740573477719040.000000,0.000000,-1.657885,1.166348,14.393261,1.797383,
1697740573516719104.000000,0.000000,-1.663086,1.205685,14.382206,1.794055,
1697740573546718976.000000,0.000000,-1.672427,1.235280,14.373921,1.791875,
1697740573576725504.000000,0.000000,-1.680316,1.264504,14.365500,1.789791,
1697740573606725632.000000,0.000000,-1.683470,1.293196,14.357066,1.788010,
1697740573645725696.000000,0.000000,-1.688979,1.330960,14.345068,1.786208,
1697740573675731712.000000,0.000000,-1.693516,1.358469,14.335725,1.784838,
1697740573715731712.000000,0.000000,-1.695229,1.394190,14.322661,1.783003,
1697740573744731648.000000,0.000000,-1.697852,1.420665,14.312313,1.782164,
1697740573774738176.000000,0.000000,-1.700717,1.446346,14.301417,1.780905,
1697740573814738176.000000,0.000000,-1.701936,1.479500,14.286216,1.778384,
1697740573843738112.000000,0.000000,-1.703496,1.503818,14.273416,1.776391,
1697740573873744384.000000,0.000000,-1.705011,1.527659,14.260201,1.773966,
1697740573913744384.000000,0.000000,-1.705337,1.558734,14.242231,1.769905,
1697740573943744256.000000,0.000000,-1.705959,1.581984,14.228367,1.766712,
1697740573972750336.000000,0.000000,-1.707029,1.604812,14.214259,1.763034,
1697740574012750336.000000,0.000000,-1.707372,1.635086,14.194988,1.757494,
1697740574042750208.000000,0.000000,-1.709137,1.657723,14.180143,1.753451,
1697740574081756672.000000,0.000000,-1.713368,1.688217,14.159925,1.747926,
1697740574111756544.000000,0.000000,-1.715525,1.711257,14.144427,1.743491,
1697740574141756672.000000,0.000000,-1.720988,1.734977,14.128950,1.739638,
1697740574180762624.000000,0.000000,-1.726456,1.767019,14.108246,1.734464,
1697740574210762752.000000,0.000000,-1.729790,1.791371,14.092827,1.730631,
1697740574240762880.000000,0.000000,-1.736148,1.816118,14.076966,1.726897,
1697740574280769536.000000,0.000000,-1.743407,1.850099,14.055984,1.722246,
1697740574309769472.000000,0.000000,-1.747356,1.876163,14.040711,1.718688,
1697740574349769472.000000,0.000000,-1.756100,1.911500,14.021398,1.714384,
1697740574379775488.000000,0.000000,-1.765791,1.938380,14.007453,1.710965,
1697740574408775680.000000,0.000000,-1.771743,1.965658,13.994121,1.707489,
1697740574438775552.000000,0.000000,-1.779629,1.993568,13.980749,1.703976,
1697740574478781696.000000,0.000000,-1.789754,2.031337,13.963473,1.698992,
1697740574517781760.000000,0.000000,-1.795206,2.069607,13.946931,1.693637,
1697740574547781632.000000,0.000000,-1.803176,2.098545,13.934823,1.689653,
1697740574577787648.000000,0.000000,-1.811442,2.127708,13.923146,1.685571,
1697740574607787520.000000,0.000000,-1.815571,2.157116,13.911617,1.681169,
1697740574646787584.000000,0.000000,-1.822658,2.196595,13.896003,1.675095,
1697740574676793856.000000,0.000000,-1.830567,2.226432,13.884376,1.670602,
1697740574706793728.000000,0.000000,-1.834488,2.256259,13.872736,1.665661,
1697740574745793792.000000,0.000000,-1.842172,2.296164,13.857236,1.659105,
1697740574775799808.000000,0.000000,-1.849718,2.326133,13.845400,1.654117,
1697740574815799808.000000,0.000000,-1.853705,2.365957,13.829669,1.647309,
1697740574844800000.000000,0.000000,-1.860108,2.396112,13.817669,1.642360,
1697740574874807040.000000,0.000000,-1.867508,2.426279,13.805477,1.637472,
1697740574914807040.000000,0.000000,-1.871432,2.466373,13.789001,1.631085,
1697740574943806976.000000,0.000000,-1.876719,2.496343,13.776551,1.626708,
1697740574973812736.000000,0.000000,-1.883877,2.526167,13.763859,1.622308,
1697740575013812736.000000,0.000000,-1.886377,2.565563,13.746817,1.616878,
1697740575042812672.000000,0.000000,-1.891029,2.595557,13.733952,1.613403,
1697740575082818304.000000,0.000000,-1.896133,2.634951,13.716427,1.608944,
1697740575112818176.000000,0.000000,-1.898494,2.664197,13.703006,1.606030,
1697740575141818368.000000,0.000000,-1.903059,2.693386,13.689021,1.603632,
1697740575181824256.000000,0.000000,-1.907456,2.731843,13.669668,1.600488,
1697740575211824128.000000,0.000000,-1.909970,2.760430,13.654888,1.598566,
1697740575241824256.000000,0.000000,-1.914024,2.788750,13.639750,1.596943,
1697740575280829952.000000,0.000000,-1.920275,2.826136,13.619089,1.595121,
1697740575310829824.000000,0.000000,-1.923120,2.853836,13.603409,1.594049,
1697740575340829696.000000,0.000000,-1.929782,2.881697,13.587384,1.593232,
1697740575379836160.000000,0.000000,-1.936999,2.918460,13.565567,1.592746,
1697740575409836288.000000,0.000000,-1.940586,2.945410,13.548800,1.592298,
1697740575439836160.000000,0.000000,-1.948146,2.972291,13.531688,1.592593,
1697740575478842112.000000,0.000000,-1.956304,3.007396,13.508271,1.592942,
1697740575508841984.000000,0.000000,-1.958749,3.033250,13.490384,1.593480,
1697740575548841984.000000,0.000000,-1.966793,3.066668,13.466000,1.594142,
1697740575578849024.000000,0.000000,-1.972793,3.091169,13.447439,1.594837,
1697740575607848960.000000,0.000000,-1.975084,3.115220,13.428817,1.595742,
1697740575647848960.000000,0.000000,-1.980073,3.147064,13.403656,1.597594,
1697740575677854464.000000,0.000000,-1.985141,3.170513,13.384762,1.599123,
1697740575706854400.000000,0.000000,-1.988198,3.193710,13.365785,1.600821,
1697740575746854400.000000,0.000000,-1.993899,3.223867,13.339745,1.603447,
1697740575776861696.000000,0.000000,-2.000526,3.246160,13.320148,1.605563,
1697740575815861504.000000,0.000000,-2.003698,3.275502,13.293932,1.607952,
1697740575845861632.000000,0.000000,-2.010914,3.297620,13.274643,1.609580,
1697740575875868672.000000,0.000000,-2.018829,3.319748,13.255616,1.611141,
1697740575914868736.000000,0.000000,-2.023056,3.348875,13.230201,1.612791,
1697740575944868864.000000,0.000000,-2.030636,3.370375,13.211020,1.613979,
1697740575974874368.000000,0.000000,-2.039256,3.391298,13.191918,1.614693,
1697740576014874368.000000,0.000000,-2.043622,3.418535,13.166652,1.615253,
1697740576043874304.000000,0.000000,-2.051332,3.438410,13.147466,1.615741,
1697740576073881600.000000,0.000000,-2.055180,3.457924,13.128318,1.615552,
1697740576113881600.000000,0.000000,-2.061346,3.483525,13.102644,1.614383,
1697740576142881536.000000,0.000000,-2.065954,3.502607,13.083543,1.613311,
1697740576172888576.000000,0.000000,-2.069973,3.521866,13.064263,1.611952,
1697740576212888576.000000,0.000000,-2.072152,3.547431,13.038122,1.609503,
1697740576241888768.000000,0.000000,-2.075792,3.566551,13.018242,1.607761,
1697740576281896192.000000,0.000000,-2.080566,3.592067,12.991085,1.605489,
1697740576311896064.000000,0.000000,-2.082926,3.611202,12.970516,1.603846,
1697740576341896192.000000,0.000000,-2.087948,3.630795,12.949484,1.602672,
1697740576380902912.000000,0.000000,-2.095225,3.657290,12.921001,1.601496,
1697740576410903040.000000,0.000000,-2.099382,3.677431,12.899235,1.600651,
1697740576440903168.000000,0.000000,-2.108788,3.697968,12.876961,1.600162,
1697740576479910144.000000,0.000000,-2.119712,3.725836,12.846496,1.599719,
1697740576509910272.000000,0.000000,-2.125709,3.746949,12.823282,1.599478,
1697740576539910144.000000,0.000000,-2.138258,3.768157,12.799744,1.599196,
1697740576578917376.000000,0.000000,-2.146925,3.796469,12.767925,1.598590,
1697740576608917504.000000,0.000000,-2.152158,3.817870,12.743535,1.598201,
1697740576648917504.000000,0.000000,-2.158454,3.846330,12.710410,1.597664,
1697740576678924544.000000,0.000000,-2.161193,3.867653,12.685075,1.596967,
1697740576707924480.000000,0.000000,-2.164811,3.889033,12.659408,1.596253,
1697740576747924480.000000,0.000000,-2.167662,3.917487,12.624270,1.595838,
1697740576777930496.000000,0.000000,-2.170044,3.938727,12.597589,1.595470,
1697740576806930432.000000,0.000000,-2.171585,3.959969,12.570730,1.595047,
1697740576846930432.000000,0.000000,-2.174569,3.988554,12.534294,1.595383,
1697740576876937728.000000,0.000000,-2.179753,4.010007,12.506782,1.595589,
1697740576915937536.000000,0.000000,-2.183297,4.038786,12.469853,1.596119,
1697740576945937664.000000,0.000000,-2.189905,4.060406,12.442082,1.597003,
1697740576975944704.000000,0.000000,-2.198440,4.082003,12.414318,1.598020,
1697740577014944768.000000,0.000000,-2.203034,4.110759,12.377209,1.599183,
1697740577044944896.000000,0.000000,-2.211808,4.132611,12.349536,1.600350,
1697740577074951936.000000,0.000000,-2.221786,4.154345,12.321784,1.601396,
1697740577113952000.000000,0.000000,-2.227605,4.182992,12.284933,1.602661,
1697740577143951872.000000,0.000000,-2.237350,4.204614,12.257316,1.604182,
1697740577173958656.000000,0.000000,-2.247050,4.225974,12.229651,1.605404,
1697740577212958720.000000,0.000000,-2.250628,4.254131,12.192849,1.606752,
1697740577242958592.000000,0.000000,-2.260042,4.275052,12.164552,1.608124,
1697740577272965632.000000,0.000000,-2.268589,4.295594,12.136197,1.609094,
1697740577312965632.000000,0.000000,-2.272080,4.322548,12.098488,1.609908,
1697740577341965824.000000,0.000000,-2.280160,4.342336,12.070038,1.610815,
1697740577381972992.000000,0.000000,-2.287526,4.368180,12.031875,1.611750,
1697740577411972864.000000,0.000000,-2.291400,4.387176,12.003222,1.612184,
1697740577440972800.000000,0.000000,-2.297913,4.406402,11.974280,1.612779,
1697740577480979968.000000,0.000000,-2.305622,4.431590,11.935605,1.613243,
1697740577510979840.000000,0.000000,-2.309103,4.450131,11.906597,1.613332,
1697740577549979904.000000,0.000000,-2.316484,4.474151,11.867691,1.613498,
1697740577579986688.000000,0.000000,-2.324108,4.491849,11.838376,1.613935,
1697740577609986816.000000,0.000000,-2.327952,4.509226,11.808946,1.613967,
1697740577649986816.000000,0.000000,-2.334753,4.532310,11.770239,1.614434,
1697740577678993664.000000,0.000000,-2.343241,4.549480,11.741236,1.615089,
1697740577708993536.000000,0.000000,-2.345584,4.566229,11.712159,1.615385,
1697740577748993536.000000,0.000000,-2.352877,4.587460,11.673068,1.615797,
1697740577778000640.000000,0.000000,-2.359687,4.602912,11.643705,1.616337,
1697740577808000512.000000,0.000000,-2.362539,4.618041,11.614403,1.616871,
1697740577848000512.000000,0.000000,-2.369100,4.637918,11.574981,1.618066,
1697740577878006784.000000,0.000000,-2.375884,4.652373,11.545477,1.618847,
1697740577907006720.000000,0.000000,-2.379581,4.666519,11.515985,1.619965,
1697740577947006720.000000,0.000000,-2.386208,4.685064,11.476642,1.621615,
1697740577977013760.000000,0.000000,-2.393618,4.698573,11.447104,1.622856,
1697740578016013568.000000,0.000000,-2.397223,4.715985,11.407942,1.624477,
1697740578046013696.000000,0.000000,-2.403170,4.728854,11.378827,1.626124,
1697740578076020480.000000,0.000000,-2.409549,4.741372,11.349731,1.627626,
1697740578115020544.000000,0.000000,-2.413099,4.757595,11.311204,1.629467,
1697740578145020416.000000,0.000000,-2.418141,4.769619,11.282685,1.631127,
1697740578175027456.000000,0.000000,-2.424262,4.781374,11.254242,1.632489,
1697740578214027520.000000,0.000000,-2.427078,4.796754,11.216687,1.634222,
1697740578244027392.000000,0.000000,-2.434153,4.808843,11.188169,1.635922,
1697740578274034432.000000,0.000000,-2.436370,4.820555,11.159798,1.637185,
1697740578313034240.000000,0.000000,-2.444538,4.835911,11.122233,1.638898,
1697740578343034368.000000,0.000000,-2.451317,4.846998,11.094498,1.640427,
1697740578373041152.000000,0.000000,-2.458699,4.857834,11.066924,1.641780,
1697740578413041152.000000,0.000000,-2.461851,4.872006,11.030493,1.643331,
1697740578442041088.000000,0.000000,-2.467375,4.882319,11.003233,1.644654,
1697740578482047744.000000,0.000000,-2.473533,4.895508,10.967150,1.645915,
1697740578512047616.000000,0.000000,-2.475919,4.905226,10.940161,1.646855,
1697740578541047808.000000,0.000000,-2.480779,4.914695,10.913303,1.647522,
1697740578581054464.000000,0.000000,-2.485802,4.927103,10.877703,1.648276,
1697740578611054592.000000,0.000000,-2.488566,4.936171,10.850909,1.648571,
1697740578640054528.000000,0.000000,-2.494858,4.945469,10.824612,1.649137,
1697740578680060416.000000,0.000000,-2.497543,4.957873,10.789470,1.649887,
1697740578710060544.000000,0.000000,-2.505456,4.967054,10.762947,1.650689,
1697740578749060608.000000,0.000000,-2.512537,4.979081,10.726883,1.652307,
1697740578779067392.000000,0.000000,-2.520260,4.987914,10.699547,1.653970,
1697740578809067520.000000,0.000000,-2.523114,4.996696,10.671894,1.656060,
1697740578849067520.000000,0.000000,-2.530883,5.008130,10.634221,1.659717,
1697740578878073856.000000,0.000000,-2.536987,5.016476,10.605597,1.662955,
1697740578908073728.000000,0.000000,-2.540121,5.024783,10.576608,1.666685,
1697740578948073728.000000,0.000000,-2.544929,5.035797,10.538162,1.672410,
1697740578977078784.000000,0.000000,-2.549775,5.044045,10.509151,1.677264,
1697740579007078912.000000,0.000000,-2.552402,5.052293,10.479839,1.682833,
1697740579047078912.000000,0.000000,-2.556284,5.063495,10.441440,1.691165,
1697740579076085248.000000,0.000000,-2.560559,5.071905,10.412566,1.698192,
1697740579116085248.000000,0.000000,-2.563022,5.082988,10.373870,1.708605,
1697740579146085376.000000,0.000000,-2.566895,5.090945,10.344513,1.717221,
1697740579176091648.000000,0.000000,-2.569445,5.098745,10.314852,1.726534,
1697740579215091712.000000,0.000000,-2.574813,5.109008,10.275111,1.739675,
1697740579245091840.000000,0.000000,-2.580401,5.116786,10.245558,1.749652,
1697740579275098368.000000,0.000000,-2.583012,5.124435,10.215950,1.760117,
1697740579314098432.000000,0.000000,-2.590238,5.134367,10.176446,1.774789,
1697740579344098304.000000,0.000000,-2.596509,5.141574,10.146339,1.786223,
1697740579374104576.000000,0.000000,-2.604177,5.148578,10.116302,1.797570,
1697740579413104640.000000,0.000000,-2.608104,5.157622,10.076162,1.812977,
1697740579443104512.000000,0.000000,-2.614758,5.164337,10.046267,1.824135,
1697740579473111040.000000,0.000000,-2.622770,5.170864,10.016429,1.835109,
1697740579512110848.000000,0.000000,-2.625941,5.179455,9.976629,1.849599,
1697740579542110976.000000,0.000000,-2.632195,5.185665,9.946804,1.859723,
1697740579582117376.000000,0.000000,-2.638893,5.193704,9.907165,1.872525,
1697740579611117312.000000,0.000000,-2.641879,5.199494,9.877584,1.881437,
1697740579641117184.000000,0.000000,-2.648195,5.205205,9.847972,1.889827,
1697740579681123840.000000,0.000000,-2.654306,5.212530,9.808635,1.900195,
1697740579711123712.000000,0.000000,-2.657536,5.217818,9.779227,1.907215,
1697740579740123648.000000,0.000000,-2.663872,5.223300,9.749866,1.914031,
1697740579780130048.000000,0.000000,-2.669885,5.230404,9.710694,1.922173,
1697740579810130176.000000,0.000000,-2.672892,5.235467,9.681276,1.927676,
1697740579849129984.000000,0.000000,-2.679303,5.241768,9.642345,1.935028,
1697740579879136512.000000,0.000000,-2.686411,5.246288,9.613120,1.940488,
1697740579909136384.000000,0.000000,-2.688520,5.250628,9.583680,1.945783,
1697740579948136448.000000,0.000000,-2.696451,5.255605,9.544464,1.953445,
1697740579978142976.000000,0.000000,-2.703188,5.259096,9.514877,1.959582,
1697740580008142848.000000,0.000000,-2.706769,5.262468,9.485059,1.965824,
1697740580048142848.000000,0.000000,-2.712281,5.266838,9.445544,1.974717,
1697740580077149184.000000,0.000000,-2.718053,5.269975,9.415833,1.981940,
1697740580107149312.000000,0.000000,-2.720445,5.273155,9.385973,1.989781,
1697740580147149312.000000,0.000000,-2.725093,5.277064,9.346193,2.001466,
1697740580176155392.000000,0.000000,-2.730283,5.279933,9.316336,2.011048,
1697740580216155392.000000,0.000000,-2.732544,5.283668,9.276410,2.024958,
1697740580246155520.000000,0.000000,-2.737259,5.286794,9.246085,2.036222,
1697740580275161600.000000,0.000000,-2.739836,5.289639,9.215837,2.047905,
1697740580305161728.000000,0.000000,-2.745772,5.292292,9.185650,2.060059,
1697740580345161728.000000,0.000000,-2.750553,5.295752,9.146137,2.077022,
1697740580375167744.000000,0.000000,-2.756995,5.298295,9.116697,2.090200,
1697740580414167808.000000,0.000000,-2.759446,5.301327,9.077413,2.107711,
1697740580444167680.000000,0.000000,-2.766882,5.303256,9.047645,2.121337,
1697740580474174208.000000,0.000000,-2.774683,5.304926,9.017849,2.134533,
1697740580513174016.000000,0.000000,-2.778018,5.306874,8.978359,2.151581,
1697740580543174144.000000,0.000000,-2.784712,5.307575,8.948711,2.163739,
1697740580573180416.000000,0.000000,-2.792033,5.308087,8.919264,2.175279,
1697740580612180480.000000,0.000000,-2.795239,5.308444,8.879912,2.189492,
1697740580642180608.000000,0.000000,-2.802019,5.308852,8.850315,2.199034,
1697740580682186752.000000,0.000000,-2.809719,5.308922,8.810926,2.210267,
1697740580711186688.000000,0.000000,-2.812871,5.308654,8.781363,2.217495,
1697740580741186560.000000,0.000000,-2.819790,5.308473,8.751960,2.224290,
1697740580781192704.000000,0.000000,-2.827409,5.307835,8.712721,2.232208,
1697740580810192896.000000,0.000000,-2.830615,5.307062,8.683153,2.237309,
1697740580840192768.000000,0.000000,-2.836930,5.306273,8.653668,2.242075,
1697740580880198912.000000,0.000000,-2.844297,5.305121,8.614410,2.247693,
1697740580910199040.000000,0.000000,-2.847582,5.304203,8.584777,2.251663,
1697740580939198976.000000,0.000000,-2.855408,5.303176,8.555614,2.255592,
1697740580979205120.000000,0.000000,-2.862652,5.301868,8.516900,2.261274,
1697740581009205248.000000,0.000000,-2.865756,5.300743,8.487901,2.265306,
1697740581048205056.000000,0.000000,-2.872067,5.299489,8.449575,2.271510,
1697740581078211328.000000,0.000000,-2.879359,5.298508,8.420733,2.276286,
1697740581108211200.000000,0.000000,-2.882889,5.297477,8.391878,2.281291,
1697740581147211264.000000,0.000000,-2.890036,5.296146,8.353062,2.288689,
1697740581177217024.000000,0.000000,-2.897091,5.295031,8.323901,2.294382,
1697740581207216896.000000,0.000000,-2.900544,5.293932,8.294738,2.300507,
1697740581246216960.000000,0.000000,-2.906749,5.292460,8.255980,2.309153,
1697740581276222720.000000,0.000000,-2.912858,5.291184,8.226989,2.315646,
1697740581306222848.000000,0.000000,-2.915593,5.289896,8.197976,2.322499,
1697740581346222848.000000,0.000000,-2.921183,5.287848,8.159819,2.331913,
1697740581375228928.000000,0.000000,-2.926833,5.286047,8.131416,2.338906,
1697740581415228928.000000,0.000000,-2.929674,5.283515,8.093380,2.348309,
1697740581445229056.000000,0.000000,-2.935408,5.281774,8.064965,2.355244,
1697740581475235072.000000,0.000000,-2.942584,5.279842,8.036344,2.361969,
1697740581514235136.000000,0.000000,-2.944620,5.276943,7.998270,2.370340,
1697740581544235008.000000,0.000000,-2.951571,5.274691,7.969747,2.376115,
1697740581574241024.000000,0.000000,-2.958551,5.272189,7.941274,2.381421,
1697740581613240832.000000,0.000000,-2.961714,5.268534,7.903066,2.387826,
1697740581643240960.000000,0.000000,-2.968777,5.265238,7.874671,2.392140,
1697740581682248448.000000,0.000000,-2.976114,5.260467,7.836753,2.397095,
1697740581712248320.000000,0.000000,-2.979377,5.256501,7.808157,2.400098,
1697740581742248448.000000,0.000000,-2.986634,5.252702,7.779277,2.402733,
1697740581782254336.000000,0.000000,-2.993731,5.247049,7.740543,2.405467,
1697740581811254272.000000,0.000000,-2.997295,5.242451,7.711422,2.407198,
1697740581841254400.000000,0.000000,-3.004306,5.237216,7.682336,2.409291,
1697740581881260032.000000,0.000000,-3.011321,5.229456,7.643402,2.412084,
1697740581910259968.000000,0.000000,-3.015231,5.223228,7.614064,2.414143,
1697740581940259840.000000,0.000000,-3.021673,5.216443,7.584230,2.416629,
1697740581980265728.000000,0.000000,-3.027803,5.206742,7.544223,2.419687,
1697740582009265664.000000,0.000000,-3.030616,5.199021,7.514119,2.421951,
1697740582049265664.000000,0.000000,-3.035872,5.188332,7.474319,2.425405,
1697740582079272960.000000,0.000000,-3.040956,5.180032,7.444523,2.428332,
1697740582109273088.000000,0.000000,-3.042627,5.171404,7.414563,2.431495,
1697740582148272896.000000,0.000000,-3.048571,5.159122,7.374807,2.435620,
1697740582178278912.000000,0.000000,-3.054858,5.149485,7.344965,2.438644,
1697740582208278784.000000,0.000000,-3.057555,5.139619,7.315015,2.441550,
1697740582247278848.000000,0.000000,-3.064423,5.126125,7.274975,2.445484,
1697740582277285888.000000,0.000000,-3.071240,5.115901,7.244786,2.448624,
1697740582317285888.000000,0.000000,-3.075092,5.102139,7.204351,2.452645,
1697740582346286080.000000,0.000000,-3.081699,5.091562,7.174208,2.455543,
1697740582376292608.000000,0.000000,-3.089684,5.081022,7.143969,2.458578,
1697740582406292736.000000,0.000000,-3.093273,5.070475,7.113607,2.461520,
1697740582445292544.000000,0.000000,-3.100450,5.056782,7.072888,2.465009,
1697740582475298816.000000,0.000000,-3.108550,5.046575,7.042200,2.467559,
1697740582515298816.000000,0.000000,-3.112501,5.032870,7.001241,2.470815,
1697740582545298944.000000,0.000000,-3.121443,5.022099,6.971034,2.473145,
1697740582574304768.000000,0.000000,-3.130325,5.011204,6.940724,2.475348,
1697740582614304768.000000,0.000000,-3.135886,4.996518,6.900192,2.478162,
1697740582644304640.000000,0.000000,3.139057,4.985047,6.869929,2.479993,
1697740582673311744.000000,0.000000,3.130393,4.973361,6.839649,2.481416,
1697740582713311744.000000,0.000000,3.126658,4.957332,6.799206,2.482958,
1697740582743311872.000000,0.000000,3.119075,4.945452,6.768955,2.483789,
1697740582782318080.000000,0.000000,3.110943,4.929182,6.728455,2.484601,
1697740582812317952.000000,0.000000,3.107417,4.916752,6.698005,2.485086,
1697740582842318080.000000,0.000000,3.100142,4.903677,6.667866,2.485591,
1697740582882325504.000000,0.000000,3.092612,4.885759,6.627813,2.486285,
1697740582911325440.000000,0.000000,3.089250,4.872129,6.597692,2.486637,
