1697819624316660736.000000,0.000000,-1.304200,-1.922142,10.433289,3.576395,
1697819624353665280.000000,0.000000,-1.318388,-1.925103,10.436223,3.572480,
1697819624380665344.000000,0.000000,-1.335558,-1.927293,10.438509,3.569164,
1697819624416665344.000000,0.000000,-1.348865,-1.930136,10.441472,3.564868,
1697819624452669696.000000,0.000000,-1.357495,-1.932851,10.444254,3.560667,
1697819624479669760.000000,0.000000,-1.371021,-1.934977,10.446217,3.557134,
1697819624511669760.000000,0.000000,-1.379597,-1.937026,10.448101,3.553629,
1697819624547673600.000000,0.000000,-1.393470,-1.939524,10.450528,3.549304,
1697819624583673856.000000,0.000000,-1.411261,-1.941896,10.452853,3.544768,
1697819624610673664.000000,0.000000,-1.425614,-1.943509,10.454531,3.541597,
1697819624643677184.000000,0.000000,-1.435091,-1.945412,10.456623,3.537514,
1697819624680677120.000000,0.000000,-1.450547,-1.947153,10.458659,3.533283,
1697819624716677120.000000,0.000000,-1.467937,-1.948727,10.460543,3.529132,
1697819624743682048.000000,0.000000,-1.477530,-1.949845,10.461952,3.526377,
1697819624779682304.000000,0.000000,-1.493152,-1.950965,10.463587,3.522419,
1697819624811682304.000000,0.000000,-1.502932,-1.951756,10.464718,3.519584,
1697819624847686656.000000,0.000000,-1.518481,-1.952744,10.466199,3.516184,
1697819624883686400.000000,0.000000,-1.537771,-1.954410,10.467375,3.512763,
1697819624910686464.000000,0.000000,-1.553050,-1.955819,10.468232,3.510427,
1697819624952691712.000000,0.000000,-1.560422,-1.958277,10.469645,3.507009,
1697819624980691712.000000,0.000000,-1.577864,-1.959776,10.470457,3.505126,
1697819625016691712.000000,0.000000,-1.594392,-1.961836,10.471405,3.502703,
1697819625052695808.000000,0.000000,-1.602867,-1.963827,10.472179,3.500843,
1697819625079695872.000000,0.000000,-1.616221,-1.965344,10.472609,3.499435,
1697819625106695680.000000,0.000000,-1.631434,-1.966906,10.472936,3.498275,
1697819625147699712.000000,0.000000,-1.638165,-1.968816,10.473112,3.497185,
1697819625183699968.000000,0.000000,-1.655289,-1.970856,10.473166,3.496153,
1697819625210699776.000000,0.000000,-1.662044,-1.972280,10.473074,3.495585,
1697819625247704064.000000,0.000000,-1.675789,-1.974267,10.472620,3.495094,
1697819625283703808.000000,0.000000,-1.694179,-1.976364,10.471736,3.494147,
1697819625310703872.000000,0.000000,-1.708632,-1.977907,10.470873,3.493519,
1697819625346707712.000000,0.000000,-1.717548,-1.979919,10.469563,3.492692,
1697819625382707712.000000,0.000000,-1.733970,-1.981908,10.467918,3.491620,
1697819625411707904.000000,0.000000,-1.741430,-1.983303,10.466544,3.490758,
1697819625447711744.000000,0.000000,-1.756305,-1.984906,10.464688,3.489568,
1697819625483711488.000000,0.000000,-1.774912,-1.986639,10.462717,3.487920,
1697819625510711552.000000,0.000000,-1.782337,-1.988002,10.461174,3.486399,
1697819625546715392.000000,0.000000,-1.797113,-1.989715,10.459164,3.484200,
1697819625584715520.000000,0.000000,-1.816973,-1.991718,10.456820,3.481470,
1697819625611715584.000000,0.000000,-1.834191,-1.993192,10.454914,3.479112,
1697819625647720960.000000,0.000000,-1.841720,-1.995028,10.452395,3.475862,
1697819625683720704.000000,0.000000,-1.858818,-1.996861,10.449865,3.472124,
1697819625710720768.000000,0.000000,-1.866565,-1.998197,10.447946,3.469152,
1697819625747723776.000000,0.000000,-1.881819,-2.000087,10.445330,3.464959,
1697819625783724032.000000,0.000000,-1.900684,-2.002102,10.442323,3.460508,
1697819625810723840.000000,0.000000,-1.908089,-2.003672,10.439988,3.457131,
1697819625846727680.000000,0.000000,-1.923439,-2.005723,10.436856,3.452399,
1697819625884727808.000000,0.000000,-1.941640,-2.007895,10.433578,3.447578,
1697819625911727616.000000,0.000000,-1.960048,-2.009469,10.431090,3.443901,
1697819625947731968.000000,0.000000,-1.969670,-2.011535,10.427963,3.439113,
1697819625983731712.000000,0.000000,-1.986856,-2.013332,10.425293,3.434380,
1697819626010731776.000000,0.000000,-2.003829,-2.014569,10.423389,3.430887,
1697819626050735616.000000,0.000000,-2.011138,-2.016099,10.420989,3.426786,
1697819626077735680.000000,0.000000,-2.025837,-2.017271,10.419178,3.423798,
1697819626113735680.000000,0.000000,-2.042171,-2.018834,10.416911,3.420034,
1697819626149739520.000000,0.000000,-2.051157,-2.020091,10.415052,3.417034,
1697819626176739584.000000,0.000000,-2.065629,-2.020899,10.413788,3.414829,
1697819626211739648.000000,0.000000,-2.082849,-2.021877,10.412327,3.412123,
1697819626247742464.000000,0.000000,-2.091937,-2.022572,10.411212,3.410206,
1697819626283742208.000000,0.000000,-2.107768,-2.023041,10.410053,3.408570,
1697819626311742464.000000,0.000000,-2.121896,-2.023161,10.409179,3.407736,
1697819626347747328.000000,0.000000,-2.128907,-2.023033,10.408185,3.407188,
1697819626383747072.000000,0.000000,-2.146462,-2.022878,10.407342,3.406794,
1697819626410747136.000000,0.000000,-2.160973,-2.022743,10.406728,3.406760,
1697819626446750208.000000,0.000000,-2.169703,-2.022418,10.405982,3.407269,
1697819626478750208.000000,0.000000,-2.183368,-2.022106,10.405030,3.407609,
1697819626511750144.000000,0.000000,-2.200905,-2.021659,10.403322,3.407855,
1697819626547756032.000000,0.000000,-2.207708,-2.021140,10.401526,3.408165,
1697819626583755776.000000,0.000000,-2.223349,-2.020587,10.399377,3.408273,
1697819626610755840.000000,0.000000,-2.239061,-2.020192,10.397717,3.408122,
1697819626647760896.000000,0.000000,-2.244342,-2.019547,10.395592,3.407876,
1697819626683760640.000000,0.000000,-2.261959,-2.018888,10.393372,3.407177,
1697819626710760704.000000,0.000000,-2.276193,-2.018330,10.391835,3.406543,
1697819626746765824.000000,0.000000,-2.285084,-2.017416,10.389826,3.405439,
1697819626773765888.000000,0.000000,-2.301887,-2.016950,10.388290,3.404324,
1697819626814765824.000000,0.000000,-2.316468,-2.016294,10.386345,3.402753,
1697819626847769088.000000,0.000000,-2.326272,-2.015509,10.384678,3.401056,
1697819626883768832.000000,0.000000,-2.343057,-2.014344,10.382794,3.399446,
1697819626910768896.000000,0.000000,-2.350502,-2.013345,10.381413,3.398104,
1697819626957774080.000000,0.000000,-2.367242,-2.011500,10.379700,3.395980,
1697819626984774144.000000,0.000000,-2.383741,-2.010441,10.378872,3.394756,
1697819627011773952.000000,0.000000,-2.398185,-2.009388,10.378304,3.393536,
1697819627046779136.000000,0.000000,-2.407358,-2.007846,10.377947,3.392189,
1697819627083779072.000000,0.000000,-2.424392,-2.006092,10.377731,3.391213,
1697819627111779328.000000,0.000000,-2.433526,-2.004670,10.377682,3.390537,
1697819627147783168.000000,0.000000,-2.446413,-2.002612,10.377839,3.389853,
1697819627183782912.000000,0.000000,-2.465466,-2.000433,10.378292,3.389441,
1697819627210782976.000000,0.000000,-2.472725,-1.998670,10.378758,3.389123,
1697819627246786560.000000,0.000000,-2.489017,-1.996170,10.379526,3.388729,
1697819627284786688.000000,0.000000,-2.505377,-1.993412,10.379539,3.388299,
1697819627311786496.000000,0.000000,-2.519812,-1.991149,10.379483,3.388079,
1697819627347790336.000000,0.000000,-2.527152,-1.988180,10.379600,3.387817,
1697819627383790592.000000,0.000000,-2.545973,-1.985103,10.379694,3.387581,
1697819627410790400.000000,0.000000,-2.562625,-1.982743,10.379834,3.387551,
1697819627450796032.000000,0.000000,-2.570130,-1.979655,10.380137,3.387546,
1697819627483795968.000000,0.000000,-2.585068,-1.976939,10.379924,3.387378,
1697819627510796032.000000,0.000000,-2.595055,-1.975102,10.379886,3.387225,
1697819627548800256.000000,0.000000,-2.610140,-1.972836,10.379962,3.387038,
1697819627584800256.000000,0.000000,-2.629278,-1.970550,10.379936,3.386640,
1697819627611800064.000000,0.000000,-2.646954,-1.968886,10.380040,3.386165,
1697819627647805440.000000,0.000000,-2.654521,-1.966738,10.380438,3.385518,
1697819627683805696.000000,0.000000,-2.671139,-1.964987,10.381100,3.384558,
1697819627711805440.000000,0.000000,-2.686105,-1.963796,10.381618,3.383623,
1697819627747811328.000000,0.000000,-2.693577,-1.962249,10.382379,3.382195,
1697819627783811072.000000,0.000000,-2.712315,-1.960489,10.382979,3.380677,
1697819627810811136.000000,0.000000,-2.729627,-1.959134,10.383400,3.379565,
1697819627851815424.000000,0.000000,-2.737236,-1.957428,10.383918,3.378183,
1697819627878815232.000000,0.000000,-2.752279,-1.956110,10.384409,3.377317,
1697819627911815168.000000,0.000000,-2.769970,-1.954367,10.385048,3.376378,
1697819627947819008.000000,0.000000,-2.779458,-1.952652,10.385539,3.375536,
1697819627983819264.000000,0.000000,-2.796302,-1.950969,10.385573,3.374719,
1697819628011819008.000000,0.000000,-2.803917,-1.949734,10.385430,3.374204,
1697819628047823872.000000,0.000000,-2.818893,-1.948148,10.385111,3.373729,
1697819628083824128.000000,0.000000,-2.837433,-1.946489,10.384506,3.373548,
1697819628110823936.000000,0.000000,-2.854264,-1.945164,10.383817,3.373549,
1697819628146829056.000000,0.000000,-2.861362,-1.943440,10.382656,3.373634,
1697819628175828992.000000,0.000000,-2.875491,-1.942154,10.381474,3.373783,
1697819628211829248.000000,0.000000,-2.884466,-1.940306,10.379616,3.374091,
1697819628247833088.000000,0.000000,-2.900452,-1.938422,10.377551,3.374493,
1697819628283832832.000000,0.000000,-2.916035,-1.936695,10.375122,3.374980,
1697819628310832896.000000,0.000000,-2.930898,-1.935308,10.373178,3.375373,
1697819628350837248.000000,0.000000,-2.937589,-1.933306,10.370447,3.375845,
1697819628377837312.000000,0.000000,-2.951077,-1.931587,10.368423,3.376127,
1697819628413837312.000000,0.000000,-2.966156,-1.928961,10.365736,3.376531,
1697819628446842368.000000,0.000000,-2.974797,-1.926086,10.362924,3.376952,
1697819628482842368.000000,0.000000,-2.989781,-1.923459,10.359715,3.377566,
1697819628511842304.000000,0.000000,-2.996270,-1.921428,10.357180,3.378047,
1697819628547847168.000000,0.000000,-3.011398,-1.918691,10.353809,3.378535,
1697819628583846912.000000,0.000000,-3.025748,-1.915950,10.350310,3.378808,
1697819628610846976.000000,0.000000,-3.040310,-1.913954,10.347710,3.378942,
1697819628646851584.000000,0.000000,-3.046637,-1.911273,10.344456,3.379181,
1697819628684851712.000000,0.000000,-3.060874,-1.908339,10.341501,3.379314,
1697819628710851584.000000,0.000000,-3.073344,-1.906252,10.339373,3.379324,
1697819628747855872.000000,0.000000,-3.079713,-1.903420,10.336629,3.379420,
1697819628778855936.000000,0.000000,-3.096185,-1.901456,10.334469,3.379487,
1697819628814855936.000000,0.000000,-3.110977,-1.899407,10.332015,3.379667,
1697819628850860800.000000,0.000000,-3.117556,-1.897347,10.329789,3.380158,
1697819628877860864.000000,0.000000,-3.132702,-1.895780,10.327826,3.380931,
1697819628913860864.000000,0.000000,3.134950,-1.893930,10.325496,3.382064,
1697819628951864832.000000,0.000000,3.127810,-1.892030,10.323557,3.383340,
1697819628978864640.000000,0.000000,3.113297,-1.890799,10.322329,3.384311,
1697819629014864640.000000,0.000000,3.095016,-1.889257,10.320933,3.385714,
1697819629050870784.000000,0.000000,3.087494,-1.887761,10.319673,3.387216,
1697819629081870848.000000,0.000000,3.069632,-1.886627,10.318919,3.388631,
1697819629117870848.000000,0.000000,3.052248,-1.885022,10.318007,3.391015,
1697819629153876992.000000,0.000000,3.042444,-1.883623,10.317148,3.393528,
1697819629180877056.000000,0.000000,3.026536,-1.882690,10.316154,3.395725,
1697819629216877056.000000,0.000000,3.008816,-1.881721,10.314940,3.398774,
1697819629248882432.000000,0.000000,2.998930,-1.881105,10.314042,3.401185,
1697819629284882432.000000,0.000000,2.980851,-1.880434,10.313188,3.404805,
1697819629311882240.000000,0.000000,2.965145,-1.879933,10.312614,3.407734,
1697819629347886592.000000,0.000000,2.957255,-1.879455,10.311842,3.411782,
1697819629383886336.000000,0.000000,2.940223,-1.879207,10.311199,3.416229,
1697819629417886464.000000,0.000000,2.922152,-1.879077,10.310500,3.420888,
1697819629453892864.000000,0.000000,2.912938,-1.879232,10.309889,3.425645,
1697819629480892928.000000,0.000000,2.898477,-1.879542,10.309127,3.429313,
1697819629516892928.000000,0.000000,2.882755,-1.880197,10.307960,3.434191,
1697819629552897792.000000,0.000000,2.873812,-1.880805,10.306752,3.439068,
1697819629581897728.000000,0.000000,2.860050,-1.881273,10.306193,3.443061,
1697819629617897728.000000,0.000000,2.846804,-1.881893,10.305377,3.448297,
1697819629644902912.000000,0.000000,2.837099,-1.882457,10.304842,3.452048,
1697819629680902912.000000,0.000000,2.824512,-1.883118,10.303848,3.457344,
1697819629707902976.000000,0.000000,2.809689,-1.883528,10.303164,3.461212,
1697819629753908736.000000,0.000000,2.803372,-1.884002,10.302122,3.467035,
1697819629780908800.000000,0.000000,2.788493,-1.884050,10.302058,3.470676,
1697819629816908800.000000,0.000000,2.773451,-1.883996,10.302136,3.475058,
1697819629843914240.000000,0.000000,2.765206,-1.883777,10.302308,3.478046,
1697819629881914112.000000,0.000000,2.751182,-1.883382,10.302487,3.482228,
1697819629917914112.000000,0.000000,2.735811,-1.883164,10.302844,3.486019,
1697819629953919232.000000,0.000000,2.728901,-1.882953,10.303339,3.489447,
1697819629980919296.000000,0.000000,2.713181,-1.882921,10.303756,3.492234,
1697819630012919296.000000,0.000000,2.697007,-1.882982,10.304180,3.495104,
1697819630047925248.000000,0.000000,2.688162,-1.883100,10.304650,3.498742,
1697819630083925504.000000,0.000000,2.672446,-1.883097,10.305195,3.502688,
1697819630111925248.000000,0.000000,2.658338,-1.883151,10.305551,3.505798,
1697819630148930304.000000,0.000000,2.649382,-1.883537,10.306013,3.509974,
1697819630175930368.000000,0.000000,2.635709,-1.883825,10.306334,3.513555,
1697819630211930112.000000,0.000000,2.627477,-1.884444,10.306840,3.518741,
1697819630247934976.000000,0.000000,2.614033,-1.885203,10.307559,3.524131,
1697819630283935232.000000,0.000000,2.597109,-1.886140,10.308446,3.529800,
1697819630315935232.000000,0.000000,2.584050,-1.886966,10.309297,3.534031,
1697819630348940800.000000,0.000000,2.574966,-1.888030,10.310640,3.539673,
1697819630384940800.000000,0.000000,2.560738,-1.888950,10.312348,3.545296,
1697819630411940864.000000,0.000000,2.543718,-1.889569,10.313835,3.549370,
1697819630447945728.000000,0.000000,2.534267,-1.890345,10.316019,3.554564,
1697819630484945664.000000,0.000000,2.517550,-1.891364,10.318274,3.559426,
1697819630511945728.000000,0.000000,2.503006,-1.892170,10.319935,3.562790,
1697819630547951104.000000,0.000000,2.495620,-1.893245,10.322068,3.566882,
1697819630583951360.000000,0.000000,2.477354,-1.894171,10.324168,3.570733,
1697819630610951168.000000,0.000000,2.469399,-1.894892,10.325666,3.573193,
1697819630648955648.000000,0.000000,2.454479,-1.895924,10.327490,3.575743,
1697819630675955712.000000,0.000000,2.436833,-1.896677,10.328682,3.577456,
1697819630711955456.000000,0.000000,2.417501,-1.897717,10.330152,3.579157,
1697819630747961344.000000,0.000000,2.409860,-1.898737,10.331421,3.580047,
1697819630784961536.000000,0.000000,2.393153,-1.899308,10.332661,3.581127,
1697819630811961344.000000,0.000000,2.378800,-1.899659,10.333439,3.581706,
1697819630847967232.000000,0.000000,2.371967,-1.900138,10.334155,3.582058,
1697819630883966976.000000,0.000000,2.355606,-1.900657,10.334791,3.582366,
1697819630910967040.000000,0.000000,2.348945,-1.901113,10.335209,3.582457,
1697819630951972864.000000,0.000000,2.335820,-1.901672,10.335422,3.582452,
1697819630984973056.000000,0.000000,2.324259,-1.902142,10.335690,3.582779,
1697819631011973120.000000,0.000000,2.309564,-1.902551,10.335922,3.583118,
1697819631047979008.000000,0.000000,2.303951,-1.903107,10.336010,3.583699,
1697819631084978944.000000,0.000000,2.291096,-1.903706,10.335988,3.584869,
1697819631111979008.000000,0.000000,2.279786,-1.904260,10.336019,3.585945,
1697819631147984384.000000,0.000000,2.273809,-1.904983,10.336147,3.587561,
1697819631183984128.000000,0.000000,2.258124,-1.905930,10.336522,3.589567,
1697819631215984128.000000,0.000000,2.246779,-1.906698,10.336902,3.591269,
1697819631248988672.000000,0.000000,2.236947,-1.907725,10.337576,3.593681,
1697819631275988480.000000,0.000000,2.222892,-1.908178,10.337874,3.595791,
1697819631311988736.000000,0.000000,2.207356,-1.908560,10.338288,3.598712,
1697819631347993088.000000,0.000000,2.198300,-1.908906,10.338881,3.601605,
1697819631378992896.000000,0.000000,2.184090,-1.909140,10.339509,3.603704,
1697819631414992896.000000,0.000000,2.167596,-1.909454,10.340429,3.606342,
1697819631450998272.000000,0.000000,2.158536,-1.909871,10.341531,3.608621,
1697819631483998208.000000,0.000000,2.143885,-1.910363,10.343286,3.610709,
1697819631510998272.000000,0.000000,2.126587,-1.910935,10.344680,3.611962,
1697819631549004032.000000,0.000000,2.119347,-1.911912,10.346643,3.613202,
1697819631585004032.000000,0.000000,2.100877,-1.912937,10.348252,3.614211,
1697819631612003840.000000,0.000000,2.087180,-1.913863,10.349294,3.614576,
1697819631648009728.000000,0.000000,2.078753,-1.915373,10.350622,3.614427,
1697819631675009536.000000,0.000000,2.064092,-1.916538,10.351511,3.614233,
1697819631716009472.000000,0.000000,2.052405,-1.918281,10.352578,3.613504,
1697819631752013824.000000,0.000000,2.042707,-1.920324,10.353489,3.612014,
1697819631778013952.000000,0.000000,2.029682,-1.921939,10.354344,3.610788,
1697819631811013888.000000,0.000000,2.014107,-1.924236,10.355426,3.608701,
1697819631852018176.000000,0.000000,2.005757,-1.926696,10.356359,3.606152,
1697819631879017984.000000,0.000000,1.991888,-1.928452,10.356886,3.604250,
1697819631912017920.000000,0.000000,1.974766,-1.930671,10.357247,3.601688,
1697819631948021760.000000,0.000000,1.965433,-1.932979,10.357512,3.598973,
1697819631984022016.000000,0.000000,1.947818,-1.935197,10.357768,3.596851,
1697819632013021952.000000,0.000000,1.931967,-1.936881,10.357805,3.595280,
1697819632049028864.000000,0.000000,1.924114,-1.939168,10.357841,3.592917,
1697819632076028928.000000,0.000000,1.906368,-1.940853,10.357885,3.591385,
1697819632112028672.000000,0.000000,1.888679,-1.943205,10.357833,3.589444,
1697819632148033024.000000,0.000000,1.878171,-1.945563,10.357658,3.587532,
1697819632176032768.000000,0.000000,1.862676,-1.947272,10.357522,3.586344,
1697819632212033024.000000,0.000000,1.853051,-1.949559,10.357368,3.584986,
1697819632248036352.000000,0.000000,1.834708,-1.951772,10.356932,3.583945,
1697819632280036352.000000,0.000000,1.819330,-1.953449,10.356404,3.583292,
1697819632316036608.000000,0.000000,1.802046,-1.955603,10.355469,3.582706,
1697819632349043200.000000,0.000000,1.792114,-1.957694,10.354330,3.582327,
1697819632376043008.000000,0.000000,1.777146,-1.959354,10.353513,3.582391,
1697819632412043264.000000,0.000000,1.767639,-1.961589,10.352072,3.582810,
1697819632449047040.000000,0.000000,1.752761,-1.963770,10.350539,3.583438,
1697819632485047040.000000,0.000000,1.734138,-1.965591,10.348406,3.584502,
1697819632512047104.000000,0.000000,1.719519,-1.966890,10.346492,3.585354,
1697819632548052992.000000,0.000000,1.710023,-1.968579,10.343955,3.586372,
1697819632584053248.000000,0.000000,1.693488,-1.970513,10.341283,3.587523,
1697819632613053184.000000,0.000000,1.678797,-1.972078,10.339095,3.588216,
1697819632649056512.000000,0.000000,1.671215,-1.974244,10.336101,3.588834,
1697819632685056512.000000,0.000000,1.651069,-1.976384,10.333001,3.589431,
1697819632712056320.000000,0.000000,1.633758,-1.978081,10.330502,3.589807,
1697819632748061184.000000,0.000000,1.626085,-1.980471,10.326978,3.590180,
1697819632785061376.000000,0.000000,1.608945,-1.983036,10.323444,3.590455,
1697819632812061184.000000,0.000000,1.594769,-1.985001,10.320751,3.590485,
1697819632848067584.000000,0.000000,1.587767,-1.987725,10.317015,3.590318,
1697819632884067840.000000,0.000000,1.569708,-1.990759,10.313067,3.590410,
1697819632916067840.000000,0.000000,1.557197,-1.993135,10.310053,3.590399,
1697819632952073216.000000,0.000000,1.546223,-1.996474,10.305953,3.590206,
1697819632979073024.000000,0.000000,1.531064,-1.998945,10.302602,3.590494,
1697819633012072960.000000,0.000000,1.520747,-2.002311,10.298088,3.590635,
1697819633048078336.000000,0.000000,1.503841,-2.005765,10.293537,3.590678,
1697819633085078528.000000,0.000000,1.487064,-2.009384,10.289150,3.591230,
1697819633112078336.000000,0.000000,1.472830,-2.012229,10.285881,3.591764,
1697819633148084736.000000,0.000000,1.465886,-2.016030,10.281595,3.592465,
1697819633184084992.000000,0.000000,1.448319,-2.019883,10.277434,3.593120,
1697819633212084736.000000,0.000000,1.435260,-2.022795,10.274331,3.593610,
1697819633252088320.000000,0.000000,1.427092,-2.026648,10.270351,3.594192,
1697819633279088384.000000,0.000000,1.414221,-2.029678,10.267093,3.594812,
1697819633312088576.000000,0.000000,1.398917,-2.033570,10.262915,3.595510,
1697819633348093440.000000,0.000000,1.390701,-2.037332,10.258843,3.596095,
1697819633384093696.000000,0.000000,1.375572,-2.040900,10.254959,3.596832,
1697819633415093504.000000,0.000000,1.361757,-2.043403,10.252202,3.597309,
1697819633452100096.000000,0.000000,1.353288,-2.046580,10.248499,3.597845,
1697819633485100288.000000,0.000000,1.339727,-2.049925,10.244925,3.598337,
1697819633513100288.000000,0.000000,1.330698,-2.052439,10.242249,3.598759,
1697819633549103872.000000,0.000000,1.317056,-2.055889,10.238838,3.599322,
1697819633585103872.000000,0.000000,1.300805,-2.059674,10.235237,3.600125,
1697819633612103680.000000,0.000000,1.288216,-2.062583,10.232606,3.600785,
1697819633648108032.000000,0.000000,1.280465,-2.066553,10.229142,3.601775,
1697819633677107968.000000,0.000000,1.268810,-2.069465,10.226665,3.602550,
1697819633713107968.000000,0.000000,1.262207,-2.073311,10.223429,3.603618,
1697819633749111552.000000,0.000000,1.251713,-2.077090,10.220510,3.604613,
1697819633785111552.000000,0.000000,1.239118,-2.080975,10.217619,3.605850,
1697819633812111360.000000,0.000000,1.227533,-2.083836,10.215597,3.606795,
1697819633849116160.000000,0.000000,1.222369,-2.087478,10.213012,3.608062,
1697819633885116160.000000,0.000000,1.211395,-2.090987,10.210572,3.609521,
1697819633912116224.000000,0.000000,1.201913,-2.093485,10.208858,3.610636,
1697819633948122624.000000,0.000000,1.196306,-2.096584,10.206945,3.611984,
1697819633975122432.000000,0.000000,1.185849,-2.099006,10.205665,3.613149,
1697819634016122368.000000,0.000000,1.177909,-2.102277,10.204238,3.614733,
1697819634052127744.000000,0.000000,1.170827,-2.105601,10.203127,3.616070,
1697819634079127552.000000,0.000000,1.161016,-2.107907,10.202315,3.617056,
1697819634115127552.000000,0.000000,1.149088,-2.110801,10.201422,3.618163,
1697819634149132800.000000,0.000000,1.142305,-2.113694,10.200875,3.618986,
1697819634185132800.000000,0.000000,1.129448,-2.116480,10.200699,3.619759,
1697819634212132864.000000,0.000000,1.118094,-2.118417,10.200686,3.620273,
1697819634248138752.000000,0.000000,1.110585,-2.120933,10.200476,3.620985,
1697819634284138496.000000,0.000000,1.097730,-2.123333,10.200048,3.621926,
1697819634316138496.000000,0.000000,1.087434,-2.124975,10.199630,3.622716,
1697819634352143872.000000,0.000000,1.078751,-2.127007,10.198931,3.623791,
1697819634379143680.000000,0.000000,1.067636,-2.128421,10.198171,3.624759,
1697819634415143680.000000,0.000000,1.053844,-2.130042,10.196812,3.626233,
1697819634451148800.000000,0.000000,1.048517,-2.131398,10.195128,3.627850,
1697819634476148736.000000,0.000000,1.037522,-2.132048,10.193741,3.629308,
1697819634512148992.000000,0.000000,1.029337,-2.132452,10.191773,3.631476,
1697819634548152320.000000,0.000000,1.019068,-2.132463,10.189771,3.633952,
1697819634584152576.000000,0.000000,1.007329,-2.131977,10.188353,3.636921,
1697819634611152384.000000,0.000000,0.996693,-2.131313,10.187484,3.639241,
1697819634649157376.000000,0.000000,0.989964,-2.130188,10.186246,3.642458,
1697819634685157376.000000,0.000000,0.977846,-2.129213,10.184790,3.645986,
1697819634712157184.000000,0.000000,0.966614,-2.128338,10.183707,3.648669,
1697819634751162368.000000,0.000000,0.960999,-2.126928,10.182242,3.652191,
1697819634779162368.000000,0.000000,0.945741,-2.125576,10.181227,3.654825,
1697819634816162304.000000,0.000000,0.932143,-2.123896,10.180108,3.657977,
1697819634852169216.000000,0.000000,0.925882,-2.122133,10.179180,3.660918,
1697819634879169024.000000,0.000000,0.911609,-2.120677,10.178573,3.662960,
1697819634916169216.000000,0.000000,0.899131,-2.118738,10.177724,3.665662,
1697819634943172864.000000,0.000000,0.891295,-2.117239,10.177171,3.667576,
1697819634979172864.000000,0.000000,0.879096,-2.115344,10.176354,3.670292,
1697819635015172864.000000,0.000000,0.864512,-2.113471,10.175542,3.672971,
1697819635051178240.000000,0.000000,0.857094,-2.111561,10.174877,3.675440,
1697819635080178176.000000,0.000000,0.847613,-2.110115,10.174556,3.677189,
1697819635116178432.000000,0.000000,0.841004,-2.108109,10.174360,3.679289,
1697819635143181568.000000,0.000000,0.829154,-2.106683,10.174280,3.680806,
1697819635179181568.000000,0.000000,0.817933,-2.104473,10.174491,3.682875,
1697819635215181568.000000,0.000000,0.807214,-2.102139,10.174884,3.684995,
1697819635252186112.000000,0.000000,0.802480,-2.099928,10.175308,3.687109,
1697819635279185920.000000,0.000000,0.792765,-2.098059,10.175756,3.688759,
1697819635315185920.000000,0.000000,0.786609,-2.095720,10.176338,3.691195,
1697819635342190336.000000,0.000000,0.775598,-2.093994,10.176892,3.692979,
1697819635378190336.000000,0.000000,0.764496,-2.091774,10.177856,3.695246,
1697819635419190272.000000,0.000000,0.754597,-2.089834,10.178974,3.697588,
1697819635452195840.000000,0.000000,0.748427,-2.087848,10.180330,3.699778,
1697819635479195904.000000,0.000000,0.736364,-2.086239,10.181295,3.701474,
1697819635515195904.000000,0.000000,0.724959,-2.084122,10.182655,3.703758,
1697819635542200832.000000,0.000000,0.719765,-2.082507,10.183750,3.705387,
1697819635582200832.000000,0.000000,0.708114,-2.080169,10.185433,3.707356,
1697819635618200832.000000,0.000000,0.697466,-2.077715,10.187303,3.709240,
1697819635654207232.000000,0.000000,0.690655,-2.075250,10.189154,3.711060,
1697819635678207232.000000,0.000000,0.678313,-2.073425,10.190436,3.712476,
1697819635714207232.000000,0.000000,0.666272,-2.070871,10.192158,3.714503,
1697819635746212352.000000,0.000000,0.662135,-2.068994,10.193476,3.716126,
1697819635782212352.000000,0.000000,0.648822,-2.066092,10.195049,3.718337,
1697819635815212288.000000,0.000000,0.636550,-2.062919,10.196784,3.720500,
1697819635846216960.000000,0.000000,0.631249,-2.060470,10.198067,3.722146,
1697819635882216960.000000,0.000000,0.619143,-2.057035,10.200189,3.724231,
1697819635915216896.000000,0.000000,0.613199,-2.053566,10.202474,3.726260,
1697819635942222848.000000,0.000000,0.600592,-2.051001,10.204173,3.727846,
1697819635978222848.000000,0.000000,0.587582,-2.047499,10.206246,3.730149,
1697819636010222848.000000,0.000000,0.581661,-2.044809,10.207752,3.731995,
1697819636046227200.000000,0.000000,0.569996,-2.041460,10.209769,3.734602,
1697819636082227200.000000,0.000000,0.555338,-2.038409,10.211938,3.737396,
1697819636115227136.000000,0.000000,0.541991,-2.035517,10.214231,3.740180,
1697819636152231936.000000,0.000000,0.534676,-2.033050,10.216539,3.743248,
1697819636179231744.000000,0.000000,0.524702,-2.031141,10.218226,3.745540,
1697819636215231744.000000,0.000000,0.517544,-2.028664,10.220562,3.748679,
1697819636243236352.000000,0.000000,0.503438,-2.027107,10.222255,3.751049,
1697819636278236416.000000,0.000000,0.489803,-2.025046,10.224530,3.754187,
1697819636316236288.000000,0.000000,0.477470,-2.023310,10.226633,3.757564,
1697819636352241152.000000,0.000000,0.469517,-2.021878,10.228594,3.761001,
1697819636379240960.000000,0.000000,0.456764,-2.021066,10.230268,3.763390,
1697819636415240960.000000,0.000000,0.440157,-2.020233,10.232519,3.766245,
1697819636442245888.000000,0.000000,0.432096,-2.019841,10.233860,3.768390,
1697819636480245760.000000,0.000000,0.420885,-2.019552,10.235328,3.771122,
1697819636515245824.000000,0.000000,0.405769,-2.019416,10.236385,3.773357,
1697819636551250432.000000,0.000000,0.399713,-2.019687,10.236983,3.775481,
1697819636579250432.000000,0.000000,0.386429,-2.020011,10.237001,3.776973,
1697819636615250432.000000,0.000000,0.380615,-2.020529,10.236729,3.778440,
1697819636646254848.000000,0.000000,0.368187,-2.021120,10.236326,3.779269,
1697819636682254848.000000,0.000000,0.356272,-2.022682,10.235654,3.780091,
1697819636718254848.000000,0.000000,0.346137,-2.024504,10.234819,3.780359,
1697819636751261440.000000,0.000000,0.339831,-2.026382,10.233685,3.780385,
1697819636778261504.000000,0.000000,0.328544,-2.027707,10.232889,3.780317,
1697819636816261632.000000,0.000000,0.322623,-2.029249,10.231834,3.779908,
1697819636843265792.000000,0.000000,0.313018,-2.030413,10.230809,3.779598,
1697819636879265792.000000,0.000000,0.302260,-2.031574,10.229400,3.779231,
1697819636915265792.000000,0.000000,0.291815,-2.032608,10.227858,3.779060,
1697819636951270400.000000,0.000000,0.287224,-2.033412,10.226160,3.778925,
1697819636979270400.000000,0.000000,0.278044,-2.033817,10.224949,3.779020,
1697819637015270400.000000,0.000000,0.266058,-2.034094,10.223306,3.779363,
1697819637051274752.000000,0.000000,0.261167,-2.034117,10.221619,3.780094,
1697819637080274944.000000,0.000000,0.249155,-2.034036,10.220416,3.780487,
1697819637116274688.000000,0.000000,0.243944,-2.033692,10.218786,3.780762,
1697819637143278336.000000,0.000000,0.232014,-2.033282,10.217584,3.781038,
1697819637179278336.000000,0.000000,0.219790,-2.032600,10.216008,3.781354,
1697819637215278336.000000,0.000000,0.207580,-2.031554,10.214572,3.781599,
1697819637246284032.000000,0.000000,0.202168,-2.030639,10.213607,3.781950,
1697819637282284032.000000,0.000000,0.190411,-2.029412,10.212420,3.782235,
1697819637318284032.000000,0.000000,0.179620,-2.027967,10.211461,3.782448,
1697819637345288704.000000,0.000000,0.172804,-2.026729,10.210891,3.782636,
1697819637381288704.000000,0.000000,0.160432,-2.024848,10.210643,3.782438,
1697819637416288768.000000,0.000000,0.146526,-2.022913,10.210819,3.782073,
1697819637452294144.000000,0.000000,0.140839,-2.020769,10.211257,3.781915,
1697819637479293952.000000,0.000000,0.127587,-2.018865,10.211376,3.781782,
1697819637515293952.000000,0.000000,0.113991,-2.016119,10.211598,3.781537,
1697819637551299328.000000,0.000000,0.106407,-2.013476,10.211976,3.781213,
1697819637579299328.000000,0.000000,0.095789,-2.011537,10.212729,3.780885,
1697819637615299328.000000,0.000000,0.088097,-2.008975,10.214180,3.780156,
1697819637642303744.000000,0.000000,0.074271,-2.007111,10.215400,3.779306,
1697819637678303744.000000,0.000000,0.061470,-2.004854,10.217240,3.777644,
1697819637714303744.000000,0.000000,0.052234,-2.002859,10.219332,3.775392,
1697819637743307264.000000,0.000000,0.038597,-2.001478,10.221122,3.773375,
1697819637779307264.000000,0.000000,0.024274,-1.999622,10.223757,3.770124,
1697819637815307264.000000,0.000000,0.009732,-1.997823,10.226629,3.766590,
1697819637851311360.000000,0.000000,0.003496,-1.996082,10.229632,3.762967,
1697819637878311424.000000,0.000000,-0.009857,-1.994590,10.232122,3.759955,
1697819637910311424.000000,0.000000,-0.015706,-1.993063,10.234562,3.756814,
1697819637945315584.000000,0.000000,-0.026832,-1.991145,10.237618,3.752660,
1697819637981315584.000000,0.000000,-0.040033,-1.989130,10.240296,3.748401,
1697819638017315584.000000,0.000000,-0.050034,-1.987164,10.242672,3.744394,
1697819638042319616.000000,0.000000,-0.057654,-1.985753,10.244322,3.741595,
1697819638082319616.000000,0.000000,-0.066744,-1.983889,10.246362,3.737385,
1697819638118319616.000000,0.000000,-0.076978,-1.982364,10.248145,3.733748,
1697819638145323776.000000,0.000000,-0.082705,-1.981203,10.249468,3.731336,
1697819638181323776.000000,0.000000,-0.091813,-1.979271,10.251391,3.728109,
1697819638210323712.000000,0.000000,-0.101333,-1.977830,10.252783,3.725994,
1697819638246327552.000000,0.000000,-0.107574,-1.975892,10.254655,3.723840,
1697819638282327552.000000,0.000000,-0.119008,-1.973875,10.256741,3.722095,
1697819638309327616.000000,0.000000,-0.129758,-1.972527,10.258240,3.721329,
1697819638345332480.000000,0.000000,-0.136577,-1.970930,10.260141,3.720839,
1697819638381332480.000000,0.000000,-0.149593,-1.969632,10.261998,3.720315,
1697819638417332480.000000,0.000000,-0.156312,-1.968696,10.263753,3.720227,
1697819638444336640.000000,0.000000,-0.168827,-1.968308,10.265034,3.720376,
1697819638484336640.000000,0.000000,-0.181197,-1.967979,10.267070,3.720320,
1697819638511336448.000000,0.000000,-0.192334,-1.967974,10.268764,3.720117,
1697819638547341568.000000,0.000000,-0.197583,-1.968380,10.270963,3.719850,
1697819638583341568.000000,0.000000,-0.209317,-1.969066,10.273189,3.718938,
1697819638616341504.000000,0.000000,-0.215725,-1.970211,10.275406,3.717567,
1697819638648345088.000000,0.000000,-0.225808,-1.971354,10.276966,3.716581,
1697819638681345024.000000,0.000000,-0.238021,-1.973308,10.278872,3.714198,
1697819638717345024.000000,0.000000,-0.247748,-1.975673,10.280725,3.711589,
1697819638753351168.000000,0.000000,-0.253563,-1.978236,10.282343,3.708736,
1697819638780350976.000000,0.000000,-0.264167,-1.979966,10.283968,3.706131,
1697819638817351168.000000,0.000000,-0.273586,-1.982393,10.285769,3.702615,
1697819638853355008.000000,0.000000,-0.279230,-1.984935,10.287201,3.698934,
1697819638880354816.000000,0.000000,-0.288349,-1.986418,10.288090,3.696012,
1697819638916355072.000000,0.000000,-0.292847,-1.988489,10.289064,3.692144,
1697819638943358208.000000,0.000000,-0.304469,-1.990044,10.289617,3.689312,
1697819638984358400.000000,0.000000,-0.314664,-1.992162,10.290343,3.685168,
1697819639017358336.000000,0.000000,-0.319823,-1.994424,10.291038,3.681217,
1697819639044360704.000000,0.000000,-0.331002,-1.996152,10.291463,3.678334,
1697819639080360960.000000,0.000000,-0.342594,-1.998285,10.292260,3.674839,
1697819639116360704.000000,0.000000,-0.354595,-2.000201,10.293073,3.671355,
1697819639147364352.000000,0.000000,-0.358419,-2.001631,10.293756,3.669096,
1697819639183364352.000000,0.000000,-0.370870,-2.003271,10.294961,3.665743,
1697819639210364416.000000,0.000000,-0.378018,-2.004455,10.295883,3.663368,
1697819639246367232.000000,0.000000,-0.389100,-2.006044,10.297229,3.660454,
1697819639279367168.000000,0.000000,-0.403866,-2.007688,10.298839,3.657112,
1697819639317367296.000000,0.000000,-0.408420,-2.009221,10.300561,3.653869,
1697819639344370688.000000,0.000000,-0.423847,-2.010503,10.301770,3.651797,
1697819639380370944.000000,0.000000,-0.437278,-2.012232,10.303441,3.649147,
1697819639412370944.000000,0.000000,-0.449533,-2.013530,10.304788,3.647255,
1697819639448376320.000000,0.000000,-0.455659,-2.015808,10.306581,3.645710,
1697819639484376064.000000,0.000000,-0.469724,-2.017629,10.308330,3.644269,
1697819639516376064.000000,0.000000,-0.478921,-2.019562,10.309940,3.643115,
1697819639544379392.000000,0.000000,-0.491424,-2.021111,10.311094,3.642614,
1697819639584379392.000000,0.000000,-0.504553,-2.022915,10.312910,3.641554,
1697819639617379328.000000,0.000000,-0.516150,-2.024903,10.314687,3.640623,
1697819639653384448.000000,0.000000,-0.523031,-2.027087,10.316319,3.639809,
1697819639680384512.000000,0.000000,-0.535090,-2.028461,10.317434,3.638731,
1697819639718384384.000000,0.000000,-0.544349,-2.030538,10.318876,3.637343,
1697819639745389568.000000,0.000000,-0.552600,-2.032116,10.319952,3.636215,
1697819639781389568.000000,0.000000,-0.563063,-2.034277,10.321584,3.634330,
1697819639817389568.000000,0.000000,-0.568329,-2.036457,10.323225,3.632142,
1697819639844392448.000000,0.000000,-0.581854,-2.038206,10.324450,3.630479,
1697819639881392640.000000,0.000000,-0.592542,-2.039995,10.326473,3.627637,
1697819639917392640.000000,0.000000,-0.597812,-2.041638,10.328498,3.624417,
1697819639944395776.000000,0.000000,-0.612115,-2.042933,10.330081,3.622144,
1697819639980396032.000000,0.000000,-0.623115,-2.044302,10.331866,3.618634,
1697819640016395776.000000,0.000000,-0.629877,-2.045446,10.333533,3.615162,
1697819640048400896.000000,0.000000,-0.640610,-2.046223,10.334662,3.612458,
1697819640084401152.000000,0.000000,-0.654247,-2.047016,10.336357,3.609104,
1697819640111400960.000000,0.000000,-0.665064,-2.047409,10.337521,3.606429,
1697819640153406464.000000,0.000000,-0.672461,-2.047979,10.339588,3.602603,
1697819640180406272.000000,0.000000,-0.684561,-2.047618,10.340833,3.599766,
1697819640211406336.000000,0.000000,-0.690266,-2.047230,10.342143,3.597285,
1697819640247411456.000000,0.000000,-0.701537,-2.046621,10.344043,3.594432,
1697819640280411648.000000,0.000000,-0.716295,-2.045503,10.346333,3.591546,
1697819640316411392.000000,0.000000,-0.721913,-2.044156,10.348896,3.589330,
1697819640343414272.000000,0.000000,-0.734316,-2.043122,10.350712,3.587809,
1697819640381414400.000000,0.000000,-0.745179,-2.041367,10.353250,3.585973,
1697819640417414400.000000,0.000000,-0.757474,-2.039302,10.355780,3.584143,
1697819640453419776.000000,0.000000,-0.764330,-2.037495,10.358034,3.582754,
1697819640480419840.000000,0.000000,-0.776950,-2.036038,10.359642,3.581316,
1697819640516419584.000000,0.000000,-0.782220,-2.034276,10.361524,3.579437,
1697819640544424960.000000,0.000000,-0.794023,-2.033099,10.362827,3.578140,
1697819640580425216.000000,0.000000,-0.804326,-2.031628,10.364725,3.575937,
1697819640609425152.000000,0.000000,-0.811331,-2.030570,10.365875,3.574112,
1697819640645430272.000000,0.000000,-0.823058,-2.029232,10.367076,3.572062,
1697819640681430272.000000,0.000000,-0.834229,-2.027837,10.368589,3.569594,
1697819640717430272.000000,0.000000,-0.839252,-2.026515,10.369862,3.566982,
1697819640745434368.000000,0.000000,-0.848923,-2.025706,10.370751,3.565279,
1697819640781434368.000000,0.000000,-0.859518,-2.024531,10.371755,3.562407,
1697819640817434368.000000,0.000000,-0.869022,-2.023299,10.372481,3.559361,
1697819640844439552.000000,0.000000,-0.876295,-2.022492,10.372948,3.557322,
1697819640880439296.000000,0.000000,-0.886865,-2.021403,10.373493,3.553941,
1697819640912439296.000000,0.000000,-0.899015,-2.020519,10.373935,3.551455,
1697819640945444352.000000,0.000000,-0.906027,-2.019476,10.374503,3.548460,
1697819640981444352.000000,0.000000,-0.918588,-2.017878,10.375082,3.545008,
1697819641017444352.000000,0.000000,-0.929817,-2.016263,10.375768,3.542065,
1697819641044449280.000000,0.000000,-0.936832,-2.015255,10.376217,3.540119,
1697819641084449280.000000,0.000000,-0.949183,-2.013626,10.376843,3.537376,
1697819641111449344.000000,0.000000,-0.960135,-2.012478,10.377364,3.535649,
1697819641148454400.000000,0.000000,-0.965491,-2.011091,10.378057,3.533667,
1697819641180454400.000000,0.000000,-0.979423,-2.009284,10.378917,3.531254,
1697819641208454144.000000,0.000000,-0.990433,-2.007971,10.379621,3.529423,
1697819641248459264.000000,0.000000,-0.996092,-2.006249,10.380515,3.527209,
1697819641281459200.000000,0.000000,-1.009382,-2.004431,10.381205,3.524446,
1697819641317459200.000000,0.000000,-1.022484,-2.002679,10.381898,3.521497,
1697819641344463872.000000,0.000000,-1.029482,-2.001343,10.382338,3.519348,
1697819641382463744.000000,0.000000,-1.040713,-1.999194,10.383175,3.516164,
1697819641418463744.000000,0.000000,-1.051450,-1.997073,10.384031,3.512941,
1697819641445468160.000000,0.000000,-1.059245,-1.995504,10.384564,3.510653,
1697819641481468160.000000,0.000000,-1.069821,-1.993273,10.385159,3.507212,
1697819641517468160.000000,0.000000,-1.082114,-1.991117,10.385587,3.503679,
1697819641548472832.000000,0.000000,-1.087316,-1.989527,10.385657,3.500873,
1697819641581472768.000000,0.000000,-1.101413,-1.987131,10.385651,3.496623,
1697819641617472768.000000,0.000000,-1.106878,-1.984771,10.385444,3.492065,
1697819641644477440.000000,0.000000,-1.119406,-1.982985,10.385139,3.488622,
1697819641680477696.000000,0.000000,-1.130193,-1.980471,10.384155,3.483447,
1697819641712477696.000000,0.000000,-1.142451,-1.978498,10.383262,3.479639,
1697819641748482560.000000,0.000000,-1.147796,-1.975997,10.381903,3.474490,
1697819641784482304.000000,0.000000,-1.161468,-1.972911,10.380526,3.469252,
1697819641812482560.000000,0.000000,-1.173285,-1.970205,10.379211,3.465015,
1697819641848487424.000000,0.000000,-1.180626,-1.966928,10.377685,3.460348,
1697819641884487168.000000,0.000000,-1.193645,-1.963276,10.375921,3.455346,
1697819641911487232.000000,0.000000,-1.205231,-1.960434,10.374486,3.451771,
1697819641947491840.000000,0.000000,-1.212538,-1.956505,10.372750,3.447603,
1697819641979491840.000000,0.000000,-1.224115,-1.953273,10.371624,3.444361,
1697819642015491840.000000,0.000000,-1.236929,-1.948850,10.370262,3.440096,
1697819642051497216.000000,0.000000,-1.244210,-1.944430,10.369045,3.436282,
1697819642078497280.000000,0.000000,-1.255985,-1.940695,10.368322,3.433298,
1697819642114497280.000000,0.000000,-1.271330,-1.935443,10.367677,3.429390,
1697819642148502016.000000,0.000000,-1.277865,-1.930275,10.367393,3.425705,
1697819642184502272.000000,0.000000,-1.291391,-1.924623,10.367574,3.422122,
1697819642211502080.000000,0.000000,-1.304916,-1.920305,10.368055,3.419607,
1697819642247506688.000000,0.000000,-1.310896,-1.914713,10.369027,3.416393,
1697819642274506752.000000,0.000000,-1.323900,-1.910264,10.369866,3.413926,
1697819642315506688.000000,0.000000,-1.336676,-1.904185,10.371417,3.410697,
1697819642351511552.000000,0.000000,-1.342216,-1.898484,10.373301,3.407414,
1697819642378511616.000000,0.000000,-1.353164,-1.893700,10.375004,3.404541,
1697819642414511616.000000,0.000000,-1.366075,-1.887660,10.377707,3.400776,
1697819642451517696.000000,0.000000,-1.371304,-1.882248,10.380774,3.397024,
1697819642475517696.000000,0.000000,-1.382720,-1.878022,10.383113,3.393711,
1697819642512517632.000000,0.000000,-1.392905,-1.872929,10.386495,3.389481,
1697819642547521280.000000,0.000000,-1.397482,-1.868415,10.390202,3.385451,
1697819642584521216.000000,0.000000,-1.407210,-1.863903,10.393924,3.381210,
1697819642612521472.000000,0.000000,-1.416026,-1.860720,10.396714,3.378091,
1697819642648526336.000000,0.000000,-1.420414,-1.857023,10.400492,3.374062,
1697819642684526592.000000,0.000000,-1.431962,-1.853131,10.403900,3.370301,
1697819642711526400.000000,0.000000,-1.441552,-1.850438,10.406423,3.367610,
1697819642747532032.000000,0.000000,-1.446470,-1.847271,10.410028,3.364259,
1697819642776531968.000000,0.000000,-1.459677,-1.844949,10.412992,3.361651,
1697819642812532224.000000,0.000000,-1.470713,-1.841968,10.417121,3.358388,
1697819642848536064.000000,0.000000,-1.477428,-1.839362,10.421296,3.355158,
1697819642884536320.000000,0.000000,-1.490000,-1.836454,10.425393,3.351920,
1697819642920536064.000000,0.000000,-1.502346,-1.833855,10.429502,3.348670,
1697819642951540992.000000,0.000000,-1.507796,-1.832190,10.432670,3.346310,
1697819642978541056.000000,0.000000,-1.518305,-1.830367,10.435593,3.343799,
1697819643014541056.000000,0.000000,-1.529909,-1.828140,10.439469,3.340681,
1697819643050545408.000000,0.000000,-1.536289,-1.826484,10.443259,3.337613,
1697819643079545344.000000,0.000000,-1.547915,-1.825510,10.446479,3.335124,
1697819643115545344.000000,0.000000,-1.558835,-1.824665,10.450357,3.332135,
1697819643151549696.000000,0.000000,-1.563729,-1.824388,10.454328,3.329408,
1697819643178549760.000000,0.000000,-1.574575,-1.824280,10.457234,3.327430,
1697819643218549760.000000,0.000000,-1.584096,-1.824374,10.461123,3.324860,
1697819643245555200.000000,0.000000,-1.590422,-1.824807,10.464097,3.323031,
1697819643281555200.000000,0.000000,-1.601603,-1.825342,10.468443,3.320559,
1697819643317555200.000000,0.000000,-1.612042,-1.826248,10.473062,3.318185,
1697819643350559232.000000,0.000000,-1.619255,-1.827432,10.477677,3.315834,
1697819643379559168.000000,0.000000,-1.630805,-1.828365,10.481001,3.313940,
1697819643415559168.000000,0.000000,-1.642957,-1.829620,10.485306,3.311190,
1697819643451563520.000000,0.000000,-1.649116,-1.831054,10.489539,3.308619,
1697819643478563584.000000,0.000000,-1.659086,-1.831963,10.492351,3.306413,
1697819643505563648.000000,0.000000,-1.665048,-1.832982,10.495070,3.304135,
1697819643545568000.000000,0.000000,-1.673536,-1.834554,10.498783,3.301154,
1697819643581568000.000000,0.000000,-1.685333,-1.836188,10.502963,3.298044,
1697819643617568000.000000,0.000000,-1.695120,-1.838048,10.507280,3.294811,
1697819643650573824.000000,0.000000,-1.701069,-1.840326,10.511588,3.291704,
1697819643679573760.000000,0.000000,-1.711285,-1.842185,10.514112,3.289225,
1697819643715573760.000000,0.000000,-1.724129,-1.844876,10.517015,3.286073,
1697819643751577600.000000,0.000000,-1.730498,-1.848025,10.519855,3.282960,
1697819643778577664.000000,0.000000,-1.740564,-1.850539,10.521880,3.280631,
1697819643814577664.000000,0.000000,-1.746431,-1.854381,10.524474,3.277633,
1697819643842581760.000000,0.000000,-1.756242,-1.857508,10.526430,3.275333,
1697819643881581824.000000,0.000000,-1.767040,-1.861576,10.529023,3.272241,
1697819643917581824.000000,0.000000,-1.776464,-1.865912,10.531577,3.269018,
1697819643953585920.000000,0.000000,-1.783612,-1.870495,10.534215,3.265826,
1697819643980585984.000000,0.000000,-1.793094,-1.873686,10.536325,3.263324,
1697819644015585792.000000,0.000000,-1.804225,-1.878105,10.539293,3.260027,
1697819644051591680.000000,0.000000,-1.808877,-1.882649,10.542472,3.256950,
1697819644078591744.000000,0.000000,-1.819304,-1.885879,10.544704,3.254607,
1697819644114591744.000000,0.000000,-1.830020,-1.889993,10.547682,3.251678,
1697819644141595904.000000,0.000000,-1.835813,-1.892959,10.550123,3.249603,
1697819644181595904.000000,0.000000,-1.845159,-1.896530,10.553568,3.247460,
1697819644217595904.000000,0.000000,-1.854715,-1.899790,10.557248,3.245598,
1697819644254599936.000000,0.000000,-1.862239,-1.902788,10.561234,3.243864,
1697819644281600000.000000,0.000000,-1.871309,-1.904286,10.564266,3.242593,
1697819644314599936.000000,0.000000,-1.885251,-1.906030,10.568225,3.241005,
1697819644350604032.000000,0.000000,-1.890782,-1.907665,10.572312,3.239328,
1697819644386604032.000000,0.000000,-1.905227,-1.908813,10.575780,3.237194,
1697819644413604096.000000,0.000000,-1.917093,-1.909546,10.578120,3.235369,
1697819644453608192.000000,0.000000,-1.924908,-1.910387,10.580897,3.232716,
1697819644480608256.000000,0.000000,-1.937687,-1.910603,10.582399,3.230623,
1697819644516608000.000000,0.000000,-1.952310,-1.911108,10.584041,3.227533,
1697819644549612288.000000,0.000000,-1.960703,-1.911688,10.585291,3.224132,
1697819644581612288.000000,0.000000,-1.974501,-1.912135,10.585882,3.221133,
1697819644614612224.000000,0.000000,-1.989725,-1.912679,10.586143,3.216707,
1697819644650617600.000000,0.000000,-1.997867,-1.913433,10.585778,3.211949,
1697819644686617600.000000,0.000000,-2.011719,-1.914307,10.584223,3.206984,
1697819644713617664.000000,0.000000,-2.023730,-1.915088,10.582517,3.203071,
1697819644750621440.000000,0.000000,-2.030967,-1.916348,10.579847,3.198039,
1697819644777621504.000000,0.000000,-2.041136,-1.917156,10.577620,3.194342,
1697819644813621504.000000,0.000000,-2.049514,-1.918403,10.574375,3.189547,
1697819644849624832.000000,0.000000,-2.060712,-1.919952,10.571018,3.185204,
1697819644885624832.000000,0.000000,-2.075211,-1.921559,10.567290,3.181142,
1697819644914624768.000000,0.000000,-2.087035,-1.922985,10.564329,3.178173,
1697819644950628608.000000,0.000000,-2.094103,-1.925176,10.560298,3.174550,
1697819644977628672.000000,0.000000,-2.105323,-1.927005,10.556856,3.171971,
1697819645013628672.000000,0.000000,-2.112455,-1.929866,10.551919,3.168704,
1697819645049632512.000000,0.000000,-2.124736,-1.933135,10.547133,3.165802,
1697819645077632512.000000,0.000000,-2.135529,-1.935764,10.543313,3.163963,
1697819645113632512.000000,0.000000,-2.147418,-1.939399,10.537978,3.161673,
1697819645149638400.000000,0.000000,-2.152593,-1.943168,10.532778,3.159462,
1697819645176638464.000000,0.000000,-2.164455,-1.945973,10.528833,3.157831,
1697819645212638208.000000,0.000000,-2.171330,-1.949500,10.523513,3.155905,
1697819645250642944.000000,0.000000,-2.184425,-1.952695,10.518188,3.154098,
1697819645277643008.000000,0.000000,-2.195539,-1.954933,10.513832,3.152824,
1697819645313643008.000000,0.000000,-2.202626,-1.957614,10.507952,3.151391,
1697819645349648384.000000,0.000000,-2.214899,-1.959930,10.502264,3.150078,
1697819645377648384.000000,0.000000,-2.223653,-1.961502,10.498121,3.148841,
1697819645413648384.000000,0.000000,-2.230569,-1.963439,10.493040,3.146993,
1697819645449651968.000000,0.000000,-2.238939,-1.965217,10.488385,3.145087,
1697819645476652032.000000,0.000000,-2.247985,-1.966605,10.484575,3.143694,
1697819645512651776.000000,0.000000,-2.254215,-1.968205,10.479659,3.141925,
1697819645548657152.000000,0.000000,-2.257239,-1.969720,10.475262,3.139771,
1697819645584657408.000000,0.000000,-2.261214,-1.971059,10.471393,3.137464,
1697819645611657216.000000,0.000000,-2.263911,-1.971893,10.468911,3.135427,
1697819645649662720.000000,0.000000,-2.264855,-1.972425,10.466214,3.132254,
1697819645685662720.000000,0.000000,-2.266634,-1.972532,10.463648,3.128758,
1697819645712662528.000000,0.000000,-2.268484,-1.972249,10.462038,3.125903,
1697819645748667904.000000,0.000000,-2.269941,-1.971202,10.460573,3.121671,
1697819645784667648.000000,0.000000,-2.274454,-1.969253,10.458776,3.117697,
1697819645813667840.000000,0.000000,-2.276751,-1.967133,10.457748,3.114685,
1697819645848671744.000000,0.000000,-2.282571,-1.963416,10.457264,3.110674,
1697819645885671680.000000,0.000000,-2.289199,-1.958604,10.457170,3.107202,
1697819645912671744.000000,0.000000,-2.295881,-1.954390,10.457602,3.104669,
1697819645948676608.000000,0.000000,-2.300744,-1.947801,10.459001,3.101359,
1697819645979676416.000000,0.000000,-2.309112,-1.942290,10.460047,3.098789,
1697819646015676416.000000,0.000000,-2.313544,-1.934143,10.461956,3.095497,
1697819646042679808.000000,0.000000,-2.326467,-1.927462,10.463979,3.093000,
1697819646078679808.000000,0.000000,-2.338085,-1.917995,10.467080,3.089550,
1697819646114679808.000000,0.000000,-2.345988,-1.907709,10.470745,3.086092,
1697819646149683456.000000,0.000000,-2.360727,-1.896657,10.475032,3.082715,
1697819646176683520.000000,0.000000,-2.378180,-1.887919,10.478244,3.080474,
1697819646212683264.000000,0.000000,-2.387770,-1.875878,10.482817,3.077888,
1697819646248687104.000000,0.000000,-2.405447,-1.863563,10.487856,3.075577,
1697819646285687040.000000,0.000000,-2.423255,-1.851063,10.492286,3.073551,
1697819646312687104.000000,0.000000,-2.439378,-1.841891,10.495547,3.072082,
1697819646348692992.000000,0.000000,-2.447538,-1.830144,10.500132,3.070395,
1697819646384692736.000000,0.000000,-2.467688,-1.818811,10.504300,3.068671,
1697819646411692800.000000,0.000000,-2.475691,-1.810817,10.507423,3.067369,
1697819646443697408.000000,0.000000,-2.493989,-1.803336,10.510495,3.066116,
1697819646476697600.000000,0.000000,-2.509787,-1.793982,10.514206,3.064404,
1697819646512697344.000000,0.000000,-2.518677,-1.785313,10.517585,3.062854,
1697819646548701184.000000,0.000000,-2.534561,-1.777472,10.520938,3.061115,
1697819646579700992.000000,0.000000,-2.547891,-1.771973,10.523113,3.059574,
1697819646615700992.000000,0.000000,-2.562001,-1.765469,10.525620,3.057573,
1697819646642704896.000000,0.000000,-2.569874,-1.761120,10.527508,3.055898,
1697819646684704768.000000,0.000000,-2.583678,-1.754164,10.530231,3.053211,
1697819646716704768.000000,0.000000,-2.594978,-1.750248,10.531648,3.051393,
1697819646749708544.000000,0.000000,-2.601989,-1.745528,10.533743,3.048743,
1697819646785708544.000000,0.000000,-2.614935,-1.741261,10.535853,3.046157,
1697819646812708352.000000,0.000000,-2.625936,-1.738344,10.537555,3.044117,
1697819646848711680.000000,0.000000,-2.632773,-1.734927,10.540012,3.040881,
1697819646876711936.000000,0.000000,-2.643770,-1.732346,10.541610,3.038384,
1697819646912711680.000000,0.000000,-2.650620,-1.729167,10.543666,3.034659,
1697819646948715520.000000,0.000000,-2.661472,-1.726374,10.545857,3.030508,
1697819646984715264.000000,0.000000,-2.675436,-1.724203,10.547877,3.026335,
1697819647011715328.000000,0.000000,-2.687963,-1.722937,10.549350,3.022963,
1697819647049720320.000000,0.000000,-2.692308,-1.721559,10.551558,3.018375,
1697819647076720128.000000,0.000000,-2.705319,-1.720546,10.552904,3.015096,
1697819647112720384.000000,0.000000,-2.720492,-1.719475,10.554683,3.010754,
1697819647148724736.000000,0.000000,-2.726499,-1.718739,10.556624,3.006418,
1697819647175724800.000000,0.000000,-2.740021,-1.718352,10.557932,3.003257,
1697819647212724736.000000,0.000000,-2.746120,-1.718146,10.559726,2.999322,
1697819647248729088.000000,0.000000,-2.758413,-1.718320,10.561647,2.995644,
1697819647284728832.000000,0.000000,-2.774320,-1.718751,10.563335,2.992098,
1697819647311728896.000000,0.000000,-2.788346,-1.719295,10.564457,2.989483,
1697819647349733632.000000,0.000000,-2.793090,-1.720357,10.566010,2.986186,
1697819647376733696.000000,0.000000,-2.807618,-1.721691,10.566912,2.984066,
1697819647412733440.000000,0.000000,-2.816063,-1.723927,10.567958,2.981699,
1697819647448737792.000000,0.000000,-2.830718,-1.726364,10.569027,2.979781,
1697819647484737536.000000,0.000000,-2.844745,-1.729218,10.570056,2.978456,
1697819647513737728.000000,0.000000,-2.851026,-1.731492,10.570826,2.977738,
1697819647548741120.000000,0.000000,-2.863018,-1.734579,10.571836,2.977038,
1697819647585741312.000000,0.000000,-2.877794,-1.737734,10.572227,2.976884,
1697819647615741184.000000,0.000000,-2.890832,-1.740294,10.572453,2.976898,
1697819647651746816.000000,0.000000,-2.896650,-1.743390,10.572398,2.976990,
1697819647679746816.000000,0.000000,-2.908248,-1.745944,10.572182,2.977127,
1697819647709746944.000000,0.000000,-2.917063,-1.748750,10.571980,2.977302,
1697819647745750784.000000,0.000000,-2.928903,-1.752088,10.571676,2.977596,
1697819647783750656.000000,0.000000,-2.942514,-1.755424,10.571114,2.977979,
1697819647819750656.000000,0.000000,-2.954591,-1.758879,10.570378,2.978256,
1697819647846755584.000000,0.000000,-2.964236,-1.761389,10.569873,2.978306,
1697819647882755584.000000,0.000000,-2.978029,-1.765003,10.568831,2.978584,
1697819647909755648.000000,0.000000,-2.984210,-1.767849,10.568058,2.978752,
1697819647946760704.000000,0.000000,-2.996552,-1.771660,10.567214,2.978791,
1697819647982760704.000000,0.000000,-3.010663,-1.775824,10.566060,2.978801,
1697819648018760704.000000,0.000000,-3.024626,-1.780215,10.564985,2.978497,
1697819648045766656.000000,0.000000,-3.032142,-1.783545,10.564427,2.978029,
1697819648072766464.000000,0.000000,-3.044222,-1.787013,10.563946,2.977398,
1697819648113766656.000000,0.000000,-3.057461,-1.791601,10.563343,2.976392,
1697819648149771776.000000,0.000000,-3.063424,-1.796067,10.563028,2.975021,
1697819648182771712.000000,0.000000,-3.078425,-1.800949,10.562532,2.973490,
1697819648218771712.000000,0.000000,-3.089637,-1.805840,10.562119,2.971717,
1697819648246777856.000000,0.000000,-3.096466,-1.809325,10.562006,2.970154,
1697819648282777856.000000,0.000000,-3.106630,-1.813752,10.562022,2.968211,
1697819648318777856.000000,0.000000,-3.116161,-1.817840,10.561993,2.966255,
1697819648345783296.000000,0.000000,-3.123162,-1.820638,10.561844,2.964740,
1697819648381783296.000000,0.000000,-3.131412,-1.824345,10.561364,2.963064,
1697819648413783296.000000,0.000000,-3.140081,-1.826940,10.560946,2.962020,
1697819648449787904.000000,0.000000,3.139472,-1.829973,10.560331,2.960868,
1697819648482787840.000000,0.000000,3.130760,-1.832699,10.559070,2.960235,
1697819648518787840.000000,0.000000,3.124123,-1.834844,10.557367,2.959902,
1697819648554792448.000000,0.000000,3.119739,-1.836361,10.555525,2.959849,
1697819648585792512.000000,0.000000,3.112294,-1.837524,10.553975,2.960288,
1697819648612792320.000000,0.000000,3.103328,-1.838224,10.552475,2.960887,
1697819648654796800.000000,0.000000,3.099167,-1.838525,10.550156,2.962128,
1697819648681796864.000000,0.000000,3.087793,-1.838560,10.548665,2.963314,
1697819648709796864.000000,0.000000,3.078426,-1.838205,10.547423,2.964613,
1697819648746801408.000000,0.000000,3.072434,-1.837054,10.546103,2.966514,
1697819648782801408.000000,0.000000,3.062082,-1.835639,10.544999,2.968735,
1697819648818801408.000000,0.000000,3.049119,-1.833695,10.544233,2.971059,
1697819648854805760.000000,0.000000,3.041844,-1.831201,10.543900,2.973409,
1697819648882805760.000000,0.000000,3.029807,-1.829252,10.543452,2.975377,
1697819648909805824.000000,0.000000,3.023755,-1.826935,10.543216,2.977233,
1697819648945810688.000000,0.000000,3.009844,-1.823535,10.543258,2.979512,
1697819648982810624.000000,0.000000,2.994048,-1.820186,10.543501,2.981863,
1697819649013810688.000000,0.000000,2.982073,-1.817364,10.543759,2.983459,
1697819649049815552.000000,0.000000,2.974746,-1.813060,10.544198,2.985146,
1697819649085815552.000000,0.000000,2.961271,-1.808968,10.543700,2.986827,
1697819649112815616.000000,0.000000,2.947918,-1.805797,10.543217,2.987901,
1697819649153820160.000000,0.000000,2.942028,-1.801576,10.542665,2.989059,
1697819649180819968.000000,0.000000,2.930242,-1.798995,10.542171,2.990063,
1697819649216820224.000000,0.000000,2.918196,-1.795414,10.541619,2.990982,
1697819649252825088.000000,0.000000,2.909100,-1.791799,10.541211,2.991464,
1697819649285825024.000000,0.000000,2.895204,-1.787550,10.540474,2.992348,
1697819649316825088.000000,0.000000,2.883142,-1.784393,10.539952,2.992701,
1697819649349829376.000000,0.000000,2.875075,-1.780283,10.539374,2.992881,
1697819649385829376.000000,0.000000,2.861736,-1.776268,10.538521,2.993271,
1697819649412829184.000000,0.000000,2.849788,-1.773275,10.537873,2.993591,
1697819649448833536.000000,0.000000,2.842471,-1.769427,10.537136,2.993921,
1697819649477833728.000000,0.000000,2.830705,-1.766558,10.536662,2.994348,
1697819649513833728.000000,0.000000,2.818361,-1.762718,10.536003,2.995187,
1697819649549839104.000000,0.000000,2.812925,-1.758851,10.535379,2.996263,
1697819649585839104.000000,0.000000,2.799893,-1.755339,10.534486,2.997664,
1697819649612838912.000000,0.000000,2.788461,-1.752833,10.533717,2.998824,
1697819649652843520.000000,0.000000,2.783795,-1.749431,10.532740,3.000615,
1697819649676843520.000000,0.000000,2.774364,-1.746989,10.531960,3.002064,
1697819649712843776.000000,0.000000,2.763162,-1.743987,10.531001,3.003923,
1697819649748848128.000000,0.000000,2.758950,-1.740980,10.530183,3.005771,
1697819649775847936.000000,0.000000,2.749143,-1.738672,10.529464,3.007411,
1697819649813848064.000000,0.000000,2.740678,-1.735632,10.528569,3.009810,
1697819649849852416.000000,0.000000,2.736331,-1.732608,10.527848,3.012259,
1697819649876852224.000000,0.000000,2.726656,-1.730508,10.527258,3.014272,
1697819649912852480.000000,0.000000,2.714720,-1.727749,10.526667,3.017072,
1697819649949856256.000000,0.000000,2.710004,-1.724960,10.526268,3.019735,
1697819649985856256.000000,0.000000,2.698288,-1.722393,10.525971,3.022517,
1697819650012856320.000000,0.000000,2.688262,-1.720422,10.525786,3.024546,
1697819650048860672.000000,0.000000,2.681339,-1.717793,10.525845,3.027081,
1697819650084860416.000000,0.000000,2.669519,-1.715097,10.526008,3.029543,
1697819650113860608.000000,0.000000,2.658616,-1.713054,10.526290,3.031211,
1697819650149864704.000000,0.000000,2.653178,-1.710024,10.526680,3.033352,
1697819650176864768.000000,0.000000,2.639626,-1.707886,10.527086,3.034903,
1697819650212864512.000000,0.000000,2.634187,-1.705150,10.527698,3.036717,
1697819650248869376.000000,0.000000,2.621646,-1.702363,10.528486,3.038206,
1697819650284869120.000000,0.000000,2.610071,-1.699922,10.529131,3.039805,
1697819650311869184.000000,0.000000,2.604888,-1.698152,10.529696,3.040927,
1697819650347872512.000000,0.000000,2.593579,-1.695737,10.530523,3.042092,
1697819650378872576.000000,0.000000,2.583722,-1.694045,10.531211,3.042953,
1697819650414872576.000000,0.000000,2.571789,-1.691800,10.532043,3.043985,
1697819650450876416.000000,0.000000,2.567054,-1.689496,10.533017,3.044716,
1697819650477876480.000000,0.000000,2.557648,-1.687518,10.533773,3.045329,
1697819650510876416.000000,0.000000,2.551547,-1.684799,10.534842,3.046028,
1697819650542880256.000000,0.000000,2.540295,-1.682693,10.535574,3.046530,
1697819650584880128.000000,0.000000,2.528556,-1.679305,10.536809,3.047457,
1697819650611880192.000000,0.000000,2.523447,-1.677102,10.537484,3.048194,
1697819650647885568.000000,0.000000,2.511608,-1.673888,10.538370,3.049278,
1697819650688885760.000000,0.000000,2.499113,-1.670704,10.539190,3.050631,
1697819650715885568.000000,0.000000,2.486441,-1.668148,10.539660,3.051741,
1697819650751889408.000000,0.000000,2.480552,-1.664534,10.540257,3.053270,
1697819650778889472.000000,0.000000,2.468674,-1.661799,10.540834,3.054590,
1697819650811889408.000000,0.000000,2.453065,-1.658030,10.541562,3.056416,
1697819650847894272.000000,0.000000,2.447029,-1.654287,10.542324,3.058087,
1697819650884894208.000000,0.000000,2.433348,-1.650835,10.542764,3.060236,
1697819650911894272.000000,0.000000,2.426697,-1.648234,10.542948,3.061986,
1697819650947899392.000000,0.000000,2.412685,-1.644661,10.543282,3.064346,
1697819650983899392.000000,0.000000,2.398806,-1.641151,10.543864,3.067277,
1697819651012899328.000000,0.000000,2.386516,-1.638498,10.544380,3.069623,
1697819651048903168.000000,0.000000,2.378888,-1.634887,10.545117,3.072719,
1697819651084903424.000000,0.000000,2.364964,-1.631563,10.546178,3.076126,
1697819651111903232.000000,0.000000,2.350958,-1.629045,10.547149,3.078790,
1697819651147908096.000000,0.000000,2.344755,-1.625576,10.548532,3.082399,
1697819651178908160.000000,0.000000,2.332346,-1.622981,10.549492,3.085164,
1697819651214908160.000000,0.000000,2.316641,-1.619529,10.550688,3.088787,
1697819651247911680.000000,0.000000,2.310737,-1.616058,10.552051,3.092276,
1697819651283911680.000000,0.000000,2.297694,-1.612714,10.553338,3.095993,
1697819651310911744.000000,0.000000,2.284295,-1.610141,10.554378,3.098707,
1697819651351918080.000000,0.000000,2.278464,-1.606576,10.555877,3.101935,
1697819651378918144.000000,0.000000,2.266855,-1.603775,10.557364,3.104297,
1697819651414918144.000000,0.000000,2.251790,-1.600007,10.559542,3.107007,
1697819651448921600.000000,0.000000,2.247247,-1.596208,10.561831,3.109251,
1697819651484921344.000000,0.000000,2.232556,-1.592180,10.563906,3.111359,
1697819651511921408.000000,0.000000,2.221665,-1.588999,10.565330,3.112781,
1697819651547926272.000000,0.000000,2.214979,-1.584749,10.567305,3.114267,
1697819651583926272.000000,0.000000,2.202746,-1.581081,10.569169,3.115580,
1697819651615926272.000000,0.000000,2.190666,-1.578463,10.570499,3.116368,
1697819651651930112.000000,0.000000,2.185380,-1.574908,10.572127,3.117016,
1697819651678930176.000000,0.000000,2.174716,-1.572242,10.573274,3.117394,
1697819651714930176.000000,0.000000,2.166642,-1.568740,10.574673,3.117692,
1697819651750935808.000000,0.000000,2.156184,-1.565370,10.575756,3.117768,
1697819651784935936.000000,0.000000,2.144090,-1.562318,10.576660,3.117869,
1697819651811935744.000000,0.000000,2.133144,-1.560142,10.577259,3.118011,
1697819651847939584.000000,0.000000,2.128318,-1.557354,10.577870,3.118369,
1697819651884939776.000000,0.000000,2.117645,-1.555095,10.578098,3.119118,
1697819651910939648.000000,0.000000,2.113121,-1.553638,10.578193,3.119696,
1697819651948944896.000000,0.000000,2.104198,-1.551895,10.578171,3.120618,
1697819651984945152.000000,0.000000,2.093680,-1.550671,10.577950,3.121672,
1697819652011944960.000000,0.000000,2.089502,-1.549996,10.577771,3.122458,
1697819652047949312.000000,0.000000,2.081432,-1.549209,10.577467,3.123574,
1697819652079949312.000000,0.000000,2.072050,-1.548759,10.577092,3.124549,
1697819652116949504.000000,0.000000,2.061201,-1.548415,10.576520,3.125939,
1697819652152954368.000000,0.000000,2.056900,-1.548419,10.575972,3.127173,
1697819652179954432.000000,0.000000,2.047528,-1.548564,10.575556,3.128518,
1697819652215954432.000000,0.000000,2.043140,-1.548792,10.574930,3.130209,
1697819652244957696.000000,0.000000,2.032910,-1.549025,10.574553,3.131332,
1697819652280957952.000000,0.000000,2.023570,-1.549675,10.574246,3.132944,
1697819652316957696.000000,0.000000,2.011898,-1.550441,10.574059,3.134377,
1697819652352962048.000000,0.000000,2.007176,-1.551231,10.573737,3.135664,
1697819652379962112.000000,0.000000,1.996468,-1.551863,10.573716,3.136648,
1697819652416962048.000000,0.000000,1.984924,-1.552743,10.573731,3.137741,
1697819652452967424.000000,0.000000,1.979976,-1.553540,10.573627,3.138516,
1697819652479967232.000000,0.000000,1.969203,-1.554252,10.573394,3.139142,
1697819652515967232.000000,0.000000,1.964240,-1.555308,10.573005,3.139949,
1697819652551972608.000000,0.000000,1.953139,-1.556833,10.572322,3.140634,
1697819652578972672.000000,0.000000,1.941906,-1.557957,10.571547,3.141275,
1697819652619972608.000000,0.000000,1.931629,-1.559394,10.570270,3.142049,
1697819652646976512.000000,0.000000,1.926467,-1.560332,10.569332,3.142503,
1697819652682976512.000000,0.000000,1.913705,-1.561549,10.568071,3.143312,
1697819652718976512.000000,0.000000,1.903206,-1.562627,10.566840,3.144199,
1697819652754981632.000000,0.000000,1.895243,-1.563547,10.565480,3.145054,
1697819652781981696.000000,0.000000,1.885752,-1.564282,10.564542,3.145807,
1697819652818981632.000000,0.000000,1.872031,-1.565018,10.563021,3.146862,
1697819652845985280.000000,0.000000,1.866612,-1.565377,10.561981,3.147751,
1697819652881985280.000000,0.000000,1.853605,-1.565719,10.560558,3.149297,
1697819652917985280.000000,0.000000,1.843256,-1.565914,10.559168,3.151067,
1697819652946990592.000000,0.000000,1.836635,-1.565892,10.558137,3.152532,
1697819652982990592.000000,0.000000,1.826034,-1.565693,10.556575,3.154818,
1697819653018990592.000000,0.000000,1.814013,-1.565366,10.555014,3.157295,
1697819653054995712.000000,0.000000,1.807125,-1.564872,10.553438,3.159997,
1697819653081995776.000000,0.000000,1.795955,-1.564633,10.552370,3.162210,
1697819653118995712.000000,0.000000,1.782328,-1.564366,10.551236,3.165259,
1697819653155000832.000000,0.000000,1.774947,-1.564052,10.550031,3.168353,
1697819653182000896.000000,0.000000,1.763467,-1.563640,10.548901,3.170792,
1697819653218000896.000000,0.000000,1.750511,-1.563215,10.547474,3.173928,
1697819653245005824.000000,0.000000,1.742046,-1.563070,10.546493,3.176088,
1697819653277005824.000000,0.000000,1.733295,-1.563160,10.545631,3.178308,
1697819653313005568.000000,0.000000,1.719165,-1.563502,10.544470,3.181133,
1697819653349008896.000000,0.000000,1.713572,-1.563949,10.543282,3.183648,
1697819653385009152.000000,0.000000,1.699922,-1.564704,10.542192,3.186090,
1697819653409009152.000000,0.000000,1.688207,-1.565398,10.541409,3.187765,
1697819653455014144.000000,0.000000,1.680827,-1.566726,10.540079,3.190193,
1697819653483014144.000000,0.000000,1.669561,-1.567890,10.539139,3.191622,
1697819653509014016.000000,0.000000,1.662788,-1.569046,10.538202,3.192912,
1697819653545019904.000000,0.000000,1.650340,-1.570585,10.537018,3.194503,
1697819653572019712.000000,0.000000,1.639728,-1.571614,10.536108,3.195593,
1697819653613019648.000000,0.000000,1.627616,-1.572922,10.535047,3.196895,
1697819653649024512.000000,0.000000,1.622304,-1.574329,10.533990,3.198186,
1697819653685024768.000000,0.000000,1.610104,-1.576047,10.533230,3.200036,
1697819653718024704.000000,0.000000,1.599431,-1.577938,10.532353,3.202224,
1697819653754030080.000000,0.000000,1.590923,-1.579812,10.531418,3.204646,
1697819653781029888.000000,0.000000,1.578704,-1.581223,10.530831,3.206772,
1697819653817030144.000000,0.000000,1.566328,-1.583064,10.530249,3.209756,
1697819653844034816.000000,0.000000,1.560946,-1.584422,10.529822,3.212190,
1697819653885035008.000000,0.000000,1.548701,-1.586259,10.529716,3.215804,
1697819653912034816.000000,0.000000,1.537966,-1.587590,10.529721,3.218626,
1697819653957039616.000000,0.000000,1.531025,-1.589636,10.529951,3.223279,
1697819653984039680.000000,0.000000,1.519332,-1.590753,10.530199,3.226235,
1697819654018039808.000000,0.000000,1.513656,-1.592180,10.530640,3.230056,
1697819654045045248.000000,0.000000,1.501271,-1.593187,10.530966,3.232825,
1697819654081045504.000000,0.000000,1.489112,-1.594552,10.531353,3.236348,
1697819654117045248.000000,0.000000,1.483692,-1.595881,10.531673,3.239735,
1697819654144049920.000000,0.000000,1.471695,-1.596821,10.531927,3.242144,
1697819654182050048.000000,0.000000,1.460785,-1.597969,10.532853,3.245261,
1697819654218050048.000000,0.000000,1.448414,-1.599033,10.534037,3.248145,
1697819654245054976.000000,0.000000,1.441351,-1.599780,10.534905,3.250208,
1697819654281054720.000000,0.000000,1.430281,-1.601078,10.535968,3.252978,
1697819654317054976.000000,0.000000,1.417814,-1.602380,10.536898,3.255789,
1697819654354061056.000000,0.000000,1.409663,-1.603582,10.537785,3.258597,
1697819654381061120.000000,0.000000,1.396767,-1.604400,10.538569,3.261138,
1697819654417060864.000000,0.000000,1.383725,-1.605468,10.539717,3.264467,
1697819654453064704.000000,0.000000,1.377840,-1.606512,10.540803,3.267795,
1697819654480064768.000000,0.000000,1.364756,-1.607131,10.541735,3.270465,
1697819654512064768.000000,0.000000,1.358952,-1.607692,10.542632,3.273229,
1697819654548069632.000000,0.000000,1.347420,-1.608492,10.543794,3.276850,
1697819654584069632.000000,0.000000,1.333260,-1.609855,10.545453,3.280838,
1697819654611069696.000000,0.000000,1.327634,-1.611030,10.546761,3.283907,
1697819654647074816.000000,0.000000,1.316244,-1.612656,10.548521,3.288083,
1697819654680074752.000000,0.000000,1.301633,-1.614289,10.550392,3.292308,
1697819654716074752.000000,0.000000,1.289083,-1.615988,10.552217,3.296775,
1697819654752079872.000000,0.000000,1.282227,-1.617717,10.554070,3.301215,
1697819654779079936.000000,0.000000,1.270898,-1.619124,10.555753,3.304606,
1697819654819079936.000000,0.000000,1.259598,-1.620918,10.558167,3.309204,
1697819654846084864.000000,0.000000,1.254221,-1.622293,10.559843,3.312685,
1697819654882084864.000000,0.000000,1.241055,-1.623939,10.561889,3.317663,
1697819654918084864.000000,0.000000,1.231239,-1.625511,10.563683,3.322685,
1697819654951090944.000000,0.000000,1.225694,-1.626899,10.565318,3.327298,
1697819654978091008.000000,0.000000,1.215115,-1.627982,10.566789,3.331202,
1697819655014091008.000000,0.000000,1.205408,-1.629308,10.568541,3.336298,
1697819655051096576.000000,0.000000,1.199943,-1.630399,10.570088,3.341250,
1697819655078096640.000000,0.000000,1.190769,-1.631225,10.571358,3.345182,
1697819655115096576.000000,0.000000,1.186629,-1.632072,10.573029,3.350424,
1697819655151101184.000000,0.000000,1.178518,-1.632664,10.574296,3.355424,
1697819655178101248.000000,0.000000,1.170527,-1.633177,10.575089,3.358987,
1697819655214101248.000000,0.000000,1.164134,-1.633676,10.576056,3.363454,
1697819655245105664.000000,0.000000,1.155239,-1.633896,10.576593,3.366595,
1697819655282105856.000000,0.000000,1.147623,-1.634120,10.577057,3.370542,
1697819655315105792.000000,0.000000,1.142625,-1.634076,10.577216,3.374310,
1697819655351110400.000000,0.000000,1.134923,-1.633826,10.577008,3.377903,
1697819655387110400.000000,0.000000,1.124935,-1.633599,10.576492,3.381730,
1697819655418110464.000000,0.000000,1.117820,-1.633341,10.575861,3.384551,
1697819655454114816.000000,0.000000,1.111728,-1.632877,10.574653,3.388168,
1697819655481114624.000000,0.000000,1.103320,-1.632630,10.573582,3.391200,
1697819655517114880.000000,0.000000,1.094722,-1.632166,10.571783,3.394905,
1697819655550119168.000000,0.000000,1.087572,-1.631505,10.569479,3.398318,
1697819655579119104.000000,0.000000,1.078216,-1.630935,10.567575,3.400978,
1697819655615119104.000000,0.000000,1.066350,-1.630121,10.564733,3.404382,
1697819655651124992.000000,0.000000,1.059893,-1.629023,10.561468,3.407410,
1697819655678125056.000000,0.000000,1.048731,-1.627941,10.559193,3.409705,
1697819655714125056.000000,0.000000,1.035038,-1.626256,10.556103,3.412564,
1697819655751129088.000000,0.000000,1.028730,-1.624285,10.552492,3.415089,
1697819655787129088.000000,0.000000,1.015577,-1.622281,10.548228,3.417603,
1697819655814129152.000000,0.000000,0.999152,-1.620717,10.544706,3.419353,
1697819655850133760.000000,0.000000,0.992549,-1.618291,10.539856,3.421307,
1697819655877133824.000000,0.000000,0.975256,-1.616326,10.536385,3.422661,
1697819655918133760.000000,0.000000,0.963532,-1.613486,10.531797,3.424330,
1697819655951139328.000000,0.000000,0.952919,-1.610437,10.527155,3.425821,
1697819655978139392.000000,0.000000,0.939189,-1.608073,10.523758,3.427192,
1697819656014139392.000000,0.000000,0.923929,-1.604762,10.519407,3.429072,
1697819656054144000.000000,0.000000,0.915475,-1.601455,10.515166,3.430885,
1697819656081143808.000000,0.000000,0.901923,-1.598993,10.512156,3.432358,
1697819656117144064.000000,0.000000,0.893575,-1.595845,10.508137,3.434128,
1697819656144148480.000000,0.000000,0.880009,-1.593565,10.505298,3.435284,
1697819656182148608.000000,0.000000,0.864249,-1.590515,10.501872,3.437021,
1697819656218148608.000000,0.000000,0.855513,-1.587714,10.499224,3.438608,
1697819656245152768.000000,0.000000,0.840285,-1.585744,10.497340,3.439754,
1697819656281153024.000000,0.000000,0.825223,-1.583333,10.494580,3.441401,
1697819656312152832.000000,0.000000,0.812145,-1.581643,10.492653,3.442586,
1697819656348157440.000000,0.000000,0.805729,-1.579564,10.490637,3.443888,
1697819656384157440.000000,0.000000,0.791502,-1.577655,10.489202,3.445148,
1697819656411157504.000000,0.000000,0.783379,-1.576442,10.488441,3.446038,
1697819656447161856.000000,0.000000,0.771053,-1.575022,10.487805,3.447114,
1697819656485161984.000000,0.000000,0.755792,-1.573877,10.487734,3.448507,
1697819656518161920.000000,0.000000,0.749660,-1.572838,10.488026,3.449899,
1697819656545166336.000000,0.000000,0.736967,-1.572265,10.488432,3.450897,
1697819656581166592.000000,0.000000,0.724961,-1.571860,10.489236,3.452277,
1697819656617166336.000000,0.000000,0.712517,-1.571760,10.490189,3.453567,
1697819656648170752.000000,0.000000,0.708554,-1.571941,10.490977,3.454529,
1697819656684170752.000000,0.000000,0.696251,-1.572474,10.492313,3.455868,
1697819656720170752.000000,0.000000,0.684082,-1.573415,10.493795,3.457255,
1697819656747175680.000000,0.000000,0.678726,-1.574237,10.495062,3.458225,
1697819656781175808.000000,0.000000,0.664914,-1.575317,10.497161,3.459734,
1697819656812175616.000000,0.000000,0.658428,-1.576295,10.498918,3.460873,
1697819656854179840.000000,0.000000,0.649282,-1.578233,10.502008,3.462729,
1697819656881179648.000000,0.000000,0.635707,-1.579875,10.503951,3.464090,
1697819656917179904.000000,0.000000,0.625329,-1.582172,10.506690,3.465726,
1697819656955185920.000000,0.000000,0.618838,-1.584845,10.509620,3.467232,
1697819656982185984.000000,0.000000,0.608826,-1.586885,10.512203,3.468424,
1697819657018185984.000000,0.000000,0.598300,-1.589887,10.515819,3.469907,
1697819657054191872.000000,0.000000,0.592471,-1.593157,10.519664,3.471211,
1697819657081191936.000000,0.000000,0.581702,-1.595830,10.523109,3.472113,
1697819657108191744.000000,0.000000,0.577237,-1.598632,10.526804,3.472979,
1697819657148198144.000000,0.000000,0.568150,-1.602459,10.531818,3.474068,
1697819657181198336.000000,0.000000,0.557105,-1.606578,10.536531,3.475268,
1697819657217198080.000000,0.000000,0.547704,-1.610783,10.541090,3.476424,
1697819657253202432.000000,0.000000,0.543786,-1.614954,10.545531,3.477573,
1697819657285202432.000000,0.000000,0.535836,-1.617712,10.549316,3.478547,
1697819657312202240.000000,0.000000,0.527220,-1.620177,10.553017,3.479573,
1697819657348207616.000000,0.000000,0.523227,-1.623479,10.557714,3.481185,
1697819657382207744.000000,0.000000,0.513982,-1.626742,10.562276,3.483173,
1697819657418207744.000000,0.000000,0.504029,-1.629815,10.566637,3.485518,
1697819657445213184.000000,0.000000,0.498333,-1.632081,10.569663,3.487504,
1697819657481212928.000000,0.000000,0.487333,-1.634999,10.573812,3.490624,
1697819657517213184.000000,0.000000,0.482239,-1.637733,10.577553,3.493999,
1697819657546216192.000000,0.000000,0.470343,-1.639712,10.579972,3.496588,
1697819657582216192.000000,0.000000,0.459461,-1.642249,10.582684,3.500220,
1697819657618216192.000000,0.000000,0.446713,-1.644777,10.584888,3.504009,
1697819657654221568.000000,0.000000,0.439561,-1.647169,10.586693,3.507761,
1697819657681221632.000000,0.000000,0.428083,-1.648748,10.587905,3.510800,
1697819657711221504.000000,0.000000,0.420884,-1.650381,10.588964,3.513793,
1697819657747225088.000000,0.000000,0.408838,-1.652491,10.590215,3.517683,
1697819657783225088.000000,0.000000,0.393501,-1.654869,10.591555,3.521572,
1697819657819225088.000000,0.000000,0.387406,-1.657327,10.592842,3.525202,
1697819657846230784.000000,0.000000,0.374646,-1.659129,10.593741,3.527655,
1697819657879230720.000000,0.000000,0.360296,-1.661735,10.594483,3.530418,
1697819657915230720.000000,0.000000,0.350244,-1.664496,10.595056,3.532907,
1697819657951236608.000000,0.000000,0.338026,-1.667298,10.595585,3.534895,
1697819657978236672.000000,0.000000,0.324004,-1.669541,10.596046,3.536180,
1697819658018236672.000000,0.000000,0.311777,-1.672819,10.596726,3.537522,
1697819658054243328.000000,0.000000,0.302824,-1.675917,10.597228,3.538239,
1697819658081243136.000000,0.000000,0.291305,-1.678258,10.597674,3.538523,
1697819658118243328.000000,0.000000,0.282678,-1.681400,10.598388,3.538520,
1697819658144247808.000000,0.000000,0.271816,-1.683872,10.598959,3.538251,
1697819658185247744.000000,0.000000,0.261369,-1.687580,10.600047,3.537858,
1697819658212247808.000000,0.000000,0.255003,-1.690321,10.600862,3.537568,
1697819658248253184.000000,0.000000,0.243011,-1.694153,10.601992,3.536996,
1697819658284253184.000000,0.000000,0.231601,-1.698251,10.603379,3.536604,
1697819658311253248.000000,0.000000,0.226587,-1.701422,10.604445,3.536280,
1697819658351259648.000000,0.000000,0.215364,-1.705819,10.605853,3.535837,
1697819658378259712.000000,0.000000,0.205810,-1.709288,10.606712,3.535660,
1697819658411259648.000000,0.000000,0.193601,-1.714067,10.607794,3.535549,
1697819658448264960.000000,0.000000,0.188812,-1.719111,10.608747,3.535516,
1697819658485264896.000000,0.000000,0.178007,-1.724122,10.609952,3.535754,
1697819658512264960.000000,0.000000,0.168387,-1.727996,10.610894,3.536056,
1697819658548270080.000000,0.000000,0.163517,-1.733198,10.612020,3.536607,
1697819658584270080.000000,0.000000,0.150450,-1.738368,10.613055,3.537656,
1697819658613270016.000000,0.000000,0.140005,-1.742299,10.613682,3.538567,
1697819658649275904.000000,0.000000,0.133597,-1.747751,10.614275,3.539884,
1697819658685276160.000000,0.000000,0.121290,-1.753155,10.615338,3.541258,
1697819658712275968.000000,0.000000,0.109386,-1.757244,10.616127,3.542328,
1697819658748281344.000000,0.000000,0.104192,-1.762356,10.616891,3.543739,
1697819658779281408.000000,0.000000,0.093672,-1.766325,10.617261,3.544856,
1697819658815281408.000000,0.000000,0.082001,-1.771496,10.617423,3.546389,
1697819658851286784.000000,0.000000,0.075239,-1.776311,10.617258,3.548064,
1697819658884286720.000000,0.000000,0.062566,-1.780939,10.617387,3.549786,
1697819658920286720.000000,0.000000,0.050133,-1.785111,10.617350,3.551529,
1697819658958292224.000000,0.000000,0.044621,-1.788795,10.616788,3.553216,
1697819658985292288.000000,0.000000,0.031769,-1.791078,10.615971,3.554385,
1697819659012292096.000000,0.000000,0.019542,-1.793135,10.614905,3.555528,
1697819659048297216.000000,0.000000,0.013978,-1.795445,10.613158,3.556912,
1697819659075297280.000000,0.000000,0.001341,-1.797102,10.611483,3.557922,
1697819659115297280.000000,0.000000,-0.009909,-1.799033,10.608854,3.559079,
1697819659151302400.000000,0.000000,-0.016903,-1.800705,10.605912,3.560014,
1697819659178302464.000000,0.000000,-0.028221,-1.801820,10.603622,3.560821,
1697819659211302400.000000,0.000000,-0.042911,-1.803086,10.600511,3.561836,
1697819659252307200.000000,0.000000,-0.048599,-1.804015,10.597178,3.562636,
1697819659279307264.000000,0.000000,-0.059837,-1.804593,10.594380,3.563225,
