1.698762697250095104e+18,4.247218639999999823e+01,-7.115721859999999310e+01,2.095900154113769531e+01,-5.700000375509262085e-02
1.698762698755604224e+18,4.247218489999999491e+01,-7.115721649999998988e+01,2.092400169372558594e+01,-9.300000220537185669e-02
1.698762700122663936e+18,4.247218449999999734e+01,-7.115721580000000301e+01,2.124900054931640625e+01,2.310000061988830566e-01
1.698762702605241088e+18,4.247218019999999683e+01,-7.115721949999999651e+01,2.116100120544433594e+01,1.440000087022781372e-01
1.698762703991027968e+18,4.247217889999999585e+01,-7.115721800000000030e+01,2.116400146484375000e+01,1.460000127553939819e-01
1.698762705065930752e+18,4.247217729999999847e+01,-7.115721499999999367e+01,2.112900161743164062e+01,-3.600000217556953430e-02
1.698762706349383168e+18,4.247217549999999875e+01,-7.115721289999999044e+01,2.112600135803222656e+01,-4.000000283122062683e-02
1.698762707506304768e+18,4.247217380000000020e+01,-7.115721130000000016e+01,2.112700080871582031e+01,-3.800000250339508057e-02
1.698762709566904064e+18,4.247217069999999950e+01,-7.115720899999999460e+01,2.004500007629394531e+01,-1.120000004768371582e+00
1.698762713008062208e+18,4.247217939999999459e+01,-7.115720209999999213e+01,2.114200019836425781e+01,-9.237000465393066406e+00
1.698762713911790336e+18,4.247218000000000160e+01,-7.115720069999998998e+01,2.114200019836425781e+01,0.000000000000000000e+00
1.698762714909905920e+18,4.247218039999999917e+01,-7.115719939999999610e+01,2.115300178527832031e+01,1.000000070780515671e-02
1.698762716608181504e+18,4.247217189999999931e+01,-7.115720000000000312e+01,2.108000183105468750e+01,-2.600000053644180298e-02
1.698762717622379776e+18,4.247217140000000057e+01,-7.115719919999999377e+01,2.108100128173828125e+01,-2.500000037252902985e-02
1.698762718560403968e+18,4.247217099999999590e+01,-7.115719829999999035e+01,2.107800102233886719e+01,-2.800000086426734924e-02
1.698762719296276224e+18,4.247217049999999716e+01,-7.115719729999999288e+01,2.107600021362304688e+01,-3.000000119209289551e-02
1.698762720027766016e+18,4.247217009999999959e+01,-7.115719640000000368e+01,2.107500076293945312e+01,-3.100000135600566864e-02
1.698762721817371392e+18,4.247216900000000095e+01,-7.115719459999999685e+01,2.104000091552734375e+01,-6.599999964237213135e-02
1.698762723196986368e+18,4.247216789999999520e+01,-7.115719249999999363e+01,2.103600120544433594e+01,-7.000000029802322388e-02
1.698762723977975808e+18,4.247216699999999889e+01,-7.115719210000000317e+01,2.105000114440917969e+01,-5.600000172853469849e-02
1.698762724806801152e+18,4.247216619999999665e+01,-7.115719129999999382e+01,2.105100059509277344e+01,-5.500000342726707458e-02
1.698762725350759168e+18,4.247216549999999557e+01,-7.115719039999999040e+01,2.105200195312500000e+01,-5.400000140070915222e-02
1.698762726166996224e+18,4.247216480000000161e+01,-7.115718939999999293e+01,2.105000114440917969e+01,-5.600000172853469849e-02
1.698762727476551424e+18,4.247216809999999754e+01,-7.115719409999999812e+01,2.106000137329101562e+01,1.000000070780515671e-02
1.698762728276466432e+18,4.247216809999999754e+01,-7.115719439999999452e+01,2.106400108337402344e+01,1.400000043213367462e-02
1.698762728947071488e+18,4.247216809999999754e+01,-7.115719459999999685e+01,2.026000022888183594e+01,-7.890000343322753906e-01
1.698762729632403200e+18,4.247216809999999754e+01,-7.115719459999999685e+01,2.044900131225585938e+01,-6.010000109672546387e-01
1.698762730365623808e+18,4.247216809999999754e+01,-7.115719450000000279e+01,2.043600082397460938e+01,-6.130000352859497070e-01
1.698762730787241216e+18,4.247216799999999637e+01,-7.115719439999999452e+01,2.040500068664550781e+01,-6.440000534057617188e-01
1.698762731473248512e+18,4.247216799999999637e+01,-7.115719450000000279e+01,2.036300086975097656e+01,-6.860000491142272949e-01
1.698762732177944064e+18,4.247216799999999637e+01,-7.115719450000000279e+01,2.032900047302246094e+01,-7.200000286102294922e-01
1.698762733784499200e+18,4.247216799999999637e+01,-7.115719450000000279e+01,2.119400024414062500e+01,1.430000066757202148e-01
1.698762735675625728e+18,4.247215949999999651e+01,-7.115717909999999335e+01,2.110800170898437500e+01,-2.400000020861625671e-02
1.698762736127319552e+18,4.247215959999999768e+01,-7.115717879999999695e+01,2.108700180053710938e+01,-4.500000178813934326e-02
1.698762736783312640e+18,4.247215969999999885e+01,-7.115717859999999462e+01,2.106800079345703125e+01,-6.500000506639480591e-02
1.698762737253441792e+18,4.247215990000000119e+01,-7.115717839999999228e+01,2.104700088500976562e+01,-8.500000089406967163e-02
1.698762737666738432e+18,4.247216019999999759e+01,-7.115717819999998994e+01,2.102700042724609375e+01,-1.050000041723251343e-01
1.698762738436365568e+18,4.247216039999999992e+01,-7.115717809999999588e+01,2.100500106811523438e+01,-1.270000040531158447e-01
1.698762738714671360e+18,4.247216059999999516e+01,-7.115717800000000182e+01,2.020200157165527344e+01,-9.300000667572021484e-01
1.698762744219054848e+18,4.247215190000000007e+01,-7.115716589999999542e+01,2.110300064086914062e+01,-2.900000102818012238e-02
1.698762744630786048e+18,4.247215140000000133e+01,-7.115716519999999434e+01,2.109900093078613281e+01,-9.280000686645507812e+00
1.698762745078134784e+18,4.247215099999999666e+01,-7.115716460000000154e+01,2.109300041198730469e+01,0.000000000000000000e+00
1.698762745765601536e+18,4.247215049999999792e+01,-7.115716399999999453e+01,2.109500122070312500e+01,1.000000047497451305e-03
1.698762746278319104e+18,4.247215020000000152e+01,-7.115716340000000173e+01,2.109100151062011719e+01,-2.000000094994902611e-03
1.698762747152718848e+18,4.247214939999999928e+01,-7.115716229999999598e+01,2.108300018310546875e+01,-1.000000070780515671e-02
1.698762747725593856e+18,4.247214909999999577e+01,-7.115716170000000318e+01,2.108700180053710938e+01,-5.000000353902578354e-03
1.698762748214186752e+18,4.247214879999999937e+01,-7.115716109999999617e+01,2.107900047302246094e+01,-1.300000026822090149e-02
1.698762748875390976e+18,4.247214859999999703e+01,-7.115716069999999149e+01,2.108300018310546875e+01,-1.000000070780515671e-02
1.698762749105975040e+18,4.247214839999999469e+01,-7.115716030000000103e+01,2.107600021362304688e+01,-1.700000092387199402e-02
1.698762749463559936e+18,4.247214839999999469e+01,-7.115716030000000103e+01,2.061200141906738281e+01,-4.810000360012054443e-01
1.698762750183431936e+18,4.247214809999999829e+01,-7.115715930000000355e+01,2.097700119018554688e+01,-1.150000020861625671e-01
1.698762750685778944e+18,4.247214909999999577e+01,-7.115716209999999364e+01,2.093000030517578125e+01,-1.630000025033950806e-01
1.698762751088362752e+18,4.247214939999999928e+01,-7.115716279999999472e+01,2.089600181579589844e+01,-1.970000118017196655e-01
1.698762751538165248e+18,4.247214950000000044e+01,-7.115716299999999706e+01,2.088400077819824219e+01,-2.090000063180923462e-01
1.698762752259490048e+18,4.247214979999999684e+01,-7.115716299999999706e+01,2.084700012207031250e+01,-2.460000067949295044e-01
1.698762752589636608e+18,4.247214929999999811e+01,-7.115716109999999617e+01,2.115000152587890625e+01,5.600000172853469849e-02
1.698762752945859840e+18,4.247214830000000063e+01,-7.115715860000000248e+01,2.113900184631347656e+01,4.500000178813934326e-02
1.698762753374100736e+18,4.247214819999999946e+01,-7.115715819999999781e+01,2.113100051879882812e+01,3.700000047683715820e-02
1.698762753650940928e+18,4.247214830000000063e+01,-7.115715829999999187e+01,2.112700080871582031e+01,3.400000184774398804e-02
1.698762754098679808e+18,4.247214849999999586e+01,-7.115715860000000248e+01,2.112700080871582031e+01,3.299999982118606567e-02
1.698762757107430912e+18,4.247214410000000129e+01,-7.115714810000000057e+01,2.114300155639648438e+01,1.200000010430812836e-02
1.698762757452870400e+18,4.247214379999999778e+01,-7.115714739999999949e+01,2.114100074768066406e+01,1.000000070780515671e-02
1.698762757809066240e+18,4.247214359999999544e+01,-7.115714659999999014e+01,2.114800071716308594e+01,1.700000092387199402e-02
1.698762759182798592e+18,4.247214259999999797e+01,-7.115714330000000132e+01,2.115900039672851562e+01,2.800000086426734924e-02
1.698762759654586624e+18,4.247214199999999806e+01,-7.115714129999999216e+01,2.116400146484375000e+01,3.299999982118606567e-02
1.698762760072510208e+18,4.247214169999999456e+01,-7.115714029999999468e+01,2.117100143432617188e+01,4.000000283122062683e-02
1.698762774686554368e+18,4.247213610000000017e+01,-7.115712510000000179e+01,2.119100189208984375e+01,-9.184000015258789062e+00
1.698762774908614144e+18,4.247213579999999666e+01,-7.115712499999999352e+01,2.119400024414062500e+01,-9.181000709533691406e+00
1.698762775091600384e+18,4.247213560000000143e+01,-7.115712479999999118e+01,2.120300102233886719e+01,-9.172000885009765625e+00
1.698762775327829760e+18,4.247213539999999909e+01,-7.115712449999999478e+01,2.121700096130371094e+01,-9.157999992370605469e+00
1.698762775844049664e+18,4.247213519999999676e+01,-7.115712429999999245e+01,2.122900009155273438e+01,7.000000216066837311e-03
1.698762775981604608e+18,4.247213500000000153e+01,-7.115712399999999604e+01,2.124500083923339844e+01,2.200000174343585968e-02
1.698762776301160704e+18,4.247213479999999919e+01,-7.115712379999999371e+01,2.125900077819824219e+01,3.600000217556953430e-02
1.698762776483417600e+18,4.247213459999999685e+01,-7.115712349999999731e+01,2.127500152587890625e+01,5.300000309944152832e-02
1.698762776732810752e+18,4.247213440000000162e+01,-7.115712320000000091e+01,2.128700065612792969e+01,6.500000506639480591e-02
1.698762777030121216e+18,4.247213419999999928e+01,-7.115712289999999030e+01,2.130500030517578125e+01,8.300000429153442383e-02
1.698762777419543808e+18,4.247213409999999811e+01,-7.115712179999999876e+01,2.127500152587890625e+01,5.200000107288360596e-02
1.698762777733032448e+18,4.247213419999999928e+01,-7.115712030000000254e+01,2.123400115966796875e+01,1.200000010430812836e-02
1.698762778097771264e+18,4.247213409999999811e+01,-7.115711949999999320e+01,2.122600173950195312e+01,4.000000189989805222e-03
1.698762778192706816e+18,4.247213389999999578e+01,-7.115711879999999212e+01,2.122600173950195312e+01,4.000000189989805222e-03
1.698762778584224768e+18,4.247213379999999461e+01,-7.115711829999999338e+01,2.123100090026855469e+01,9.000000543892383575e-03
1.698762778821990656e+18,4.247213359999999938e+01,-7.115711770000000058e+01,2.124600028991699219e+01,2.300000190734863281e-02
1.698762779021795584e+18,4.247213349999999821e+01,-7.115711720000000184e+01,2.124400138854980469e+01,2.200000174343585968e-02
1.698762779477934592e+18,4.247213339999999704e+01,-7.115711670000000311e+01,2.126000022888183594e+01,3.800000250339508057e-02
1.698762780885264128e+18,4.247213279999999713e+01,-7.115711389999999881e+01,2.130500030517578125e+01,8.200000226497650146e-02
1.698762781068464384e+18,4.247213269999999596e+01,-7.115711329999999180e+01,2.131200027465820312e+01,9.000000357627868652e-02
1.698762781381119232e+18,4.247213259999999480e+01,-7.115711279999999306e+01,2.132200050354003906e+01,1.000000014901161194e-01
1.698762781799520000e+18,4.247213250000000073e+01,-7.115711209999999198e+01,2.133100128173828125e+01,1.090000048279762268e-01
1.698762782037899776e+18,4.247213239999999956e+01,-7.115711159999999325e+01,2.134000015258789062e+01,1.170000061392784119e-01
1.698762782237645312e+18,4.247213219999999723e+01,-7.115711089999999217e+01,2.135200119018554688e+01,1.300000101327896118e-01
1.698762784828218368e+18,4.247213109999999858e+01,-7.115710509999999545e+01,2.125300025939941406e+01,-9.122000694274902344e+00
1.698762785047102208e+18,4.247212739999999798e+01,-7.115711190000000386e+01,2.115300178527832031e+01,-9.222000122070312500e+00
1.698762785495255808e+18,4.247212580000000059e+01,-7.115711410000000114e+01,2.110300064086914062e+01,-9.272000312805175781e+00
1.698762785586941440e+18,4.247212489999999718e+01,-7.115711480000000222e+01,2.107700157165527344e+01,-9.298000335693359375e+00
1.698762786173165568e+18,4.247212379999999854e+01,-7.115711480000000222e+01,2.105900192260742188e+01,-1.100000087171792984e-02
1.698762786474024704e+18,4.247212340000000097e+01,-7.115711459999999988e+01,2.105000114440917969e+01,-1.900000125169754028e-02
1.698762786901086720e+18,4.247212289999999513e+01,-7.115711449999999161e+01,2.104600143432617188e+01,-2.400000020861625671e-02
1.698762787089809152e+18,4.247212249999999756e+01,-7.115711439999999754e+01,2.104800033569335938e+01,-2.200000174343585968e-02
1.698762787355162624e+18,4.247212209999999999e+01,-7.115711439999999754e+01,2.104100036621093750e+01,-2.900000102818012238e-02
1.698762787819262720e+18,4.247212160000000125e+01,-7.115711430000000348e+01,2.103800010681152344e+01,-3.100000135600566864e-02
1.698762788053711104e+18,4.247212119999999658e+01,-7.115711430000000348e+01,2.103800010681152344e+01,-3.200000151991844177e-02
1.698762788207605760e+18,4.247212079999999901e+01,-7.115711430000000348e+01,2.103000068664550781e+01,-4.000000283122062683e-02
1.698762788537028864e+18,4.247212030000000027e+01,-7.115711430000000348e+01,2.103000068664550781e+01,-4.000000283122062683e-02
1.698762788781151744e+18,4.247211989999999560e+01,-7.115711439999999754e+01,2.102400016784667969e+01,-4.500000178813934326e-02
1.698762789169236736e+18,4.247211949999999803e+01,-7.115711439999999754e+01,2.102500152587890625e+01,-4.500000178813934326e-02
1.698762789343248896e+18,4.247211910000000046e+01,-7.115711449999999161e+01,2.101900100708007812e+01,-5.100000277161598206e-02
1.698762789592611072e+18,4.247211869999999578e+01,-7.115711459999999988e+01,2.101700019836425781e+01,-5.300000309944152832e-02
1.698762790123924224e+18,4.247211859999999461e+01,-7.115711459999999988e+01,2.081100082397460938e+01,-2.590000033378601074e-01
1.698762795188786944e+18,4.247211659999999966e+01,-7.115710500000000138e+01,2.118400192260742188e+01,1.140000075101852417e-01
1.698762795405316352e+18,4.247211629999999616e+01,-7.115710479999999905e+01,2.118100166320800781e+01,-9.193000793457031250e+00
1.698762795659221504e+18,4.247211599999999976e+01,-7.115710459999999671e+01,2.119000053405761719e+01,-9.185000419616699219e+00
1.698762796078887936e+18,4.247211569999999625e+01,-7.115710439999999437e+01,2.119300079345703125e+01,-9.182000160217285156e+00
1.698762796656900864e+18,4.247211539999999985e+01,-7.115710419999999203e+01,2.120300102233886719e+01,2.000000094994902611e-03
1.698762796659843328e+18,4.247211509999999635e+01,-7.115710399999998970e+01,2.120400047302246094e+01,4.000000189989805222e-03
1.698762797012833536e+18,4.247211479999999995e+01,-7.115710369999999330e+01,2.122000122070312500e+01,2.000000141561031342e-02
1.698762797283857408e+18,4.247211449999999644e+01,-7.115710349999999096e+01,2.121900177001953125e+01,1.900000125169754028e-02
1.698762797766521088e+18,4.247211389999999653e+01,-7.115710299999999222e+01,2.124000167846679688e+01,4.000000283122062683e-02
1.698762798204762624e+18,4.247211360000000013e+01,-7.115710279999998988e+01,2.124400138854980469e+01,4.400000348687171936e-02
1.698762798688781312e+18,4.247211310000000140e+01,-7.115710229999999115e+01,2.126200103759765625e+01,6.200000271201133728e-02
1.698762798890290176e+18,4.247211279999999789e+01,-7.115710210000000302e+01,2.127100181579589844e+01,7.000000029802322388e-02
1.698762799353560320e+18,4.247211259999999555e+01,-7.115710169999999835e+01,2.128000068664550781e+01,8.000000566244125366e-02
1.698762799521837312e+18,4.247211229999999915e+01,-7.115710149999999601e+01,2.128800010681152344e+01,8.800000697374343872e-02
1.698762799637086208e+18,4.247211209999999681e+01,-7.115710119999999961e+01,2.129600143432617188e+01,9.600000083446502686e-02
1.698762800004722432e+18,4.247211190000000158e+01,-7.115710090000000321e+01,2.130500030517578125e+01,1.050000041723251343e-01
1.698762804614818816e+18,4.247210839999999621e+01,-7.115709850000000358e+01,2.112100028991699219e+01,-7.800000160932540894e-02
1.698762805047719936e+18,4.247209780000000023e+01,-7.115709749999999190e+01,2.109200096130371094e+01,-9.282999992370605469e+00
1.698762805530733312e+18,4.247209509999999710e+01,-7.115709710000000143e+01,2.105900192260742188e+01,-3.000000026077032089e-03
1.698762806262251264e+18,4.247209379999999612e+01,-7.115709699999999316e+01,2.102100181579589844e+01,-4.100000113248825073e-02
1.698762807169541120e+18,4.247209129999999533e+01,-7.115709660000000270e+01,2.095100021362304688e+01,-1.110000088810920715e-01
1.698762808323980544e+18,4.247208859999999930e+01,-7.115709619999999802e+01,2.087800025939941406e+01,-1.840000152587890625e-01
1.698762808793334272e+18,4.247208719999999715e+01,-7.115709599999999568e+01,2.084400177001953125e+01,-2.180000096559524536e-01
1.698762809226535424e+18,4.247208570000000094e+01,-7.115709579999999335e+01,2.080600166320800781e+01,-2.550000250339508057e-01
1.698762811294262272e+18,4.247209879999999771e+01,-7.115710289999999816e+01,2.127800178527832031e+01,-9.097000122070312500e+00
1.698762811747066368e+18,4.247209859999999537e+01,-7.115710310000000050e+01,2.128500175476074219e+01,6.000000052154064178e-03
1.698762812450912512e+18,4.247209799999999547e+01,-7.115710330000000283e+01,2.130200195312500000e+01,2.300000190734863281e-02
1.698762812903704832e+18,4.247209739999999556e+01,-7.115710339999999690e+01,2.132200050354003906e+01,4.300000146031379700e-02
1.698762813400753408e+18,4.247209679999999565e+01,-7.115710349999999096e+01,2.134400177001953125e+01,6.500000506639480591e-02
1.698762813858076928e+18,4.247209589999999935e+01,-7.115710359999999923e+01,2.135100173950195312e+01,7.300000637769699097e-02
1.698762814539726592e+18,4.247209379999999612e+01,-7.115710359999999923e+01,2.127900123596191406e+01,1.000000047497451305e-03
1.698762815430495488e+18,4.247209180000000117e+01,-7.115710380000000157e+01,2.128900146484375000e+01,1.000000070780515671e-02
1.698762817062457088e+18,4.247208909999999804e+01,-7.115710409999999797e+01,2.133100128173828125e+01,5.300000309944152832e-02
1.698762820733455104e+18,4.247208859999999930e+01,-7.115710380000000157e+01,2.123300170898437500e+01,-9.142000198364257812e+00
1.698762821207659008e+18,4.247208849999999813e+01,-7.115710359999999923e+01,2.125300025939941406e+01,8.000000379979610443e-03
1.698762822880749568e+18,4.247208709999999598e+01,-7.115710310000000050e+01,2.131700134277343750e+01,7.300000637769699097e-02
1.698762823286583040e+18,4.247208669999999842e+01,-7.115710279999998988e+01,2.134300041198730469e+01,9.900000691413879395e-02
1.698762824508477440e+18,4.247208599999999734e+01,-7.115710229999999115e+01,2.138700103759765625e+01,1.430000066757202148e-01
1.698762824512370432e+18,4.247208579999999500e+01,-7.115710219999999708e+01,2.139600181579589844e+01,1.520000100135803223e-01
1.698762824702718976e+18,4.247208559999999977e+01,-7.115710199999999475e+01,2.141000175476074219e+01,1.660000085830688477e-01
1.698762827481042688e+18,4.247207900000000080e+01,-7.115710099999999727e+01,2.115000152587890625e+01,-9.300000220537185669e-02
1.698762827700549888e+18,4.247207709999999992e+01,-7.115710119999999961e+01,2.113900184631347656e+01,-1.040000021457672119e-01
1.698762828162948608e+18,4.247207609999999534e+01,-7.115710109999999133e+01,2.113200187683105469e+01,-1.110000088810920715e-01
1.698762828650329600e+18,4.247207499999999669e+01,-7.115710079999999493e+01,2.112800025939941406e+01,-1.150000020861625671e-01
1.698762829321468928e+18,4.247207389999999805e+01,-7.115710049999999853e+01,2.112600135803222656e+01,-1.170000061392784119e-01
1.698762829569517312e+18,4.247207339999999931e+01,-7.115710029999999620e+01,2.112700080871582031e+01,-1.160000041127204895e-01
1.698762829819962880e+18,4.247207290000000057e+01,-7.115710009999999386e+01,2.112500190734863281e+01,-1.190000027418136597e-01
1.698762830037129728e+18,4.247207239999999473e+01,-7.115709989999999152e+01,2.112900161743164062e+01,-1.140000075101852417e-01
1.698762830245188864e+18,4.247207449999999795e+01,-7.115710039999999026e+01,2.115700149536132812e+01,2.500000037252902985e-02
1.698762830705559552e+18,4.247207609999999534e+01,-7.115710099999999727e+01,2.117900085449218750e+01,4.700000211596488953e-02
1.698762831216990208e+18,4.247207669999999524e+01,-7.115710109999999133e+01,2.119800186157226562e+01,6.599999964237213135e-02
1.698762831224454144e+18,4.247207669999999524e+01,-7.115710109999999133e+01,2.120900154113769531e+01,7.700000703334808350e-02
1.698762832078734336e+18,4.247207629999999767e+01,-7.115710090000000321e+01,2.122700119018554688e+01,9.500000625848770142e-02
1.698762832311642368e+18,4.247207609999999534e+01,-7.115710090000000321e+01,2.123400115966796875e+01,1.020000055432319641e-01
1.698762833044037120e+18,4.247207569999999777e+01,-7.115710079999999493e+01,2.124700164794921875e+01,1.160000041127204895e-01
1.698762833201688832e+18,4.247207559999999660e+01,-7.115710070000000087e+01,2.125600051879882812e+01,1.240000054240226746e-01
1.698762833450897152e+18,4.247207540000000137e+01,-7.115710070000000087e+01,2.126100158691406250e+01,1.290000081062316895e-01
1.698762834170900736e+18,4.247207519999999903e+01,-7.115710059999999260e+01,2.127400016784667969e+01,1.420000046491622925e-01
1.698762834386713856e+18,4.247207499999999669e+01,-7.115710059999999260e+01,2.128500175476074219e+01,1.530000120401382446e-01
1.698762834859503872e+18,4.247207480000000146e+01,-7.115710049999999853e+01,2.130000114440917969e+01,1.680000126361846924e-01
1.698762835308654848e+18,4.247207470000000029e+01,-7.115710049999999853e+01,2.130700111389160156e+01,1.750000119209289551e-01
1.698762835594838784e+18,4.247207470000000029e+01,-7.115710049999999853e+01,2.032700157165527344e+01,-8.040000200271606445e-01
1.698762836920311808e+18,4.247207429999999562e+01,-7.115710059999999260e+01,2.090500068664550781e+01,-2.260000109672546387e-01
1.698762839677947904e+18,4.247207259999999707e+01,-7.115709900000000232e+01,2.116800117492675781e+01,3.600000217556953430e-02
1.698762840143006208e+18,4.247207290000000057e+01,-7.115709909999999638e+01,2.117000007629394531e+01,3.800000250339508057e-02
1.698762840664140288e+18,4.247207249999999590e+01,-7.115709900000000232e+01,2.116600036621093750e+01,3.400000184774398804e-02
1.698762841300736512e+18,4.247206949999999637e+01,-7.115709839999999531e+01,2.115300178527832031e+01,2.100000157952308655e-02
1.698762842909048320e+18,4.247206930000000114e+01,-7.115709830000000125e+01,2.113900184631347656e+01,7.000000216066837311e-03
1.698762843129306112e+18,4.247206939999999520e+01,-7.115709830000000125e+01,2.114100074768066406e+01,9.000000543892383575e-03
1.698762844293008640e+18,4.247206969999999870e+01,-7.115709830000000125e+01,2.113200187683105469e+01,0.000000000000000000e+00
1.698762844748099328e+18,4.247206990000000104e+01,-7.115709830000000125e+01,2.113200187683105469e+01,0.000000000000000000e+00
1.698762845334184192e+18,4.247206999999999510e+01,-7.115709839999999531e+01,2.112700080871582031e+01,-4.000000189989805222e-03
1.698762845902937344e+18,4.247207029999999861e+01,-7.115709839999999531e+01,2.035300064086914062e+01,-7.780000567436218262e-01
1.698762848013595904e+18,4.247207069999999618e+01,-7.115709839999999531e+01,2.119800186157226562e+01,6.700000166893005371e-02
1.698762848217786624e+18,4.247206299999999857e+01,-7.115709769999999423e+01,2.117100143432617188e+01,3.900000080466270447e-02
1.698762848471687680e+18,4.247205969999999553e+01,-7.115709730000000377e+01,2.114900016784667969e+01,-9.226000785827636719e+00
1.698762849089426176e+18,4.247205689999999834e+01,-7.115709699999999316e+01,2.113000106811523438e+01,-4.000000189989805222e-03
1.698762850322722816e+18,4.247205359999999530e+01,-7.115709640000000036e+01,2.111100006103515625e+01,-2.300000190734863281e-02
1.698762851021580800e+18,4.247205179999999558e+01,-7.115709609999998975e+01,2.110300064086914062e+01,-3.200000151991844177e-02
1.698762851209992960e+18,4.247205399999999997e+01,-7.115709699999999316e+01,2.111900138854980469e+01,-1.600000075995922089e-02
1.698762851459897856e+18,4.247205559999999736e+01,-7.115709760000000017e+01,2.114400100708007812e+01,8.000000379979610443e-03
1.698762851745423872e+18,4.247205579999999969e+01,-7.115709780000000251e+01,2.115200042724609375e+01,1.600000075995922089e-02
1.698762851867464960e+18,4.247205549999999619e+01,-7.115709789999999657e+01,2.115600013732910156e+01,2.000000141561031342e-02
1.698762852289738752e+18,4.247205499999999745e+01,-7.115709780000000251e+01,2.115900039672851562e+01,2.400000020861625671e-02
1.698762852653218560e+18,4.247205439999999754e+01,-7.115709780000000251e+01,2.116400146484375000e+01,2.800000086426734924e-02
1.698762852831861504e+18,4.247205369999999647e+01,-7.115709760000000017e+01,2.116400146484375000e+01,2.800000086426734924e-02
1.698762853040611584e+18,4.247205309999999656e+01,-7.115709749999999190e+01,2.116600036621093750e+01,3.100000135600566864e-02
1.698762853571225088e+18,4.247205239999999549e+01,-7.115709739999999783e+01,2.116800117492675781e+01,3.299999982118606567e-02
1.698762853757759744e+18,4.247205170000000152e+01,-7.115709730000000377e+01,2.117100143432617188e+01,3.500000014901161194e-02
1.698762853998206208e+18,4.247205100000000044e+01,-7.115709710000000143e+01,2.117200088500976562e+01,3.700000047683715820e-02
1.698762854227019776e+18,4.247205029999999937e+01,-7.115709699999999316e+01,2.117400169372558594e+01,3.800000250339508057e-02
1.698762855190679552e+18,4.247204809999999497e+01,-7.115709649999999442e+01,2.117900085449218750e+01,4.300000146031379700e-02
1.698762855363000320e+18,4.247204740000000101e+01,-7.115709629999999208e+01,2.118200111389160156e+01,4.600000381469726562e-02
1.698762856112681728e+18,4.247204579999999652e+01,-7.115709579999999335e+01,2.118300056457519531e+01,4.700000211596488953e-02
1.698762856295388672e+18,4.247204569999999535e+01,-7.115709579999999335e+01,2.103700065612792969e+01,-9.800000488758087158e-02
1.698762868353105664e+18,4.247203489999999704e+01,-7.115709559999999101e+01,2.111800193786621094e+01,-9.256999969482421875e+00
1.698762870390989824e+18,4.247203229999999508e+01,-7.115709449999999947e+01,2.106800079345703125e+01,-4.100000113248825073e-02
1.698762871093364736e+18,4.247203169999999517e+01,-7.115709429999999713e+01,2.105900192260742188e+01,-5.100000277161598206e-02
1.698762871283351808e+18,4.247202980000000139e+01,-7.115709449999999947e+01,2.109500122070312500e+01,-1.500000059604644775e-02
1.698762872451899392e+18,4.247202779999999933e+01,-7.115709439999999120e+01,2.108500099182128906e+01,-2.500000037252902985e-02
1.698762873356237824e+18,4.247202610000000078e+01,-7.115709429999999713e+01,2.106500053405761719e+01,-4.500000178813934326e-02
1.698762874541498880e+18,4.247202439999999513e+01,-7.115709439999999120e+01,2.104000091552734375e+01,-7.000000029802322388e-02
1.698762875443833344e+18,4.247202250000000134e+01,-7.115709459999999353e+01,2.101000022888183594e+01,-1.000000014901161194e-01
1.698762876016593152e+18,4.247202180000000027e+01,-7.115709459999999353e+01,2.049900054931640625e+01,-6.100000143051147461e-01
1.698762879851461120e+18,4.247202579999999728e+01,-7.115708959999999195e+01,2.121700096130371094e+01,2.000000141561031342e-02
1.698762880325875712e+18,4.247202569999999611e+01,-7.115708949999999788e+01,2.122400093078613281e+01,2.600000053644180298e-02
1.698762880519526144e+18,4.247202569999999611e+01,-7.115708940000000382e+01,2.123600006103515625e+01,3.800000250339508057e-02
1.698762880753281536e+18,4.247202569999999611e+01,-7.115708929999999555e+01,2.124500083923339844e+01,4.700000211596488953e-02
1.698762880967949056e+18,4.247202569999999611e+01,-7.115708920000000148e+01,2.124900054931640625e+01,5.200000107288360596e-02
1.698762881484425472e+18,4.247202180000000027e+01,-7.115709049999999536e+01,2.123100090026855469e+01,3.400000184774398804e-02
1.698762881966187264e+18,4.247201869999999957e+01,-7.115709129999999050e+01,2.122300148010253906e+01,2.600000053644180298e-02
1.698762882103949568e+18,4.247201809999999966e+01,-7.115709139999999877e+01,2.122900009155273438e+01,3.200000151991844177e-02
1.698762883060267008e+18,4.247201719999999625e+01,-7.115709129999999050e+01,2.125300025939941406e+01,5.600000172853469849e-02
1.698762884214719232e+18,4.247201609999999761e+01,-7.115709099999999410e+01,2.128500175476074219e+01,8.800000697374343872e-02
1.698762884496504064e+18,4.247201580000000121e+01,-7.115709090000000003e+01,2.129300117492675781e+01,9.500000625848770142e-02
1.698762885148178176e+18,4.247201520000000130e+01,-7.115709079999999176e+01,2.130700111389160156e+01,1.100000068545341492e-01
1.698762885370452992e+18,4.247201489999999779e+01,-7.115709069999999770e+01,2.131400108337402344e+01,1.170000061392784119e-01
1.698762885602206464e+18,4.247201460000000139e+01,-7.115709069999999770e+01,2.132000160217285156e+01,1.220000088214874268e-01
1.698762886100652288e+18,4.247201429999999789e+01,-7.115709060000000363e+01,2.132300186157226562e+01,1.250000000000000000e-01
1.698762886495655424e+18,4.247201390000000032e+01,-7.115709060000000363e+01,2.120200157165527344e+01,4.000000189989805222e-03
1.698762888600377344e+18,4.247201119999999719e+01,-7.115709009999999068e+01,2.135600090026855469e+01,1.590000092983245850e-01
1.698762889066436864e+18,4.247201289999999574e+01,-7.115708459999999036e+01,2.119400024414062500e+01,-9.181000709533691406e+00
1.698762889517298432e+18,4.247201279999999457e+01,-7.115708320000000242e+01,2.114700126647949219e+01,-2.000000094994902611e-03
1.698762890055815936e+18,4.247201239999999700e+01,-7.115708250000000135e+01,2.113000106811523438e+01,-1.800000108778476715e-02
1.698762890673269760e+18,4.247201189999999826e+01,-7.115708180000000027e+01,2.112500190734863281e+01,-2.400000020861625671e-02
1.698762891094429696e+18,4.247201139999999953e+01,-7.115708119999999326e+01,2.111700057983398438e+01,-3.200000151991844177e-02
1.698762892137446144e+18,4.247200999999999738e+01,-7.115708490000000097e+01,2.114500045776367188e+01,-3.000000026077032089e-03
1.698762892734433536e+18,4.247200959999999981e+01,-7.115708499999999503e+01,2.114400100708007812e+01,-5.000000353902578354e-03
1.698762893234156288e+18,4.247200910000000107e+01,-7.115708490000000097e+01,2.113600158691406250e+01,-1.300000026822090149e-02
1.698762895265024000e+18,4.247200749999999658e+01,-7.115708449999999630e+01,2.110200119018554688e+01,-4.700000211596488953e-02
1.698762895777508096e+18,4.247200709999999901e+01,-7.115708449999999630e+01,2.109400177001953125e+01,-5.500000342726707458e-02
1.698762896418620416e+18,4.247200670000000144e+01,-7.115708449999999630e+01,2.108200073242187500e+01,-6.700000166893005371e-02
1.698762898967069184e+18,4.247200469999999939e+01,-7.115708469999999863e+01,2.135600090026855469e+01,2.060000151395797729e-01
1.698762899404706816e+18,4.247200389999999715e+01,-7.115708150000000387e+01,2.118000030517578125e+01,3.000000119209289551e-02
1.698762899979607296e+18,4.247200349999999958e+01,-7.115708089999999686e+01,2.114400100708007812e+01,-5.000000353902578354e-03
1.698762900387744256e+18,4.247200329999999724e+01,-7.115708069999999452e+01,2.114100074768066406e+01,-8.000000379979610443e-03
1.698762900589925888e+18,4.247200309999999490e+01,-7.115708060000000046e+01,2.113800048828125000e+01,-1.100000087171792984e-02
1.698762901548976896e+18,4.247200259999999616e+01,-7.115708029999998985e+01,2.114700126647949219e+01,-2.000000094994902611e-03
1.698762901779780608e+18,4.247200249999999500e+01,-7.115708019999999578e+01,2.115000152587890625e+01,0.000000000000000000e+00
1.698762902458568960e+18,4.247200050000000005e+01,-7.115708119999999326e+01,2.111800193786621094e+01,-3.100000135600566864e-02
1.698762902938188032e+18,4.247199940000000140e+01,-7.115708150000000387e+01,2.109600067138671875e+01,-5.300000309944152832e-02
1.698762903114044160e+18,4.247199899999999673e+01,-7.115708150000000387e+01,2.109800148010253906e+01,-5.100000277161598206e-02
1.698762903509011200e+18,4.247199880000000149e+01,-7.115708150000000387e+01,2.108900070190429688e+01,-6.000000238418579102e-02
1.698762903837518592e+18,4.247199849999999799e+01,-7.115708139999999560e+01,2.109200096130371094e+01,-5.700000375509262085e-02
1.698762904099461376e+18,4.247199820000000159e+01,-7.115708139999999560e+01,2.108700180053710938e+01,-6.200000271201133728e-02
1.698762904241830912e+18,4.247199789999999808e+01,-7.115708130000000153e+01,2.108400154113769531e+01,-6.400000303983688354e-02
1.698762904549937408e+18,4.247199759999999458e+01,-7.115708130000000153e+01,2.108100128173828125e+01,-6.700000166893005371e-02
1.698762905069874688e+18,4.247199699999999467e+01,-7.115708119999999326e+01,2.107500076293945312e+01,-7.400000095367431641e-02
1.698762905461125120e+18,4.247199669999999827e+01,-7.115708109999999920e+01,2.107400131225585938e+01,-7.500000298023223877e-02
1.698762905940250112e+18,4.247199639999999476e+01,-7.115708109999999920e+01,2.106900024414062500e+01,-8.000000566244125366e-02
1.698762905982709248e+18,4.247199609999999836e+01,-7.115708109999999920e+01,2.106600189208984375e+01,-8.300000429153442383e-02
1.698762906216002048e+18,4.247199579999999486e+01,-7.115708109999999920e+01,2.106200027465820312e+01,-8.600000292062759399e-02
1.698762906594938624e+18,4.247199549999999846e+01,-7.115708109999999920e+01,2.105500030517578125e+01,-9.400000423192977905e-02
1.698762906841103872e+18,4.247199519999999495e+01,-7.115708109999999920e+01,2.105300140380859375e+01,-9.600000083446502686e-02
1.698762907235489536e+18,4.247199499999999972e+01,-7.115708109999999920e+01,2.092500114440917969e+01,-2.240000069141387939e-01
1.698762909346994944e+18,4.247199260000000010e+01,-7.115708109999999920e+01,2.137100028991699219e+01,2.210000157356262207e-01
1.698762909586251264e+18,4.247199239999999776e+01,-7.115707960000000298e+01,2.128300094604492188e+01,1.330000013113021851e-01
1.698762910000240384e+18,4.247199210000000136e+01,-7.115707899999999597e+01,2.124700164794921875e+01,9.700000286102294922e-02
1.698762910547803392e+18,4.247199179999999785e+01,-7.115707869999999957e+01,2.123300170898437500e+01,8.400000631809234619e-02
1.698762910555073536e+18,4.247199150000000145e+01,-7.115707859999999130e+01,2.124000167846679688e+01,9.100000560283660889e-02
1.698762910983234048e+18,4.247199129999999911e+01,-7.115707849999999723e+01,2.124800109863281250e+01,9.800000488758087158e-02
1.698762911095191296e+18,4.247199099999999561e+01,-7.115707840000000317e+01,2.126400184631347656e+01,1.140000075101852417e-01
1.698762911425701120e+18,4.247199069999999921e+01,-7.115707829999999490e+01,2.127400016784667969e+01,1.240000054240226746e-01
1.698762911883085056e+18,4.247199009999999930e+01,-7.115707799999999850e+01,2.130500030517578125e+01,1.550000011920928955e-01
1.698762912369640704e+18,4.247198989999999696e+01,-7.115707789999999022e+01,2.131100082397460938e+01,1.620000004768371582e-01
1.698762912623804160e+18,4.247198979999999580e+01,-7.115707729999999742e+01,2.126000022888183594e+01,-5.200000107288360596e-02
1.698762912825101568e+18,4.247198960000000056e+01,-7.115707700000000102e+01,2.120400047302246094e+01,-1.080000028014183044e-01
1.698762913111401984e+18,4.247198939999999823e+01,-7.115707679999999868e+01,2.118300056457519531e+01,-1.290000081062316895e-01
1.698762913505872384e+18,4.247198909999999472e+01,-7.115707650000000228e+01,2.118300056457519531e+01,-1.290000081062316895e-01
1.698762913753011712e+18,4.247198879999999832e+01,-7.115707629999999995e+01,2.117700195312500000e+01,-1.350000053644180298e-01
1.698762914563041024e+18,4.247198809999999725e+01,-7.115707569999999293e+01,2.118300056457519531e+01,-1.300000101327896118e-01
1.698762915123177216e+18,4.247198759999999851e+01,-7.115707519999999420e+01,2.118600082397460938e+01,-1.260000020265579224e-01
1.698762915389614848e+18,4.247198739999999617e+01,-7.115707499999999186e+01,2.118600082397460938e+01,-1.260000020265579224e-01
1.698762916027367424e+18,4.247198699999999860e+01,-7.115707460000000140e+01,2.118700027465820312e+01,-1.260000020265579224e-01
1.698762916298409984e+18,4.247198669999999510e+01,-7.115707429999999079e+01,2.118600082397460938e+01,-1.270000040531158447e-01
1.698762916716247040e+18,4.247198629999999753e+01,-7.115707390000000032e+01,2.118800163269042969e+01,-1.240000054240226746e-01
1.698762917188173568e+18,4.247198600000000113e+01,-7.115707340000000158e+01,2.118200111389160156e+01,-1.300000101327896118e-01
1.698762917855258880e+18,4.247198579999999879e+01,-7.115707319999999925e+01,2.110400009155273438e+01,-2.080000042915344238e-01
1.698762925514403072e+18,4.247197810000000118e+01,-7.115707030000000088e+01,2.110800170898437500e+01,-9.266000747680664062e+00
1.698762926428318720e+18,4.247197729999999893e+01,-7.115706980000000215e+01,2.110500144958496094e+01,-2.000000094994902611e-03
1.698762926866000640e+18,4.247197699999999543e+01,-7.115706939999999747e+01,2.110600090026855469e+01,-1.000000047497451305e-03
1.698762928506966528e+18,4.247197589999999678e+01,-7.115706840000000000e+01,2.110000038146972656e+01,-8.000000379979610443e-03
1.698762929636709120e+18,4.247197529999999688e+01,-7.115706759999999065e+01,2.108800125122070312e+01,-1.900000125169754028e-02
1.698762930821684736e+18,4.247197479999999814e+01,-7.115706690000000378e+01,2.010800170898437500e+01,-9.990000724792480469e-01
1.698762931773727232e+18,4.247197189999999978e+01,-7.115706740000000252e+01,2.125200080871582031e+01,1.440000087022781372e-01
1.698762934275902720e+18,4.247196759999999927e+01,-7.115706670000000145e+01,2.118700027465820312e+01,7.900000363588333130e-02
1.698762934737511424e+18,4.247197020000000123e+01,-7.115706579999999803e+01,2.117600059509277344e+01,6.800000369548797607e-02
1.698762935663025664e+18,4.247196939999999898e+01,-7.115706509999999696e+01,2.119100189208984375e+01,1.000000047497451305e-03
1.698762936268046848e+18,4.247196890000000025e+01,-7.115706480000000056e+01,2.117800140380859375e+01,-1.000000070780515671e-02
1.698762936852732160e+18,4.247196849999999557e+01,-7.115706459999999822e+01,2.117900085449218750e+01,-9.000000543892383575e-03
1.698762937745685760e+18,4.247196780000000160e+01,-7.115706430000000182e+01,2.116800117492675781e+01,-2.000000141561031342e-02
1.698762937997062912e+18,4.247196759999999927e+01,-7.115706419999999355e+01,2.116500091552734375e+01,-2.300000190734863281e-02
1.698762938976465664e+18,4.247196710000000053e+01,-7.115706399999999121e+01,2.114700126647949219e+01,-4.100000113248825073e-02
1.698762939099174400e+18,4.247196689999999819e+01,-7.115706389999999715e+01,2.114500045776367188e+01,-4.300000146031379700e-02
1.698762939368761088e+18,4.247196679999999702e+01,-7.115706380000000308e+01,2.113600158691406250e+01,-5.200000107288360596e-02
1.698762939802320896e+18,4.247196619999999712e+01,-7.115706369999999481e+01,2.114200019836425781e+01,-4.600000381469726562e-02
1.698762940298883328e+18,4.247196559999999721e+01,-7.115706349999999247e+01,2.114100074768066406e+01,-4.700000211596488953e-02
1.698762940300032512e+18,4.247196530000000081e+01,-7.115706339999999841e+01,2.114300155639648438e+01,-4.500000178813934326e-02
1.698762940732172800e+18,4.247196499999999730e+01,-7.115706329999999014e+01,2.113500022888183594e+01,-5.300000309944152832e-02
1.698762941051939840e+18,4.247196470000000090e+01,-7.115706319999999607e+01,2.113300132751464844e+01,-5.500000342726707458e-02
1.698762941187879168e+18,4.247196449999999857e+01,-7.115706319999999607e+01,2.112400054931640625e+01,-6.400000303983688354e-02
1.698762941473434112e+18,4.247196419999999506e+01,-7.115706310000000201e+01,2.112100028991699219e+01,-6.700000166893005371e-02
1.698762941843782656e+18,4.247196399999999983e+01,-7.115706310000000201e+01,2.111200141906738281e+01,-7.600000500679016113e-02
1.698762942125505536e+18,4.247196369999999632e+01,-7.115706299999999374e+01,2.110800170898437500e+01,-8.100000023841857910e-02
1.698762942413761792e+18,4.247196339999999992e+01,-7.115706289999999967e+01,2.109800148010253906e+01,-9.000000357627868652e-02
1.698762942565376768e+18,4.247196309999999642e+01,-7.115706289999999967e+01,2.109600067138671875e+01,-9.200000762939453125e-02
1.698762942851888640e+18,4.247196299999999525e+01,-7.115706229999999266e+01,2.101900100708007812e+01,-1.690000146627426147e-01
1.698762943266256896e+18,4.247196269999999885e+01,-7.115706199999999626e+01,2.097900009155273438e+01,-2.090000063180923462e-01
1.698762943500212992e+18,4.247196249999999651e+01,-7.115706169999999986e+01,2.095300102233886719e+01,-2.360000163316726685e-01
1.698762943934872320e+18,4.247196189999999660e+01,-7.115706140000000346e+01,2.091500091552734375e+01,-2.730000019073486328e-01
1.698762944921508352e+18,4.247196110000000147e+01,-7.115706099999999878e+01,2.086600112915039062e+01,-3.230000138282775879e-01
1.698762945572205056e+18,4.247196050000000156e+01,-7.115706079999999645e+01,2.083300018310546875e+01,-3.550000190734863281e-01
1.698762945788491264e+18,4.247196040000000039e+01,-7.115706109999999285e+01,2.087200164794921875e+01,4.600000381469726562e-02
1.698762946026694400e+18,4.247196019999999805e+01,-7.115706169999999986e+01,2.100400161743164062e+01,1.790000051259994507e-01
1.698762946243577856e+18,4.247196009999999688e+01,-7.115706169999999986e+01,2.107000160217285156e+01,2.450000047683715820e-01
1.698762946970267392e+18,4.247195959999999815e+01,-7.115706159999999159e+01,2.109100151062011719e+01,2.650000154972076416e-01
1.698762947238609664e+18,4.247195939999999581e+01,-7.115706149999999752e+01,2.108400154113769531e+01,2.590000033378601074e-01
1.698762947405647104e+18,4.247195909999999941e+01,-7.115706140000000346e+01,2.107700157165527344e+01,2.520000040531158447e-01
1.698762947765583616e+18,4.247195889999999707e+01,-7.115706129999999519e+01,2.106900024414062500e+01,2.440000176429748535e-01
1.698762948109604864e+18,4.247195860000000067e+01,-7.115706120000000112e+01,2.106300163269042969e+01,2.380000054836273193e-01
1.698762948311331584e+18,4.247195839999999833e+01,-7.115706120000000112e+01,2.105700111389160156e+01,2.310000061988830566e-01
1.698762948611603456e+18,4.247195809999999483e+01,-7.115706109999999285e+01,2.104900169372558594e+01,2.240000069141387939e-01
1.698762948918564608e+18,4.247195779999999843e+01,-7.115706099999999878e+01,2.103900146484375000e+01,2.140000164508819580e-01
1.698762949261335040e+18,4.247195749999999492e+01,-7.115706089999999051e+01,2.103400039672851562e+01,2.090000063180923462e-01
1.698762949560158464e+18,4.247195729999999969e+01,-7.115706079999999645e+01,2.102400016784667969e+01,1.990000158548355103e-01
1.698762949698767104e+18,4.247195699999999619e+01,-7.115706079999999645e+01,2.101900100708007812e+01,1.940000057220458984e-01
1.698762950228962304e+18,4.247195669999999978e+01,-7.115706070000000238e+01,2.101200103759765625e+01,1.860000044107437134e-01
1.698762950400249344e+18,4.247195639999999628e+01,-7.115706059999999411e+01,2.104300117492675781e+01,2.170000076293945312e-01
1.698762950650381824e+18,4.247195609999999988e+01,-7.115706059999999411e+01,2.105300140380859375e+01,2.280000150203704834e-01
1.698762951148419584e+18,4.247195589999999754e+01,-7.115706050000000005e+01,2.105300140380859375e+01,2.280000150203704834e-01
1.698762951155847936e+18,4.247195560000000114e+01,-7.115706039999999177e+01,2.105300140380859375e+01,2.280000150203704834e-01
1.698762951586197760e+18,4.247195529999999764e+01,-7.115706029999999771e+01,2.105200195312500000e+01,2.260000109672546387e-01
1.698762951804262912e+18,4.247195509999999530e+01,-7.115706029999999771e+01,2.104500007629394531e+01,2.190000116825103760e-01
1.698762952006115072e+18,4.247195469999999773e+01,-7.115706020000000365e+01,2.104800033569335938e+01,2.230000048875808716e-01
1.698762952692447744e+18,4.247195419999999899e+01,-7.115706000000000131e+01,2.103600120544433594e+01,2.110000103712081909e-01
1.698762952869731072e+18,4.247195389999999549e+01,-7.115705989999999304e+01,2.103100013732910156e+01,2.050000131130218506e-01
1.698762953178825984e+18,4.247195389999999549e+01,-7.115705930000000023e+01,2.107000160217285156e+01,2.440000176429748535e-01
1.698762953879549696e+18,4.247195380000000142e+01,-7.115705839999999682e+01,2.111800193786621094e+01,2.920000255107879639e-01
1.698762954080168704e+18,4.247195359999999908e+01,-7.115705810000000042e+01,2.112600135803222656e+01,3.010000288486480713e-01
1.698762954369460992e+18,4.247195339999999675e+01,-7.115705789999999809e+01,2.112500190734863281e+01,3.000000119209289551e-01
1.698762955066245632e+18,4.247195289999999801e+01,-7.115705739999999935e+01,2.113400077819824219e+01,3.090000152587890625e-01
1.698762955270839552e+18,4.247195269999999567e+01,-7.115705719999999701e+01,2.113600158691406250e+01,3.100000023841857910e-01
1.698762955490685952e+18,4.247195250000000044e+01,-7.115705690000000061e+01,2.113900184631347656e+01,3.140000104904174805e-01
1.698762956304382976e+18,4.247195199999999460e+01,-7.115705640000000187e+01,2.114600181579589844e+01,3.210000097751617432e-01
1.698762956443010816e+18,4.247195130000000063e+01,-7.115705619999999954e+01,2.115400123596191406e+01,3.000000026077032089e-03
1.698762956675650816e+18,4.247195089999999595e+01,-7.115705599999999720e+01,2.115700149536132812e+01,5.000000353902578354e-03
1.698762956879232256e+18,4.247195070000000072e+01,-7.115705570000000080e+01,2.116100120544433594e+01,9.000000543892383575e-03
1.698762957344828928e+18,4.247195039999999722e+01,-7.115705539999999019e+01,2.116100120544433594e+01,9.000000543892383575e-03
1.698762957593074688e+18,4.247195010000000082e+01,-7.115705520000000206e+01,2.115100097656250000e+01,0.000000000000000000e+00
1.698762957795630336e+18,4.247194989999999848e+01,-7.115705489999999145e+01,2.114900016784667969e+01,-1.000000047497451305e-03
1.698762958309470464e+18,4.247194959999999497e+01,-7.115705459999999505e+01,2.114200019836425781e+01,-8.000000379979610443e-03
1.698762958314767616e+18,4.247194939999999974e+01,-7.115705419999999037e+01,2.114200019836425781e+01,-8.000000379979610443e-03
1.698762959001720320e+18,4.247194879999999984e+01,-7.115705359999999757e+01,2.114000129699707031e+01,-1.000000070780515671e-02
1.698762959186066432e+18,4.247194849999999633e+01,-7.115705319999999290e+01,2.114500045776367188e+01,-6.000000052154064178e-03
1.698762959457682688e+18,4.247194929999999857e+01,-7.115705409999999631e+01,2.114100074768066406e+01,-9.000000543892383575e-03
1.698762959892392960e+18,4.247194999999999965e+01,-7.115705499999999972e+01,2.114400100708007812e+01,-7.000000216066837311e-03
1.698762960338650368e+18,4.247195059999999955e+01,-7.115705570000000080e+01,2.114200019836425781e+01,-9.000000543892383575e-03
1.698762960560479232e+18,4.247195049999999839e+01,-7.115705559999999252e+01,2.114500045776367188e+01,-5.000000353902578354e-03
1.698762961250932992e+18,4.247195049999999839e+01,-7.115705559999999252e+01,2.114400100708007812e+01,-6.000000052154064178e-03
1.698762961953635328e+18,4.247195070000000072e+01,-7.115705579999999486e+01,2.114700126647949219e+01,-4.000000189989805222e-03
1.698762962217602816e+18,4.247195089999999595e+01,-7.115705590000000313e+01,2.114400100708007812e+01,-6.000000052154064178e-03
1.698762962390120448e+18,4.247195099999999712e+01,-7.115705609999999126e+01,2.114500045776367188e+01,-5.000000353902578354e-03
1.698762962643603200e+18,4.247195119999999946e+01,-7.115705629999999360e+01,2.114700126647949219e+01,-4.000000189989805222e-03
1.698762963145149440e+18,4.247195139999999469e+01,-7.115705649999999594e+01,2.114600181579589844e+01,-5.000000353902578354e-03
1.698762963311209728e+18,4.247195159999999703e+01,-7.115705679999999234e+01,2.114700126647949219e+01,-3.000000026077032089e-03
1.698762963596184832e+18,4.247195109999999829e+01,-7.115705619999999954e+01,2.114600181579589844e+01,-5.000000353902578354e-03
1.698762963799852288e+18,4.247194919999999740e+01,-7.115705389999999397e+01,2.114000129699707031e+01,-1.100000087171792984e-02
1.698762964048119808e+18,4.247194819999999993e+01,-7.115705280000000243e+01,2.113500022888183594e+01,-1.500000059604644775e-02
1.698762964510502656e+18,4.247194770000000119e+01,-7.115705230000000370e+01,2.113300132751464844e+01,-1.700000092387199402e-02
1.698762964714012160e+18,4.247194739999999769e+01,-7.115705199999999309e+01,2.113300132751464844e+01,-1.700000092387199402e-02
1.698762965741267200e+18,4.247194679999999778e+01,-7.115705140000000029e+01,2.112800025939941406e+01,-2.200000174343585968e-02
1.698762965744630528e+18,4.247194659999999544e+01,-7.115705129999999201e+01,2.112000083923339844e+01,-3.000000119209289551e-02
1.698762966319456256e+18,4.247194619999999787e+01,-7.115705090000000155e+01,2.111900138854980469e+01,-3.200000151991844177e-02
1.698762966609553920e+18,4.247194479999999572e+01,-7.115704920000000300e+01,2.112200164794921875e+01,0.000000000000000000e+00
1.698762967216437248e+18,4.247194109999999512e+01,-7.115704420000000141e+01,2.110600090026855469e+01,0.000000000000000000e+00
1.698762967389550080e+18,4.247194029999999998e+01,-7.115704319999998972e+01,2.110600090026855469e+01,0.000000000000000000e+00
1.698762967735125504e+18,4.247193970000000007e+01,-7.115704259999999692e+01,2.111600112915039062e+01,9.000000543892383575e-03
1.698762968142648320e+18,4.247193920000000134e+01,-7.115704230000000052e+01,2.113100051879882812e+01,2.500000037252902985e-02
1.698762968232261120e+18,4.247193869999999549e+01,-7.115704189999999585e+01,2.113400077819824219e+01,2.800000086426734924e-02
1.698762968642963456e+18,4.247193819999999675e+01,-7.115704149999999117e+01,2.113700103759765625e+01,3.100000135600566864e-02
1.698762968863393024e+18,4.247193769999999802e+01,-7.115704099999999244e+01,2.114000129699707031e+01,3.299999982118606567e-02
1.698762969084260352e+18,4.247193730000000045e+01,-7.115704049999999370e+01,2.113900184631347656e+01,3.200000151991844177e-02
1.698762969611027456e+18,4.247193670000000054e+01,-7.115703999999999496e+01,2.114200019836425781e+01,3.500000014901161194e-02
1.698762970223221760e+18,4.247193519999999722e+01,-7.115703849999999875e+01,2.114100074768066406e+01,3.500000014901161194e-02
1.698762970523792640e+18,4.247193459999999732e+01,-7.115703789999999174e+01,2.114000129699707031e+01,3.299999982118606567e-02
1.698762970938712320e+18,4.247193409999999858e+01,-7.115703739999999300e+01,2.113700103759765625e+01,-1.000000047497451305e-03
1.698762971270801408e+18,4.247193419999999975e+01,-7.115703739999999300e+01,2.111200141906738281e+01,-2.600000053644180298e-02
1.698762971410048768e+18,4.247193389999999624e+01,-7.115703709999999660e+01,2.109900093078613281e+01,-3.900000080466270447e-02
1.698762971642723584e+18,4.247193349999999867e+01,-7.115703659999999786e+01,2.108800125122070312e+01,-5.000000074505805969e-02
1.698762972090165248e+18,4.247193299999999994e+01,-7.115703609999999912e+01,2.109000015258789062e+01,-4.800000041723251343e-02
1.698762972391616512e+18,4.247193250000000120e+01,-7.115703549999999211e+01,2.107900047302246094e+01,-5.800000205636024475e-02
1.698762972561255168e+18,4.247193199999999536e+01,-7.115703499999999337e+01,2.108000183105468750e+01,-5.800000205636024475e-02
1.698762973281461248e+18,4.247193099999999788e+01,-7.115703379999999356e+01,2.107400131225585938e+01,-6.400000303983688354e-02
1.698762973481894144e+18,4.247193049999999914e+01,-7.115703309999999249e+01,2.106900024414062500e+01,-6.900000572204589844e-02
1.698762974146578432e+18,4.247193070000000148e+01,-7.115703419999999824e+01,2.108900070190429688e+01,-4.800000041723251343e-02
1.698762974301241600e+18,4.247193139999999545e+01,-7.115703599999999085e+01,2.110600090026855469e+01,-3.100000135600566864e-02
1.698762974864533760e+18,4.247193130000000139e+01,-7.115703650000000380e+01,2.111900138854980469e+01,-1.800000108778476715e-02
1.698762975166235648e+18,4.247193109999999905e+01,-7.115703639999999552e+01,2.111500167846679688e+01,-2.300000190734863281e-02
1.698762975566136832e+18,4.247193089999999671e+01,-7.115703619999999319e+01,2.112200164794921875e+01,-1.600000075995922089e-02
1.698762976569871616e+18,4.247193019999999564e+01,-7.115703560000000039e+01,2.111500167846679688e+01,-2.300000190734863281e-02
1.698762976577428480e+18,4.247193000000000040e+01,-7.115703539999999805e+01,2.111400032043457031e+01,-2.400000020861625671e-02
1.698762976968973056e+18,4.247192979999999807e+01,-7.115703510000000165e+01,2.111600112915039062e+01,-2.100000157952308655e-02
1.698762977174134528e+18,4.247192859999999826e+01,-7.115703390000000184e+01,2.114700126647949219e+01,0.000000000000000000e+00
1.698762977379053312e+18,4.247192820000000069e+01,-7.115703340000000310e+01,2.117000007629394531e+01,2.200000174343585968e-02
1.698762977875001856e+18,4.247192779999999601e+01,-7.115703299999999842e+01,2.118300056457519531e+01,3.500000014901161194e-02
1.698762978362788352e+18,4.247192739999999844e+01,-7.115703239999999141e+01,2.118800163269042969e+01,4.000000283122062683e-02
1.698762978579542272e+18,4.247192719999999611e+01,-7.115703209999999501e+01,2.119300079345703125e+01,4.500000178813934326e-02
1.698762979043423744e+18,4.247192700000000087e+01,-7.115703189999999267e+01,2.119300079345703125e+01,4.500000178813934326e-02
1.698762979266345984e+18,4.247192669999999737e+01,-7.115703159999999627e+01,2.119400024414062500e+01,4.700000211596488953e-02
1.698762979515666432e+18,4.247192659999999620e+01,-7.115703139999999394e+01,2.119800186157226562e+01,5.100000277161598206e-02
1.698762979923485696e+18,4.247192619999999863e+01,-7.115703089999999520e+01,2.120200157165527344e+01,5.400000140070915222e-02
1.698762980392704000e+18,4.247192580000000106e+01,-7.115703039999999646e+01,2.119600105285644531e+01,4.800000041723251343e-02
1.698762980643502592e+18,4.247192539999999639e+01,-7.115702980000000366e+01,2.117400169372558594e+01,2.600000053644180298e-02
1.698762980923784192e+18,4.247192509999999999e+01,-7.115702939999999899e+01,2.117000007629394531e+01,2.200000174343585968e-02
1.698762981328931328e+18,4.247192489999999765e+01,-7.115702910000000259e+01,2.116700172424316406e+01,1.900000125169754028e-02
1.698762981626771456e+18,4.247192460000000125e+01,-7.115702879999999197e+01,2.116900062561035156e+01,2.100000157952308655e-02
1.698762982074533632e+18,4.247192419999999657e+01,-7.115702819999999917e+01,2.117100143432617188e+01,2.300000190734863281e-02
1.698762982525436672e+18,4.247192400000000134e+01,-7.115702799999999684e+01,2.116800117492675781e+01,2.100000157952308655e-02
1.698762982531860992e+18,4.247192379999999901e+01,-7.115702770000000044e+01,2.117400169372558594e+01,2.600000053644180298e-02
1.698762983153795328e+18,4.247192340000000144e+01,-7.115702720000000170e+01,2.117300033569335938e+01,2.500000037252902985e-02
1.698762983403967488e+18,4.247192280000000153e+01,-7.115702670000000296e+01,2.115300178527832031e+01,5.000000353902578354e-03
1.698762984321808128e+18,4.247192169999999578e+01,-7.115702569999999128e+01,2.113100051879882812e+01,-1.600000075995922089e-02
1.698762985056003840e+18,4.247192109999999587e+01,-7.115702519999999254e+01,2.112700080871582031e+01,-2.000000141561031342e-02
1.698762985256852224e+18,4.247192090000000064e+01,-7.115702489999999614e+01,2.112200164794921875e+01,-2.400000020861625671e-02
1.698762985512452352e+18,4.247192059999999714e+01,-7.115702459999999974e+01,2.112500190734863281e+01,-2.200000174343585968e-02
1.698762986177024256e+18,4.247191999999999723e+01,-7.115702410000000100e+01,2.112100028991699219e+01,-2.600000053644180298e-02
1.698762986364671744e+18,4.247191989999999606e+01,-7.115702439999999740e+01,2.110500144958496094e+01,-1.300000026822090149e-02
1.698762986695118336e+18,4.247191979999999489e+01,-7.115702449999999146e+01,2.109900093078613281e+01,-1.900000125169754028e-02
1.698762987131239424e+18,4.247191959999999966e+01,-7.115702449999999146e+01,2.109000015258789062e+01,-2.800000086426734924e-02
1.698762987137306112e+18,4.247191939999999732e+01,-7.115702439999999740e+01,2.108800125122070312e+01,-3.000000119209289551e-02
1.698762987579512064e+18,4.247191910000000092e+01,-7.115702419999999506e+01,2.108600044250488281e+01,-3.100000135600566864e-02
1.698762988423214592e+18,4.247191829999999868e+01,-7.115702369999999632e+01,2.107200050354003906e+01,-4.600000381469726562e-02
1.698762988953933056e+18,4.247191779999999994e+01,-7.115702329999999165e+01,2.107100105285644531e+01,-4.700000211596488953e-02
1.698762989443030528e+18,4.247191730000000121e+01,-7.115702299999999525e+01,2.106300163269042969e+01,-5.400000140070915222e-02
1.698762990145869824e+18,4.247191670000000130e+01,-7.115702259999999058e+01,2.105200195312500000e+01,-6.500000506639480591e-02
1.698762990983843328e+18,4.247191589999999906e+01,-7.115702190000000371e+01,2.104000091552734375e+01,-7.700000703334808350e-02
1.698762991267389696e+18,4.247191569999999672e+01,-7.115702170000000137e+01,2.071300125122070312e+01,-4.050000309944152832e-01
1.698762993587621120e+18,4.247191360000000060e+01,-7.115701980000000049e+01,2.119600105285644531e+01,7.700000703334808350e-02
1.698762993822424064e+18,4.247191120000000097e+01,-7.115702100000000030e+01,2.115100097656250000e+01,-9.223999977111816406e+00
1.698762994017358848e+18,4.247191049999999990e+01,-7.115702109999999436e+01,2.112600135803222656e+01,-9.248000144958496094e+00
1.698762994226361600e+18,4.247191009999999523e+01,-7.115702100000000030e+01,2.110700035095214844e+01,-9.268000602722167969e+00
1.698762994971160320e+18,4.247190959999999649e+01,-7.115702069999998969e+01,2.109100151062011719e+01,-1.100000087171792984e-02
1.698762995393808128e+18,4.247190909999999775e+01,-7.115702039999999329e+01,2.107700157165527344e+01,-2.400000020861625671e-02
1.698762997033801216e+18,4.247190779999999677e+01,-7.115701909999999941e+01,2.109200096130371094e+01,-9.000000543892383575e-03
1.698762997909839104e+18,4.247190690000000046e+01,-7.115701829999999006e+01,2.109400177001953125e+01,-8.000000379979610443e-03
1.698762998397266944e+18,4.247190649999999579e+01,-7.115701789999999960e+01,2.108800125122070312e+01,-1.300000026822090149e-02
1.698762999531394816e+18,4.247190669999999812e+01,-7.115701819999999600e+01,2.111300086975097656e+01,1.100000087171792984e-02
1.698763000015231744e+18,4.247190799999999911e+01,-7.115701949999998988e+01,2.117900085449218750e+01,7.600000500679016113e-02
1.698763000488182272e+18,4.247190839999999667e+01,-7.115701969999999221e+01,2.121300125122070312e+01,1.110000088810920715e-01
1.698763001168003072e+18,4.247190849999999784e+01,-7.115701959999999815e+01,2.117900085449218750e+01,7.600000500679016113e-02
1.698763002091457024e+18,4.247190849999999784e+01,-7.115701959999999815e+01,2.022900009155273438e+01,-8.720000386238098145e-01
1.698763002530158848e+18,4.247190849999999784e+01,-7.115701959999999815e+01,2.053600120544433594e+01,-5.660000443458557129e-01
1.698763003229911808e+18,4.247190849999999784e+01,-7.115701959999999815e+01,2.058400154113769531e+01,-5.170000195503234863e-01
1.698763004212279040e+18,4.247190849999999784e+01,-7.115701949999998988e+01,2.035500144958496094e+01,-7.460000514984130859e-01
1.698763004602633728e+18,4.247190849999999784e+01,-7.115701949999998988e+01,2.025500106811523438e+01,-8.460000157356262207e-01
1.698763005314906880e+18,4.247190859999999901e+01,-7.115701949999998988e+01,2.012700080871582031e+01,-9.740000367164611816e-01
1.698763005764975360e+18,4.247190859999999901e+01,-7.115701949999998988e+01,2.016000175476074219e+01,8.200000226497650146e-02
1.698763006248818176e+18,4.247190839999999667e+01,-7.115701959999999815e+01,2.026200103759765625e+01,1.840000152587890625e-01
1.698763014336466432e+18,4.247189420000000126e+01,-7.115700749999999175e+01,2.112100028991699219e+01,1.043000102043151855e+00
1.698763014964041728e+18,4.247189369999999542e+01,-7.115700699999999301e+01,2.111100006103515625e+01,-9.264000892639160156e+00
1.698763016582458112e+18,4.247189249999999561e+01,-7.115700579999999320e+01,2.105100059509277344e+01,-4.500000178813934326e-02
1.698763017079592704e+18,4.247189209999999804e+01,-7.115700540000000274e+01,2.102300071716308594e+01,-7.300000637769699097e-02
1.698763017518302208e+18,4.247189170000000047e+01,-7.115700540000000274e+01,2.104600143432617188e+01,-5.000000074505805969e-02
1.698763017971166720e+18,4.247189110000000056e+01,-7.115700540000000274e+01,2.106800079345703125e+01,-2.800000086426734924e-02
1.698763018479759104e+18,4.247189079999999706e+01,-7.115700529999999446e+01,2.105100059509277344e+01,-4.500000178813934326e-02
1.698763019182381824e+18,4.247189039999999949e+01,-7.115700520000000040e+01,2.102100181579589844e+01,-7.500000298023223877e-02
1.698763019629812224e+18,4.247189009999999598e+01,-7.115700509999999213e+01,2.099000167846679688e+01,-1.060000061988830566e-01
1.698763020070561280e+18,4.247188979999999958e+01,-7.115700499999999806e+01,2.095300102233886719e+01,-1.430000066757202148e-01
1.698763022633523456e+18,4.247188849999999860e+01,-7.115700470000000166e+01,2.069900131225585938e+01,-3.980000317096710205e-01
1.698763025354702592e+18,4.247188879999999500e+01,-7.115699719999999218e+01,2.118500137329101562e+01,8.800000697374343872e-02
1.698763026304726272e+18,4.247188889999999617e+01,-7.115699459999999021e+01,2.110700035095214844e+01,1.000000070780515671e-02
1.698763026976441088e+18,4.247188879999999500e+01,-7.115699379999999508e+01,2.108400154113769531e+01,-1.200000010430812836e-02
1.698763027477088768e+18,4.247188879999999500e+01,-7.115699299999999994e+01,2.105500030517578125e+01,-4.100000113248825073e-02
1.698763027882442752e+18,4.247188810000000103e+01,-7.115699479999999255e+01,2.107000160217285156e+01,2.800000086426734924e-02
1.698763028365838336e+18,4.247188680000000005e+01,-7.115699850000000026e+01,2.111500167846679688e+01,7.300000637769699097e-02
1.698763029080157696e+18,4.247188649999999654e+01,-7.115699909999999306e+01,2.110300064086914062e+01,6.000000238418579102e-02
1.698763029991942400e+18,4.247188609999999898e+01,-7.115699920000000134e+01,2.105600166320800781e+01,1.300000026822090149e-02
1.698763030492236544e+18,4.247188589999999664e+01,-7.115699920000000134e+01,2.102900123596191406e+01,-1.300000026822090149e-02
1.698763033240243456e+18,4.247188510000000150e+01,-7.115700009999999054e+01,2.077500152587890625e+01,-2.670000195503234863e-01
1.698763035350018304e+18,4.247188419999999809e+01,-7.115700139999999863e+01,2.119700050354003906e+01,1.540000140666961670e-01
1.698763035742888192e+18,4.247188299999999828e+01,-7.115699279999999760e+01,2.110800170898437500e+01,6.500000506639480591e-02
1.698763037357962240e+18,4.247188189999999963e+01,-7.115699019999999564e+01,2.099400138854980469e+01,-4.800000041723251343e-02
1.698763038548544256e+18,4.247188179999999846e+01,-7.115699109999999905e+01,2.096900177001953125e+01,-7.300000637769699097e-02
1.698763039434321408e+18,4.247188229999999720e+01,-7.115699390000000335e+01,2.100900077819824219e+01,-3.299999982118606567e-02
1.698763039874995456e+18,4.247188209999999486e+01,-7.115699399999999741e+01,2.097500038146972656e+01,-6.599999964237213135e-02
1.698763040390243072e+18,4.247188189999999963e+01,-7.115699390000000335e+01,2.094300079345703125e+01,-9.900000691413879395e-02
1.698763041515426048e+18,4.247188159999999613e+01,-7.115699390000000335e+01,2.085900115966796875e+01,-1.830000132322311401e-01
1.698763042469032960e+18,4.247188119999999856e+01,-7.115699399999999741e+01,2.077300071716308594e+01,-2.690000236034393311e-01
1.698763043167816192e+18,4.247188109999999739e+01,-7.115699419999999975e+01,2.072100067138671875e+01,-3.200000226497650146e-01
1.698763043600143360e+18,4.247188099999999622e+01,-7.115699419999999975e+01,1.995100021362304688e+01,-1.091000080108642578e+00
1.698763045695866880e+18,4.247188020000000108e+01,-7.115699490000000083e+01,2.126000022888183594e+01,2.170000076293945312e-01
1.698763046101336832e+18,4.247187590000000057e+01,-7.115698609999999746e+01,2.118500137329101562e+01,-9.190000534057617188e+00
1.698763046604903680e+18,4.247187479999999482e+01,-7.115698429999999064e+01,2.114700126647949219e+01,-2.000000094994902611e-03
1.698763047746256128e+18,4.247187369999999618e+01,-7.115698319999999910e+01,2.108700180053710938e+01,-6.200000271201133728e-02
1.698763048262933504e+18,4.247187309999999627e+01,-7.115698270000000036e+01,2.106000137329101562e+01,-9.000000357627868652e-02
1.698763048704122368e+18,4.247187410000000085e+01,-7.115698439999999891e+01,2.110400009155273438e+01,-4.500000178813934326e-02
1.698763049154844672e+18,4.247187599999999463e+01,-7.115698770000000195e+01,2.121500015258789062e+01,6.500000506639480591e-02
1.698763049837190656e+18,4.247187619999999697e+01,-7.115698829999999475e+01,2.122300148010253906e+01,7.300000637769699097e-02
1.698763050274120192e+18,4.247187609999999580e+01,-7.115698840000000303e+01,2.120600128173828125e+01,5.600000172853469849e-02
1.698763052802534400e+18,4.247187539999999473e+01,-7.115698849999999709e+01,2.110600090026855469e+01,-4.300000146031379700e-02
1.698763053976816896e+18,4.247187530000000066e+01,-7.115698820000000069e+01,1.997700119018554688e+01,-1.172000050544738770e+00
1.698763054870134528e+18,4.247187530000000066e+01,-7.115698739999999134e+01,2.035800170898437500e+01,-7.910000085830688477e-01
1.698763055418921472e+18,4.247187530000000066e+01,-7.115698749999999961e+01,2.032500076293945312e+01,-8.240000605583190918e-01
1.698763056071736576e+18,4.247187530000000066e+01,-7.115698759999999368e+01,2.029000091552734375e+01,-8.590000271797180176e-01
1.698763056966812416e+18,4.247187539999999473e+01,-7.115698779999999601e+01,2.020800018310546875e+01,-9.410000443458557129e-01
1.698763058135341312e+18,4.247187549999999590e+01,-7.115698809999999241e+01,2.013600158691406250e+01,-5.400000140070915222e-02
1.698763058587328000e+18,4.247187559999999706e+01,-7.115698820000000069e+01,2.007300186157226562e+01,-1.160000041127204895e-01
1.698763067580211968e+18,4.247186409999999768e+01,-7.115697910000000093e+01,2.098600006103515625e+01,-7.000000029802322388e-02
1.698763068499413760e+18,4.247186329999999543e+01,-7.115697879999999031e+01,2.090500068664550781e+01,-1.510000079870223999e-01
1.698763070130739712e+18,4.247186509999999515e+01,-7.115697959999999966e+01,2.124500083923339844e+01,1.870000064373016357e-01
1.698763070619627520e+18,4.247186509999999515e+01,-7.115697959999999966e+01,2.011100006103515625e+01,-9.450000524520874023e-01
1.698763071301595392e+18,4.247186519999999632e+01,-7.115697959999999966e+01,2.078600120544433594e+01,-2.710000276565551758e-01
1.698763071768065024e+18,4.247186529999999749e+01,-7.115697959999999966e+01,2.104800033569335938e+01,-9.000000543892383575e-03
1.698763073146664704e+18,4.247186589999999740e+01,-7.115697959999999966e+01,2.082900047302246094e+01,-2.280000150203704834e-01
1.698763074300597248e+18,4.247186659999999847e+01,-7.115697959999999966e+01,2.074400138854980469e+01,-3.130000233650207520e-01
1.698763075172961280e+18,4.247186719999999838e+01,-7.115697949999999139e+01,2.065200042724609375e+01,-4.050000309944152832e-01
1.698763077250693120e+18,4.247185710000000114e+01,-7.115697579999999789e+01,2.108600044250488281e+01,-1.400000043213367462e-02
1.698763079359366144e+18,4.247185619999999773e+01,-7.115697430000000168e+01,2.099700164794921875e+01,-1.040000021457672119e-01
1.698763080063219456e+18,4.247185590000000133e+01,-7.115697449999998980e+01,2.099100112915039062e+01,-1.100000068545341492e-01
1.698763080453789952e+18,4.247185559999999782e+01,-7.115697480000000041e+01,2.098300170898437500e+01,-1.180000081658363342e-01
1.698763081668479232e+18,4.247185539999999548e+01,-7.115697449999998980e+01,2.091600036621093750e+01,-1.850000023841857910e-01
1.698763082555775232e+18,4.247185530000000142e+01,-7.115697399999999107e+01,2.082700157165527344e+01,-2.740000188350677490e-01
1.698763085125719808e+18,4.247185590000000133e+01,-7.115697339999999826e+01,2.032900047302246094e+01,-7.720000147819519043e-01
1.698763087657780224e+18,4.247184459999999717e+01,-7.115697539999999321e+01,2.118600082397460938e+01,8.400000631809234619e-02
1.698763088108549120e+18,4.247184179999999998e+01,-7.115697589999999195e+01,2.117500114440917969e+01,0.000000000000000000e+00
1.698763090836968448e+18,4.247184680000000156e+01,-7.115697219999999845e+01,2.110200119018554688e+01,-7.300000637769699097e-02
1.698763092291413760e+18,4.247184800000000138e+01,-7.115697089999999037e+01,2.103700065612792969e+01,-1.390000134706497192e-01
1.698763093933919744e+18,4.247184869999999535e+01,-7.115696979999999883e+01,2.094100189208984375e+01,-2.340000122785568237e-01
1.698763095067554816e+18,4.247184949999999759e+01,-7.115696900000000369e+01,2.085700035095214844e+01,-3.180000185966491699e-01
1.698763095524969472e+18,4.247184800000000138e+01,-7.115697020000000350e+01,2.057700157165527344e+01,-5.990000367164611816e-01
1.698763095963595008e+18,4.247184619999999455e+01,-7.115697190000000205e+01,2.094000053405761719e+01,-2.350000143051147461e-01
1.698763098034648576e+18,4.247184439999999483e+01,-7.115697159999999144e+01,2.124200057983398438e+01,6.500000506639480591e-02
1.698763098686445056e+18,4.247184430000000077e+01,-7.115697159999999144e+01,2.121300125122070312e+01,3.700000047683715820e-02
1.698763099187800832e+18,4.247184439999999483e+01,-7.115697169999999971e+01,2.118400192260742188e+01,8.000000379979610443e-03
1.698763100116457216e+18,4.247184469999999834e+01,-7.115697199999999611e+01,2.110700035095214844e+01,-6.800000369548797607e-02
1.698763100577199616e+18,4.247184379999999493e+01,-7.115697149999999738e+01,2.107300186157226562e+01,-1.020000055432319641e-01
1.698763102423494144e+18,4.247184060000000017e+01,-7.115696969999999055e+01,2.094700050354003906e+01,-2.290000170469284058e-01
1.698763102676611584e+18,4.247184019999999549e+01,-7.115696950000000243e+01,2.089600181579589844e+01,-2.790000140666961670e-01
1.698763104922279680e+18,4.247183829999999460e+01,-7.115696859999999901e+01,2.065600013732910156e+01,-5.190000534057617188e-01
1.698763105423550208e+18,4.247183769999999470e+01,-7.115696830000000261e+01,2.058900070190429688e+01,-5.870000123977661133e-01
1.698763121581880576e+18,4.247182589999999891e+01,-7.115696699999999453e+01,2.107600021362304688e+01,-2.000000094994902611e-03
1.698763124065852160e+18,4.247182300000000055e+01,-7.115696629999999345e+01,2.095000076293945312e+01,-1.280000060796737671e-01
1.698763124580585984e+18,4.247182249999999470e+01,-7.115696609999999112e+01,2.092300033569335938e+01,-1.550000011920928955e-01
1.698763125000963840e+18,4.247182199999999597e+01,-7.115696599999999705e+01,2.088900184631347656e+01,-1.890000104904174805e-01
1.698763127834587648e+18,4.247181969999999751e+01,-7.115696549999999831e+01,2.132000160217285156e+01,2.410000115633010864e-01
1.698763129886313472e+18,4.247181959999999634e+01,-7.115696729999999093e+01,2.116100120544433594e+01,8.100000023841857910e-02
1.698763130355294208e+18,4.247181929999999994e+01,-7.115696749999999327e+01,2.116100120544433594e+01,8.200000226497650146e-02
1.698763130991697920e+18,4.247181849999999770e+01,-7.115696659999998985e+01,2.115000152587890625e+01,7.100000232458114624e-02
1.698763131494001664e+18,4.247181750000000022e+01,-7.115696529999999598e+01,2.113200187683105469e+01,5.300000309944152832e-02
1.698763131944141312e+18,4.247181700000000149e+01,-7.115696489999999130e+01,2.111900138854980469e+01,3.900000080466270447e-02
1.698763133551294208e+18,4.247181589999999574e+01,-7.115696429999999850e+01,2.107500076293945312e+01,-3.000000026077032089e-03
1.698763136065931264e+18,4.247181450000000069e+01,-7.115696309999999869e+01,2.154800033569335938e+01,4.690000116825103760e-01
1.698763141888033280e+18,4.247181009999999901e+01,-7.115696280000000229e+01,2.112700080871582031e+01,-2.600000053644180298e-02
1.698763143462797312e+18,4.247180840000000046e+01,-7.115696119999999780e+01,2.108900070190429688e+01,-6.500000506639480591e-02
1.698763144822133248e+18,4.247180679999999597e+01,-7.115695970000000159e+01,2.103100013732910156e+01,-1.230000033974647522e-01
1.698763145512391424e+18,4.247180629999999724e+01,-7.115695929999999692e+01,2.100600051879882812e+01,-1.480000019073486328e-01
1.698763146040829696e+18,4.247180579999999850e+01,-7.115695879999999818e+01,2.097800064086914062e+01,-1.760000139474868774e-01
1.698763146483227136e+18,4.247180559999999616e+01,-7.115695859999999584e+01,2.101500129699707031e+01,-1.390000134706497192e-01
