1697816515883734528.000000,0.000000,-1.915711,0.885167,13.556728,2.450133,
1697816515922734592.000000,0.000000,-1.920754,0.917764,13.532238,2.447216,
1697816515952738560.000000,0.000000,-1.923134,0.942428,13.514033,2.444886,
1697816515991738624.000000,0.000000,-1.927476,0.975589,13.489764,2.441593,
1697816516021738496.000000,0.000000,-1.930943,1.000440,13.470945,2.438897,
1697816516051743488.000000,0.000000,-1.932667,1.025506,13.452074,2.436247,
1697816516091743488.000000,0.000000,-1.936356,1.059167,13.426875,2.432851,
1697816516120743424.000000,0.000000,-1.939795,1.084613,13.408168,2.430697,
1697816516150747648.000000,0.000000,-1.941909,1.110216,13.389393,2.428622,
1697816516190747648.000000,0.000000,-1.946523,1.144562,13.364340,2.426071,
1697816516219747584.000000,0.000000,-1.951904,1.170215,13.345798,2.424359,
1697816516249751296.000000,0.000000,-1.956167,1.195971,13.327213,2.422749,
1697816516289751296.000000,0.000000,-1.962168,1.230541,13.302456,2.420869,
1697816516318751232.000000,0.000000,-1.969517,1.256547,13.283635,2.419539,
1697816516358755840.000000,0.000000,-1.974976,1.291369,13.258544,2.418005,
1697816516388755712.000000,0.000000,-1.982465,1.317535,13.239739,2.416956,
1697816516418755584.000000,0.000000,-1.991135,1.343544,13.221084,2.415828,
1697816516457759744.000000,0.000000,-1.997077,1.378107,13.196317,2.414403,
1697816516487759872.000000,0.000000,-2.005952,1.403980,13.177720,2.413349,
1697816516517759744.000000,0.000000,-2.014193,1.429970,13.158899,2.412345,
1697816516556763904.000000,0.000000,-2.018537,1.464565,13.133718,2.410978,
1697816516586763776.000000,0.000000,-2.026041,1.490473,13.114809,2.409856,
1697816516626763776.000000,0.000000,-2.032881,1.524544,13.089623,2.408047,
1697816516655767808.000000,0.000000,-2.036993,1.549880,13.070653,2.406525,
1697816516685767680.000000,0.000000,-2.044250,1.575147,13.051640,2.404931,
1697816516725767680.000000,0.000000,-2.050611,1.608432,13.026338,2.402505,
1697816516754770944.000000,0.000000,-2.054043,1.633222,13.007289,2.400541,
1697816516784771072.000000,0.000000,-2.060334,1.657897,12.988160,2.398448,
1697816516824771072.000000,0.000000,-2.065972,1.690744,12.962498,2.395622,
1697816516854775808.000000,0.000000,-2.069814,1.715275,12.943112,2.393380,
1697816516883776000.000000,0.000000,-2.075729,1.739695,12.923609,2.391062,
1697816516923776000.000000,0.000000,-2.080684,1.772096,12.897420,2.388128,
1697816516953780224.000000,0.000000,-2.084895,1.796290,12.877613,2.385955,
1697816516982780416.000000,0.000000,-2.091148,1.820442,12.857753,2.383762,
1697816517022780416.000000,0.000000,-2.097865,1.852535,12.831092,2.381081,
1697816517052783872.000000,0.000000,-2.101876,1.876549,12.811048,2.379138,
1697816517081783808.000000,0.000000,-2.109468,1.900515,12.790971,2.377289,
1697816517121783808.000000,0.000000,-2.117662,1.932328,12.764080,2.374711,
1697816517151789056.000000,0.000000,-2.121940,1.956110,12.743954,2.372832,
1697816517190789120.000000,0.000000,-2.130687,1.987656,12.717074,2.370422,
1697816517220788992.000000,0.000000,-2.139256,2.011259,12.696744,2.368508,
1697816517250793472.000000,0.000000,-2.143949,2.034746,12.676431,2.366766,
1697816517289793280.000000,0.000000,-2.152415,2.065843,12.649325,2.364764,
1697816517319793408.000000,0.000000,-2.160150,2.088865,12.629100,2.363415,
1697816517349796352.000000,0.000000,-2.165003,2.111557,12.608829,2.362296,
1697816517389796352.000000,0.000000,-2.171244,2.141440,12.581656,2.360944,
1697816517418796544.000000,0.000000,-2.178233,2.163804,12.560976,2.360070,
1697816517448801280.000000,0.000000,-2.181051,2.186054,12.540099,2.359457,
1697816517488801280.000000,0.000000,-2.186605,2.215326,12.512161,2.359141,
1697816517517801216.000000,0.000000,-2.191409,2.236665,12.491308,2.359117,
1697816517557805568.000000,0.000000,-2.194029,2.264557,12.463322,2.359141,
1697816517587805696.000000,0.000000,-2.199504,2.285188,12.442156,2.359285,
1697816517616805632.000000,0.000000,-2.204981,2.305572,12.420969,2.359552,
1697816517656810240.000000,0.000000,-2.208153,2.332391,12.392426,2.360016,
1697816517686810112.000000,0.000000,-2.214176,2.352261,12.370780,2.360430,
1697816517725810176.000000,0.000000,-2.220520,2.378646,12.341677,2.361142,
1697816517755814144.000000,0.000000,-2.224046,2.398274,12.319516,2.361627,
1697816517785814016.000000,0.000000,-2.231149,2.417781,12.297245,2.362059,
1697816517815814144.000000,0.000000,-2.238869,2.436925,12.274907,2.362390,
1697816517854818816.000000,0.000000,-2.243992,2.462091,12.244967,2.362622,
1697816517884818688.000000,0.000000,-2.251134,2.480800,12.222362,2.362508,
1697816517924818688.000000,0.000000,-2.259206,2.505604,12.191930,2.362051,
1697816517953823744.000000,0.000000,-2.264221,2.524014,12.168884,2.361268,
1697816517983823872.000000,0.000000,-2.271452,2.542373,12.145682,2.359918,
1697816518023823872.000000,0.000000,-2.277255,2.566279,12.114311,2.357533,
1697816518053827840.000000,0.000000,-2.280227,2.584025,12.090623,2.355236,
1697816518082827776.000000,0.000000,-2.285691,2.601669,12.066785,2.352558,
1697816518122827776.000000,0.000000,-2.291412,2.625278,12.034716,2.348778,
1697816518152831232.000000,0.000000,-2.294863,2.642960,12.010382,2.345615,
1697816518191831296.000000,0.000000,-2.301960,2.666502,11.977751,2.340964,
1697816518221831168.000000,0.000000,-2.308976,2.683953,11.952934,2.337396,
1697816518251835904.000000,0.000000,-2.312923,2.701270,11.927992,2.333600,
1697816518290835968.000000,0.000000,-2.320226,2.724189,11.894526,2.328185,
1697816518320835840.000000,0.000000,-2.327236,2.741169,11.869329,2.324087,
1697816518350839296.000000,0.000000,-2.331849,2.758001,11.844059,2.319833,
1697816518389839104.000000,0.000000,-2.339553,2.780487,11.810178,2.314008,
1697816518419839232.000000,0.000000,-2.347107,2.797319,11.784763,2.309410,
1697816518449844224.000000,0.000000,-2.350201,2.814086,11.759155,2.304667,
1697816518488844288.000000,0.000000,-2.358710,2.836454,11.724905,2.298147,
1697816518518844416.000000,0.000000,-2.367697,2.852926,11.698995,2.293114,
1697816518558849024.000000,0.000000,-2.370750,2.874648,11.664266,2.286167,
1697816518587849216.000000,0.000000,-2.378226,2.890734,11.638133,2.280876,
1697816518617849088.000000,0.000000,-2.386235,2.906685,11.611714,2.275706,
1697816518657852160.000000,0.000000,-2.389581,2.927665,11.576319,2.268908,
1697816518687852288.000000,0.000000,-2.396517,2.942987,11.549608,2.263958,
1697816518716852224.000000,0.000000,-2.402853,2.958071,11.522823,2.259063,
1697816518756857344.000000,0.000000,-2.406251,2.977642,11.486932,2.252826,
1697816518786857472.000000,0.000000,-2.412795,2.991993,11.459791,2.248347,
1697816518815857408.000000,0.000000,-2.418319,3.005917,11.432412,2.244191,
1697816518855862272.000000,0.000000,-2.421486,3.023997,11.395723,2.239132,
1697816518885862144.000000,0.000000,-2.427176,3.037156,11.368063,2.235766,
1697816518924862208.000000,0.000000,-2.432666,3.054466,11.330833,2.231351,
1697816518954867200.000000,0.000000,-2.435959,3.067225,11.302712,2.228408,
1697816518984867328.000000,0.000000,-2.442804,3.079786,11.274442,2.226009,
1697816519023867392.000000,0.000000,-2.449281,3.096118,11.236664,2.223366,
1697816519053869824.000000,0.000000,-2.452095,3.108161,11.208223,2.221865,
1697816519083869952.000000,0.000000,-2.460881,3.120048,11.179667,2.220670,
1697816519122869760.000000,0.000000,-2.468457,3.135989,11.141562,2.219253,
1697816519152874496.000000,0.000000,-2.472670,3.147919,11.112857,2.218410,
1697816519182874624.000000,0.000000,-2.480032,3.159813,11.084025,2.217868,
1697816519222874624.000000,0.000000,-2.486635,3.175570,11.044971,2.217528,
1697816519251874816.000000,0.000000,-2.489944,3.187304,11.015576,2.217526,
1697816519291874816.000000,0.000000,-2.496162,3.202828,10.976339,2.217544,
1697816519321874688.000000,0.000000,-2.502415,3.214147,10.947440,2.217580,
1697816519350876160.000000,0.000000,-2.505726,3.225279,10.918485,2.217562,
1697816519390876160.000000,0.000000,-2.512098,3.239980,10.879793,2.217339,
1697816519420876032.000000,0.000000,-2.518362,3.251043,10.850384,2.217131,
1697816519459877888.000000,0.000000,-2.522111,3.265484,10.811157,2.216599,
1697816519489877760.000000,0.000000,-2.529687,3.276084,10.781723,2.216007,
1697816519519877888.000000,0.000000,-2.537785,3.286667,10.752061,2.215354,
1697816519549880320.000000,0.000000,-2.543032,3.297158,10.722371,2.214659,
1697816519588880384.000000,0.000000,-2.551702,3.310886,10.682670,2.213505,
1697816519618880512.000000,0.000000,-2.558655,3.320696,10.652916,2.212578,
1697816519648883200.000000,0.000000,-2.563811,3.330260,10.623147,2.211608,
1697816519687883264.000000,0.000000,-2.572029,3.342967,10.583241,2.210198,
1697816519717883136.000000,0.000000,-2.579469,3.352636,10.553279,2.209114,
1697816519757886208.000000,0.000000,-2.583389,3.365489,10.513155,2.207598,
1697816519786886144.000000,0.000000,-2.590874,3.374927,10.482996,2.206506,
1697816519816886272.000000,0.000000,-2.598005,3.384238,10.452804,2.205561,
1697816519856890880.000000,0.000000,-2.601874,3.396450,10.412368,2.204638,
1697816519885890816.000000,0.000000,-2.609444,3.405333,10.382021,2.204254,
1697816519925894912.000000,0.000000,-2.616659,3.416537,10.341731,2.204409,
1697816519955895040.000000,0.000000,-2.620647,3.424564,10.311660,2.205055,
1697816519985894912.000000,0.000000,-2.628311,3.432337,10.281707,2.206140,
1697816520024894976.000000,0.000000,-2.634791,3.442451,10.241456,2.208096,
1697816520054897664.000000,0.000000,-2.638611,3.449846,10.211287,2.210230,
1697816520084897536.000000,0.000000,-2.645498,3.457035,10.181202,2.212975,
1697816520123897600.000000,0.000000,-2.651966,3.465935,10.141210,2.217149,
1697816520153901824.000000,0.000000,-2.656035,3.472223,10.111331,2.220673,
1697816520183901952.000000,0.000000,-2.661979,3.478227,10.081475,2.224602,
1697816520222901760.000000,0.000000,-2.667585,3.485823,10.042080,2.230469,
1697816520252905984.000000,0.000000,-2.670621,3.491198,10.012682,2.235209,
1697816520282906112.000000,0.000000,-2.676086,3.496235,9.983315,2.240103,
1697816520321905920.000000,0.000000,-2.681581,3.502825,9.943919,2.247220,
1697816520351909376.000000,0.000000,-2.684764,3.507550,9.914285,2.252873,
1697816520391909376.000000,0.000000,-2.691594,3.513618,9.874892,2.260803,
1697816520420909312.000000,0.000000,-2.698464,3.517529,9.845303,2.267006,
1697816520450913280.000000,0.000000,-2.702478,3.521293,9.815784,2.273332,
1697816520490913280.000000,0.000000,-2.710034,3.526106,9.776436,2.281742,
1697816520520913152.000000,0.000000,-2.717411,3.529763,9.746831,2.287822,
1697816520559917056.000000,0.000000,-2.721314,3.534468,9.707525,2.295866,
1697816520589916928.000000,0.000000,-2.728862,3.537827,9.678146,2.301731,
1697816520619917056.000000,0.000000,-2.736183,3.540904,9.648632,2.307600,
1697816520658918912.000000,0.000000,-2.740750,3.544662,9.609384,2.315137,
1697816520688919040.000000,0.000000,-2.746547,3.547346,9.580096,2.320481,
1697816520718919168.000000,0.000000,-2.753620,3.550255,9.551319,2.325684,
1697816520757922048.000000,0.000000,-2.757086,3.553675,9.513086,2.332050,
1697816520787922176.000000,0.000000,-2.763779,3.555961,9.484458,2.336461,
1697816520817922048.000000,0.000000,-2.770662,3.557758,9.455546,2.340535,
1697816520856926208.000000,0.000000,-2.774253,3.559441,9.416839,2.345346,
1697816520886926336.000000,0.000000,-2.781379,3.560390,9.387765,2.348521,
1697816520916926208.000000,0.000000,-2.787898,3.561452,9.358709,2.351333,
1697816520956930304.000000,0.000000,-2.791676,3.562637,9.319914,2.354675,
1697816520985930240.000000,0.000000,-2.799246,3.563130,9.290803,2.356776,
1697816521015930368.000000,0.000000,-2.806387,3.563096,9.261688,2.358846,
1697816521055935232.000000,0.000000,-2.810000,3.562626,9.222704,2.361514,
1697816521084935168.000000,0.000000,-2.816669,3.561938,9.193469,2.363294,
1697816521124935168.000000,0.000000,-2.822021,3.560773,9.154156,2.365720,
1697816521154939904.000000,0.000000,-2.824700,3.559613,9.124545,2.367461,
1697816521183939840.000000,0.000000,-2.830110,3.558205,9.094893,2.369210,
1697816521223939840.000000,0.000000,-2.834433,3.555842,9.055453,2.372059,
1697816521253944320.000000,0.000000,-2.837066,3.553689,9.026016,2.374300,
1697816521283944448.000000,0.000000,-2.842846,3.551309,8.996689,2.376753,
1697816521322944512.000000,0.000000,-2.848624,3.547415,8.957001,2.379968,
1697816521352948224.000000,0.000000,-2.852270,3.544318,8.927155,2.382758,
1697816521391948288.000000,0.000000,-2.859041,3.539959,8.887341,2.386880,
1697816521421948160.000000,0.000000,-2.866292,3.536757,8.857693,2.390054,
1697816521451953152.000000,0.000000,-2.869958,3.533427,8.827983,2.393407,
1697816521491953152.000000,0.000000,-2.877317,3.528927,8.788368,2.398310,
1697816521521953024.000000,0.000000,-2.884855,3.524971,8.759083,2.402420,
1697816521550957568.000000,0.000000,-2.888743,3.520922,8.729847,2.406736,
1697816521590957568.000000,0.000000,-2.896238,3.515418,8.690894,2.412410,
1697816521620957696.000000,0.000000,-2.904858,3.511229,8.661379,2.416722,
1697816521649961472.000000,0.000000,-2.907717,3.506917,8.631519,2.421122,
1697816521689961472.000000,0.000000,-2.916224,3.500978,8.591878,2.426883,
1697816521718961664.000000,0.000000,-2.922879,3.496128,8.562135,2.431218,
1697816521748965632.000000,0.000000,-2.926523,3.491144,8.532276,2.435496,
1697816521788965632.000000,0.000000,-2.933396,3.483990,8.492427,2.440951,
1697816521818965504.000000,0.000000,-2.939778,3.478068,8.462242,2.444658,
1697816521857970176.000000,0.000000,-2.943056,3.469777,8.421847,2.449211,
1697816521887970304.000000,0.000000,-2.949187,3.463127,8.391384,2.452172,
1697816521917970176.000000,0.000000,-2.955058,3.456059,8.360843,2.455074,
1697816521956974592.000000,0.000000,-2.958195,3.445996,8.319983,2.458244,
1697816521986974720.000000,0.000000,-2.963844,3.438219,8.289122,2.460305,
1697816522016974592.000000,0.000000,-2.969795,3.430112,8.258202,2.462322,
1697816522055978240.000000,0.000000,-2.973287,3.418735,8.216516,2.464607,
1697816522085978112.000000,0.000000,-2.979882,3.410160,8.184999,2.465917,
1697816522125978112.000000,0.000000,-2.986010,3.398456,8.142204,2.467637,
1697816522154981888.000000,0.000000,-2.988972,3.389602,8.109949,2.468861,
1697816522184982016.000000,0.000000,-2.995536,3.380829,8.077579,2.469767,
1697816522224982016.000000,0.000000,-3.000968,3.369213,8.034323,2.471157,
1697816522254987264.000000,0.000000,-3.003652,3.360717,8.001940,2.472047,
1697816522283987200.000000,0.000000,-3.011048,3.352276,7.969456,2.472838,
1697816522323987200.000000,0.000000,-3.017679,3.341333,7.925687,2.474373,
1697816522353991168.000000,0.000000,-3.021514,3.333196,7.892780,2.475535,
1697816522382991360.000000,0.000000,-3.029275,3.325285,7.859862,2.476815,
1697816522422991360.000000,0.000000,-3.037173,3.314872,7.816328,2.478711,
1697816522452995328.000000,0.000000,-3.041480,3.307130,7.783763,2.480155,
1697816522491995392.000000,0.000000,-3.049300,3.297128,7.740611,2.482465,
1697816522521995264.000000,0.000000,-3.057300,3.289661,7.708364,2.483991,
1697816522552000512.000000,0.000000,-3.061205,3.282324,7.676169,2.485710,
1697816522591000576.000000,0.000000,-3.068465,3.272774,7.633499,2.488143,
1697816522621000448.000000,0.000000,-3.075593,3.265829,7.601671,2.489746,
1697816522651004928.000000,0.000000,-3.079502,3.258977,7.569972,2.491429,
1697816522690004736.000000,0.000000,-3.087466,3.250149,7.527948,2.493547,
1697816522720004864.000000,0.000000,-3.095119,3.243601,7.496102,2.495159,
1697816522750008576.000000,0.000000,-3.099389,3.237243,7.464380,2.496780,
1697816522790008576.000000,0.000000,-3.107658,3.229005,7.422266,2.498740,
1697816522819008512.000000,0.000000,-3.115529,3.222727,7.390764,2.500031,
1697816522849011712.000000,0.000000,-3.120604,3.216561,7.359442,2.501172,
1697816522889011712.000000,0.000000,-3.127813,3.208393,7.317795,2.502466,
1697816522918011648.000000,0.000000,-3.134423,3.202272,7.286673,2.503480,
1697816522958016768.000000,0.000000,-3.137728,3.194108,7.245494,2.504617,
1697816522988016896.000000,0.000000,3.139192,3.187973,7.214664,2.505419,
1697816523027016704.000000,0.000000,3.132999,3.179718,7.173742,2.506316,
1697816523057019648.000000,0.000000,3.129611,3.173376,7.143089,2.506990,
1697816523087019520.000000,0.000000,3.122693,3.166975,7.112460,2.507457,
1697816523116019712.000000,0.000000,3.115972,3.160872,7.081563,2.507831,
1697816523156023808.000000,0.000000,3.112354,3.152656,7.040238,2.508271,
1697816523186023680.000000,0.000000,3.105148,3.146407,7.009251,2.508324,
1697816523226023680.000000,0.000000,3.097681,3.137774,6.968431,2.508368,
1697816523255028736.000000,0.000000,3.093699,3.131079,6.937935,2.508038,
1697816523285028608.000000,0.000000,3.086362,3.124364,6.907397,2.507748,
1697816523325028608.000000,0.000000,3.078670,3.115434,6.866529,2.506906,
1697816523354033920.000000,0.000000,3.075849,3.108773,6.835825,2.506233,
1697816523384034048.000000,0.000000,3.068515,3.101799,6.805164,2.505364,
1697816523424034048.000000,0.000000,3.062569,3.092195,6.764325,2.504415,
1697816523453038080.000000,0.000000,3.059378,3.084636,6.733901,2.503672,
1697816523483038208.000000,0.000000,3.053063,3.077068,6.703450,2.503001,
1697816523523038208.000000,0.000000,3.046913,3.066698,6.662825,2.502247,
1697816523552041984.000000,0.000000,3.043563,3.058764,6.632369,2.501791,
1697816523592041984.000000,0.000000,3.036544,3.047903,6.591892,2.501194,
1697816523622041856.000000,0.000000,3.029238,3.039582,6.561876,2.500848,
1697816523652046848.000000,0.000000,3.025475,3.031071,6.532121,2.500517,
1697816523691046912.000000,0.000000,3.018017,3.019357,6.492477,2.500334,
1697816523721046784.000000,0.000000,3.010784,3.010355,6.462851,2.500183,
1697816523751048704.000000,0.000000,3.006975,3.001112,6.433330,2.500259,
1697816523790048768.000000,0.000000,2.999170,2.988627,6.394171,2.500338,
1697816523820048896.000000,0.000000,2.993348,2.979449,6.364656,2.500294,
1697816523850052096.000000,0.000000,2.988730,2.970044,6.335363,2.500194,
1697816523889052160.000000,0.000000,2.981828,2.957270,6.296376,2.500334,
1697816523919052288.000000,0.000000,2.974796,2.947256,6.267565,2.500162,
1697816523959055360.000000,0.000000,2.972075,2.933527,6.229324,2.499972,
1697816523988055552.000000,0.000000,2.964031,2.922873,6.200833,2.499867,
1697816524018055424.000000,0.000000,2.956946,2.911813,6.172421,2.499775,
1697816524058058752.000000,0.000000,2.952895,2.896666,6.134619,2.499898,
1697816524087058944.000000,0.000000,2.944267,2.884986,6.106427,2.499878,
1697816524127058944.000000,0.000000,2.936272,2.869038,6.068934,2.499624,
1697816524157061120.000000,0.000000,2.932203,2.856872,6.041015,2.499186,
1697816524187061248.000000,0.000000,2.924457,2.844422,6.013172,2.498760,
1697816524216061184.000000,0.000000,2.917317,2.831603,5.985645,2.498290,
1697816524256065792.000000,0.000000,2.913427,2.814102,5.949098,2.497422,
1697816524286065664.000000,0.000000,2.906032,2.800739,5.921772,2.496879,
1697816524325065728.000000,0.000000,2.899205,2.782996,5.885887,2.495715,
1697816524355069440.000000,0.000000,2.895601,2.769497,5.859020,2.494799,
1697816524385069312.000000,0.000000,2.887769,2.755934,5.832286,2.493916,
1697816524424069376.000000,0.000000,2.881188,2.737443,5.796774,2.492513,
1697816524454074368.000000,0.000000,2.877556,2.723401,5.770167,2.491450,
1697816524484074496.000000,0.000000,2.870217,2.709260,5.743595,2.490383,
1697816524524074496.000000,0.000000,2.864200,2.689714,5.707988,2.488899,
1697816524553078016.000000,0.000000,2.859608,2.674787,5.681261,2.487919,
1697816524583077888.000000,0.000000,2.852863,2.659715,5.654568,2.486840,
1697816524623077888.000000,0.000000,2.846287,2.639546,5.619029,2.485665,
1697816524652081920.000000,0.000000,2.842898,2.624306,5.592565,2.484782,
1697816524692081920.000000,0.000000,2.836230,2.603787,5.557313,2.483729,
1697816524722081792.000000,0.000000,2.829161,2.588262,5.531293,2.483150,
1697816524751086080.000000,0.000000,2.825448,2.572432,5.505353,2.482565,
1697816524791086080.000000,0.000000,2.818177,2.551157,5.470902,2.482134,
1697816524821085952.000000,0.000000,2.811352,2.534532,5.445073,2.481548,
1697816524860088320.000000,0.000000,2.807699,2.512023,5.410753,2.481093,
1697816524890088192.000000,0.000000,2.800734,2.494964,5.385172,2.480749,
1697816524920088320.000000,0.000000,2.793790,2.477884,5.359786,2.480458,
1697816524959091712.000000,0.000000,2.790062,2.455031,5.326270,2.480048,
1697816524989091840.000000,0.000000,2.782192,2.437604,5.301206,2.479775,
1697816525019091968.000000,0.000000,2.776345,2.419906,5.276500,2.479368,
1697816525059092480.000000,0.000000,2.772153,2.395750,5.243923,2.478588,
1697816525088092672.000000,0.000000,2.765901,2.377510,5.219584,2.478080,
1697816525118092544.000000,0.000000,2.760409,2.359231,5.195305,2.477297,
1697816525158095872.000000,0.000000,2.757228,2.334515,5.163033,2.475915,
1697816525187096064.000000,0.000000,2.750673,2.315734,5.138896,2.474962,
1697816525227096064.000000,0.000000,2.743911,2.290284,5.107207,2.473500,
1697816525257099264.000000,0.000000,2.740182,2.270899,5.083611,2.472419,
1697816525286099200.000000,0.000000,2.732893,2.251353,5.060121,2.471275,
1697816525326099200.000000,0.000000,2.725282,2.224494,5.028911,2.469662,
1697816525356103680.000000,0.000000,2.721334,2.204039,5.005426,2.468509,
1697816525385103616.000000,0.000000,2.713554,2.183502,4.982008,2.467356,
1697816525425103616.000000,0.000000,2.705760,2.156082,4.951056,2.465858,
1697816525455108608.000000,0.000000,2.700875,2.135414,4.927943,2.464824,
1697816525485108736.000000,0.000000,2.693877,2.114564,4.904882,2.463789,
1697816525524108800.000000,0.000000,2.685718,2.086232,4.874486,2.462492,
1697816525554113792.000000,0.000000,2.680536,2.064700,4.851911,2.461609,
1697816525584113920.000000,0.000000,2.672691,2.042928,4.829397,2.460671,
1697816525624113920.000000,0.000000,2.665796,2.013599,4.799091,2.459600,
1697816525653117184.000000,0.000000,2.661970,1.991408,4.776407,2.458794,
1697816525683117056.000000,0.000000,2.655171,1.969143,4.753870,2.458209,
1697816525722117120.000000,0.000000,2.648447,1.939352,4.724293,2.457549,
1697816525752121600.000000,0.000000,2.644811,1.917024,4.702302,2.457322,
1697816525792121600.000000,0.000000,2.638046,1.886989,4.673184,2.457056,
1697816525821121536.000000,0.000000,2.631161,1.863901,4.651402,2.456747,
1697816525851125248.000000,0.000000,2.627386,1.840722,4.629710,2.456450,
1697816525891125248.000000,0.000000,2.619594,1.809753,4.600795,2.456298,
1697816525921125120.000000,0.000000,2.611061,1.786703,4.579378,2.455974,
1697816525950127616.000000,0.000000,2.605724,1.763465,4.558047,2.455627,
1697816525990127616.000000,0.000000,2.598469,1.732388,4.529712,2.455207,
1697816526020127744.000000,0.000000,2.590854,1.709220,4.508450,2.454434,
1697816526059130880.000000,0.000000,2.585789,1.678266,4.480148,2.453521,
1697816526089130752.000000,0.000000,2.578333,1.655018,4.459093,2.452910,
1697816526119130624.000000,0.000000,2.571845,1.631238,4.438258,2.452542,
1697816526158135296.000000,0.000000,2.567236,1.599508,4.410743,2.452380,
1697816526188135424.000000,0.000000,2.560548,1.575652,4.390131,2.452503,
1697816526218135296.000000,0.000000,2.554103,1.551781,4.369825,2.453184,
1697816526257139200.000000,0.000000,2.550872,1.519750,4.343012,2.454480,
1697816526287139328.000000,0.000000,2.543859,1.495680,4.323051,2.455721,
1697816526317139200.000000,0.000000,2.537129,1.471618,4.302773,2.457047,
1697816526356144384.000000,0.000000,2.533356,1.439555,4.275787,2.459030,
1697816526386144256.000000,0.000000,2.525436,1.415293,4.255672,2.460598,
1697816526416144384.000000,0.000000,2.518004,1.391080,4.236081,2.462176,
1697816526456147968.000000,0.000000,2.513980,1.358610,4.210436,2.464059,
1697816526485147904.000000,0.000000,2.505922,1.334144,4.191281,2.465423,
1697816526525147904.000000,0.000000,2.498371,1.301554,4.165926,2.467210,
1697816526555151872.000000,0.000000,2.494133,1.276940,4.147047,2.468288,
1697816526584151808.000000,0.000000,2.484928,1.252192,4.128216,2.469136,
1697816526624151808.000000,0.000000,2.477381,1.219157,4.102856,2.470089,
1697816526654156288.000000,0.000000,2.474134,1.194241,4.083901,2.470360,
1697816526683156480.000000,0.000000,2.465734,1.169231,4.065044,2.470410,
1697816526723156480.000000,0.000000,2.458625,1.135587,4.040315,2.470151,
1697816526753160704.000000,0.000000,2.454822,1.110241,4.021960,2.469563,
1697816526783160832.000000,0.000000,2.447352,1.084783,4.003621,2.468791,
1697816526822160640.000000,0.000000,2.440561,1.050875,3.979473,2.467524,
1697816526852164608.000000,0.000000,2.437157,1.025372,3.961517,2.466316,
1697816526892164608.000000,0.000000,2.430449,0.991340,3.937696,2.464669,
1697816526921164544.000000,0.000000,2.424300,0.966013,3.919767,2.463222,
1697816526951169024.000000,0.000000,2.420978,0.940649,3.901967,2.461780,
1697816526991169024.000000,0.000000,2.414229,0.906844,3.878468,2.459980,
1697816527020169216.000000,0.000000,2.407801,0.881233,3.861367,2.458771,
1697816527050173952.000000,0.000000,2.403025,0.855753,3.844316,2.457740,
1697816527090173952.000000,0.000000,2.396444,0.821762,3.821769,2.456490,
1697816527119174144.000000,0.000000,2.389388,0.796362,3.804477,2.455631,
1697816527159179264.000000,0.000000,2.384698,0.762498,3.781693,2.454642,
1697816527189179136.000000,0.000000,2.376986,0.737029,3.764775,2.454149,
1697816527219179008.000000,0.000000,2.369846,0.711469,3.748040,2.453527,
1697816527258184448.000000,0.000000,2.365782,0.677463,3.725731,2.453094,
1697816527288184576.000000,0.000000,2.358229,0.652001,3.709159,2.452973,
1697816527318184448.000000,0.000000,2.351421,0.626422,3.692567,2.452878,
1697816527357189376.000000,0.000000,2.347983,0.592307,3.670575,2.452866,
1697816527387189248.000000,0.000000,2.341659,0.566746,3.654168,2.453045,
1697816527417189376.000000,0.000000,2.335533,0.541539,3.637808,2.453193,
1697816527456193536.000000,0.000000,2.332374,0.507983,3.616129,2.453398,
1697816527486193408.000000,0.000000,2.326312,0.482727,3.600074,2.453669,
1697816527516193536.000000,0.000000,2.320168,0.457354,3.584481,2.453866,
1697816527555197952.000000,0.000000,2.315803,0.423483,3.564095,2.454238,
1697816527585198080.000000,0.000000,2.309686,0.397904,3.549005,2.454449,
1697816527625198080.000000,0.000000,2.303133,0.363387,3.528487,2.454884,
1697816527654203904.000000,0.000000,2.298257,0.337400,3.513242,2.455112,
1697816527684204032.000000,0.000000,2.290451,0.311292,3.498188,2.455271,
1697816527724204032.000000,0.000000,2.282867,0.276795,3.478884,2.455501,
1697816527754208000.000000,0.000000,2.278751,0.250878,3.464803,2.455467,
1697816527783207936.000000,0.000000,2.270341,0.224871,3.450882,2.455304,
1697816527823207936.000000,0.000000,2.262666,0.190058,3.432511,2.455149,
1697816527853211392.000000,0.000000,2.258719,0.163804,3.418964,2.454803,
1697816527892211456.000000,0.000000,2.251041,0.128760,3.401116,2.454287,
1697816527922211328.000000,0.000000,2.244096,0.102512,3.388009,2.453444,
1697816527952216320.000000,0.000000,2.240373,0.076219,3.374979,2.452585,
1697816527991216128.000000,0.000000,2.232946,0.041180,3.357973,2.451472,
1697816528021216256.000000,0.000000,2.226457,0.014513,3.345464,2.450302,
1697816528051220480.000000,0.000000,2.223002,-0.012093,3.333079,2.449251,
1697816528090220544.000000,0.000000,2.216207,-0.047648,3.316816,2.447815,
1697816528121220608.000000,0.000000,2.208804,-0.074296,3.304645,2.446894,
1697816528150223360.000000,0.000000,2.206327,-0.100878,3.292685,2.445925,
1697816528190223360.000000,0.000000,2.198731,-0.136395,3.276911,2.444775,
1697816528219223552.000000,0.000000,2.192102,-0.163159,3.265286,2.444096,
1697816528249228032.000000,0.000000,2.188733,-0.189863,3.253771,2.443510,
1697816528289228032.000000,0.000000,2.182835,-0.225525,3.238813,2.442751,
1697816528319227904.000000,0.000000,2.175618,-0.252309,3.228003,2.442494,
1697816528358232320.000000,0.000000,2.171971,-0.288010,3.213761,2.442257,
1697816528388232448.000000,0.000000,2.165111,-0.314842,3.203215,2.442191,
1697816528427232256.000000,0.000000,2.158273,-0.350716,3.189360,2.442127,
1697816528457236992.000000,0.000000,2.154718,-0.377793,3.179084,2.442206,
1697816528487237120.000000,0.000000,2.148168,-0.404856,3.168952,2.442333,
1697816528526236928.000000,0.000000,2.141735,-0.441263,3.155500,2.442579,
1697816528556239616.000000,0.000000,2.138239,-0.468722,3.145659,2.442702,
1697816528586239488.000000,0.000000,2.132007,-0.496310,3.135950,2.442923,
1697816528625239552.000000,0.000000,2.125556,-0.532600,3.123127,2.443246,
1697816528655243776.000000,0.000000,2.122145,-0.559800,3.113671,2.443527,
1697816528685243648.000000,0.000000,2.115429,-0.587026,3.104467,2.443768,
1697816528725243648.000000,0.000000,2.110355,-0.624031,3.092604,2.443686,
1697816528754248448.000000,0.000000,2.106398,-0.651823,3.083837,2.443623,
1697816528784248576.000000,0.000000,2.099882,-0.679626,3.075273,2.443427,
1697816528824248576.000000,0.000000,2.094785,-0.716527,3.064017,2.443023,
1697816528853253120.000000,0.000000,2.090860,-0.744053,3.055743,2.442664,
1697816528883253248.000000,0.000000,2.084565,-0.771599,3.047569,2.442249,
1697816528923253248.000000,0.000000,2.078951,-0.808118,3.036894,2.441580,
1697816528952257792.000000,0.000000,2.075849,-0.835368,3.029136,2.441061,
1697816528982257664.000000,0.000000,2.069635,-0.862611,3.021561,2.440524,
1697816529022257664.000000,0.000000,2.063512,-0.899443,3.011659,2.440086,
1697816529052262656.000000,0.000000,2.060073,-0.927005,3.004292,2.440127,
1697816529091262464.000000,0.000000,2.053534,-0.963753,2.994891,2.440402,
1697816529121262592.000000,0.000000,2.047039,-0.991042,2.988117,2.440953,
1697816529151266304.000000,0.000000,2.043447,-1.018230,2.981447,2.442008,
1697816529190266112.000000,0.000000,2.035203,-1.054445,2.972924,2.443987,
1697816529220266240.000000,0.000000,2.029207,-1.081667,2.966720,2.445870,
1697816529260270336.000000,0.000000,2.025256,-1.117872,2.958737,2.449286,
1697816529289270272.000000,0.000000,2.016398,-1.144937,2.953011,2.452322,
1697816529319270400.000000,0.000000,2.009506,-1.171890,2.947852,2.455802,
1697816529359275520.000000,0.000000,2.004481,-1.207834,2.941115,2.461166,
1697816529388275456.000000,0.000000,1.996764,-1.234747,2.936285,2.465573,
1697816529418275328.000000,0.000000,1.989530,-1.261638,2.931776,2.469946,
1697816529458280704.000000,0.000000,1.985688,-1.297524,2.926092,2.475995,
1697816529488280832.000000,0.000000,1.978137,-1.324513,2.921940,2.480768,
1697816529517280768.000000,0.000000,1.971314,-1.351451,2.917855,2.485813,
1697816529557283840.000000,0.000000,1.967531,-1.387407,2.912696,2.492527,
1697816529587283968.000000,0.000000,1.960856,-1.414457,2.908988,2.497386,
1697816529626283776.000000,0.000000,1.954909,-1.450540,2.904330,2.503692,
1697816529656287232.000000,0.000000,1.951829,-1.477777,2.900954,2.508064,
1697816529686287104.000000,0.000000,1.946103,-1.505117,2.897744,2.511974,
1697816529715287040.000000,0.000000,1.941247,-1.532453,2.894428,2.515571,
1697816529755292672.000000,0.000000,1.937276,-1.569067,2.890091,2.519606,
1697816529785292800.000000,0.000000,1.931471,-1.596737,2.886978,2.521898,
1697816529824292864.000000,0.000000,1.926048,-1.633914,2.883411,2.524147,
1697816529854297856.000000,0.000000,1.921845,-1.662028,2.881074,2.525092,
1697816529884297984.000000,0.000000,1.915375,-1.690297,2.878826,2.525369,
1697816529923297792.000000,0.000000,1.909315,-1.728356,2.876203,2.525359,
1697816529953301248.000000,0.000000,1.905935,-1.757090,2.874424,2.524593,
1697816529983301120.000000,0.000000,1.899470,-1.786045,2.872725,2.523230,
1697816530022301184.000000,0.000000,1.893521,-1.824944,2.870578,2.520799,
1697816530052303104.000000,0.000000,1.890167,-1.854235,2.868983,2.518591,
1697816530082302976.000000,0.000000,1.883053,-1.883841,2.867511,2.516150,
1697816530122302976.000000,0.000000,1.876613,-1.923687,2.866042,2.512452,
1697816530151306752.000000,0.000000,1.873074,-1.953851,2.865116,2.509533,
1697816530191306752.000000,0.000000,1.866810,-1.994382,2.864055,2.505517,
1697816530221306880.000000,0.000000,1.860665,-2.025301,2.862627,2.502691,
1697816530250311936.000000,0.000000,1.857396,-2.056397,2.861339,2.499990,
1697816530290311936.000000,0.000000,1.850835,-2.098043,2.859951,2.496716,
1697816530320312064.000000,0.000000,1.843175,-2.129270,2.859600,2.494434,
1697816530359316480.000000,0.000000,1.840579,-2.171032,2.859504,2.491951,
1697816530389316352.000000,0.000000,1.832951,-2.202436,2.859731,2.490528,
1697816530419316224.000000,0.000000,1.826373,-2.234231,2.859989,2.489109,
1697816530449321472.000000,0.000000,1.822796,-2.266092,2.860544,2.488160,
1697816530488321536.000000,0.000000,1.816002,-2.308693,2.861640,2.487568,
1697816530518321408.000000,0.000000,1.808846,-2.341120,2.862698,2.487178,
1697816530558324480.000000,0.000000,1.804828,-2.384503,2.864474,2.487374,
1697816530587324416.000000,0.000000,1.796990,-2.417127,2.865973,2.487893,
1697816530627324416.000000,0.000000,1.788894,-2.460444,2.868290,2.488580,
1697816530657328384.000000,0.000000,1.784484,-2.493005,2.870109,2.489235,
1697816530686328320.000000,0.000000,1.775806,-2.525705,2.871909,2.489987,
1697816530716328448.000000,0.000000,1.766721,-2.558680,2.873568,2.490724,
1697816530756333824.000000,0.000000,1.762010,-2.602917,2.875719,2.491724,
1697816530785333760.000000,0.000000,1.752257,-2.636199,2.877276,2.492524,
1697816530815333888.000000,0.000000,1.742351,-2.669678,2.878801,2.493374,
1697816530855339008.000000,0.000000,1.735522,-2.714450,2.880874,2.494504,
1697816530885339136.000000,0.000000,1.726542,-2.748115,2.882418,2.495334,
1697816530924339200.000000,0.000000,1.717259,-2.792623,2.884456,2.496025,
1697816530954343680.000000,0.000000,1.711688,-2.825881,2.886087,2.496253,
1697816530984343808.000000,0.000000,1.703506,-2.859004,2.887833,2.496291,
1697816531023343616.000000,0.000000,1.696918,-2.903002,2.890573,2.495906,
1697816531053348096.000000,0.000000,1.693263,-2.935818,2.892777,2.495286,
1697816531083347968.000000,0.000000,1.686994,-2.968468,2.895293,2.494350,
1697816531122348032.000000,0.000000,1.680749,-3.011873,2.898865,2.492710,
1697816531152351488.000000,0.000000,1.676477,-3.044269,2.901783,2.491211,
1697816531192351488.000000,0.000000,1.671171,-3.087276,2.905912,2.488850,
1697816531222351360.000000,0.000000,1.665026,-3.119759,2.909532,2.487033,
1697816531251356672.000000,0.000000,1.661300,-3.152182,2.913354,2.485036,
1697816531291356672.000000,0.000000,1.653517,-3.195185,2.918816,2.482057,
1697816531321356800.000000,0.000000,1.645159,-3.227382,2.923270,2.479753,
1697816531360360704.000000,0.000000,1.642362,-3.270118,2.929360,2.476586,
1697816531390360576.000000,0.000000,1.634759,-3.302005,2.934074,2.474250,
1697816531420360704.000000,0.000000,1.627825,-3.333957,2.939580,2.471832,
1697816531449367040.000000,0.000000,1.623396,-3.365700,2.945222,2.469487,
1697816531489367040.000000,0.000000,1.616723,-3.407855,2.953063,2.466555,
1697816531519367168.000000,0.000000,1.610859,-3.439528,2.959117,2.464831,
1697816531558372352.000000,0.000000,1.606374,-3.481530,2.967346,2.462880,
1697816531588372480.000000,0.000000,1.599449,-3.512836,2.973606,2.461635,
1697816531618372352.000000,0.000000,1.591780,-3.544027,2.979937,2.460649,
1697816531657375744.000000,0.000000,1.587775,-3.585449,2.988384,2.459741,
1697816531687375872.000000,0.000000,1.579768,-3.616416,2.994624,2.459379,
1697816531717375744.000000,0.000000,1.571977,-3.647321,3.000622,2.459214,
1697816531756379648.000000,0.000000,1.567693,-3.688367,3.008326,2.459396,
1697816531786379520.000000,0.000000,1.559646,-3.719021,3.014026,2.459813,
1697816531816379648.000000,0.000000,1.551326,-3.749672,3.019914,2.460233,
1697816531856384768.000000,0.000000,1.546548,-3.790408,3.027759,2.461023,
1697816531885384704.000000,0.000000,1.537883,-3.820810,3.033575,2.462008,
1697816531925384704.000000,0.000000,1.528907,-3.860912,3.041033,2.463558,
1697816531955388416.000000,0.000000,1.524149,-3.890726,3.046580,2.464955,
1697816531984388608.000000,0.000000,1.514871,-3.920362,3.052264,2.466542,
1697816532024388608.000000,0.000000,1.504769,-3.959952,3.059559,2.468858,
1697816532054392576.000000,0.000000,1.499942,-3.989495,3.065066,2.470956,
1697816532083392512.000000,0.000000,1.490774,-4.018801,3.070828,2.473194,
1697816532123392512.000000,0.000000,1.482559,-4.057503,3.079334,2.476004,
1697816532153397248.000000,0.000000,1.478885,-4.086216,3.086301,2.478094,
1697816532183397376.000000,0.000000,1.472199,-4.114482,3.093568,2.480155,
1697816532222397184.000000,0.000000,1.467221,-4.151558,3.104250,2.482893,
1697816532252402432.000000,0.000000,1.464555,-4.178867,3.112684,2.484995,
1697816532292402432.000000,0.000000,1.460346,-4.214657,3.124502,2.487459,
1697816532321402368.000000,0.000000,1.456497,-4.241181,3.133696,2.489142,
1697816532351408128.000000,0.000000,1.454378,-4.267344,3.143199,2.490713,
1697816532391408128.000000,0.000000,1.450245,-4.301654,3.156549,2.492305,
1697816532420408064.000000,0.000000,1.445766,-4.327046,3.166976,2.493115,
1697816532460412160.000000,0.000000,1.443141,-4.360635,3.181358,2.493844,
1697816532490412032.000000,0.000000,1.437520,-4.385638,3.192370,2.494176,
1697816532519412224.000000,0.000000,1.431704,-4.410465,3.203333,2.494215,
1697816532559417344.000000,0.000000,1.427347,-4.443296,3.218154,2.493983,
1697816532589417216.000000,0.000000,1.421255,-4.467793,3.229562,2.493545,
1697816532619417088.000000,0.000000,1.413734,-4.492396,3.241334,2.492800,
1697816532658419712.000000,0.000000,1.410333,-4.525305,3.257259,2.491610,
1697816532688419840.000000,0.000000,1.403926,-4.549915,3.269309,2.490754,
1697816532718419712.000000,0.000000,1.397673,-4.573952,3.281539,2.490171,
1697816532757423872.000000,0.000000,1.394295,-4.605691,3.297963,2.489499,
1697816532787423744.000000,0.000000,1.388330,-4.629505,3.310540,2.489022,
1697816532817423872.000000,0.000000,1.383370,-4.653471,3.323140,2.488706,
1697816532856427776.000000,0.000000,1.380679,-4.685479,3.340103,2.488402,
1697816532886427648.000000,0.000000,1.375517,-4.709591,3.353106,2.488269,
1697816532916427776.000000,0.000000,1.370098,-4.733773,3.366631,2.488153,
1697816532955431424.000000,0.000000,1.367246,-4.766124,3.385099,2.488067,
1697816532985431552.000000,0.000000,1.361647,-4.790483,3.399135,2.488165,
1697816533025431552.000000,0.000000,1.356245,-4.822984,3.417723,2.488495,
1697816533054434304.000000,0.000000,1.354273,-4.847497,3.431735,2.488779,
1697816533084434432.000000,0.000000,1.348873,-4.872205,3.445973,2.489128,
1697816533124434432.000000,0.000000,1.342492,-4.905433,3.465532,2.489547,
1697816533154438400.000000,0.000000,1.340179,-4.930561,3.480631,2.489768,
1697816533193438464.000000,0.000000,1.332824,-4.964464,3.501170,2.490043,
1697816533223438336.000000,0.000000,1.325845,-4.989909,3.516740,2.490611,
1697816533253442816.000000,0.000000,1.322365,-5.015602,3.532547,2.491159,
1697816533292442880.000000,0.000000,1.315502,-5.050406,3.553957,2.492158,
1697816533322442752.000000,0.000000,1.308874,-5.077138,3.570049,2.493079,
1697816533352448256.000000,0.000000,1.305156,-5.104202,3.586386,2.494107,
1697816533392448256.000000,0.000000,1.297311,-5.140664,3.608323,2.495733,
1697816533421448192.000000,0.000000,1.289358,-5.168461,3.624711,2.496845,
1697816533451452928.000000,0.000000,1.284833,-5.196658,3.641313,2.498017,
1697816533490452736.000000,0.000000,1.275316,-5.234761,3.663454,2.499722,
1697816533520452864.000000,0.000000,1.263422,-5.263276,3.680904,2.500969,
1697816533550455552.000000,0.000000,1.259619,-5.291984,3.698433,2.502189,
1697816533589455616.000000,0.000000,1.249351,-5.330346,3.721852,2.503759,
1697816533620455680.000000,0.000000,1.241732,-5.359240,3.739953,2.504702,
1697816533659457536.000000,0.000000,1.238548,-5.397779,3.764465,2.506013,
1697816533689457664.000000,0.000000,1.230455,-5.426470,3.782950,2.506790,
1697816533719457792.000000,0.000000,1.223775,-5.454988,3.801438,2.507437,
1697816533758462208.000000,0.000000,1.220610,-5.492515,3.825982,2.508331,
1697816533788462336.000000,0.000000,1.214673,-5.520343,3.844281,2.508994,
1697816533818462208.000000,0.000000,1.209519,-5.548519,3.862608,2.509696,
1697816533857466368.000000,0.000000,1.206668,-5.585610,3.886998,2.510550,
1697816533887466496.000000,0.000000,1.201028,-5.613012,3.905135,2.511173,
1697816533926466304.000000,0.000000,1.195209,-5.648616,3.928593,2.511809,
1697816533956469504.000000,0.000000,1.191521,-5.675039,3.945946,2.512356,
1697816533986469376.000000,0.000000,1.184411,-5.701152,3.963259,2.512980,
1697816534016469504.000000,0.000000,1.177065,-5.727042,3.980737,2.513659,
1697816534055473664.000000,0.000000,1.173045,-5.761317,4.003973,2.514593,
1697816534085473792.000000,0.000000,1.165007,-5.786669,4.021440,2.515424,
1697816534115473920.000000,0.000000,1.157056,-5.811678,4.038674,2.516231,
1697816534154478336.000000,0.000000,1.151525,-5.844439,4.061495,2.517229,
1697816534184478464.000000,0.000000,1.144077,-5.868729,4.078863,2.518097,
1697816534224478464.000000,0.000000,1.134690,-5.900743,4.103215,2.519162,
1697816534253482240.000000,0.000000,1.130712,-5.924490,4.122064,2.519784,
1697816534283482112.000000,0.000000,1.123303,-5.947989,4.140947,2.520568,
1697816534323482112.000000,0.000000,1.116686,-5.979122,4.166547,2.521427,
1697816534352486656.000000,0.000000,1.113645,-6.002322,4.185904,2.522313,
1697816534392486656.000000,0.000000,1.108359,-6.032859,4.212039,2.523353,
1697816534422486528.000000,0.000000,1.104367,-6.055452,4.230924,2.524432,
1697816534451490816.000000,0.000000,1.101776,-6.077916,4.250003,2.525451,
1697816534491490816.000000,0.000000,1.096203,-6.107634,4.275648,2.526957,
1697816534521490944.000000,0.000000,1.090766,-6.129583,4.296340,2.527897,
1697816534551495168.000000,0.000000,1.087484,-6.151231,4.317068,2.528801,
1697816534590494976.000000,0.000000,1.080990,-6.179755,4.344871,2.529965,
1697816534620495104.000000,0.000000,1.073881,-6.200775,4.364996,2.531052,
1697816534650499072.000000,0.000000,1.068852,-6.221421,4.384791,2.532157,
1697816534689499136.000000,0.000000,1.059952,-6.248468,4.411459,2.533544,
1697816534719499264.000000,0.000000,1.051352,-6.268785,4.432047,2.534411,
1697816534759502336.000000,0.000000,1.048514,-6.295427,4.459741,2.535789,
1697816534789502208.000000,0.000000,1.039753,-6.314955,4.480722,2.536704,
1697816534818502144.000000,0.000000,1.032644,-6.334133,4.501769,2.537439,
1697816534858507520.000000,0.000000,1.029191,-6.359266,4.530087,2.538189,
1697816534888507648.000000,0.000000,1.023108,-6.377975,4.551578,2.538859,
1697816534917507584.000000,0.000000,1.017304,-6.396574,4.573221,2.539404,
1697816534957511936.000000,0.000000,1.014218,-6.421252,4.602443,2.540001,
1697816534987511808.000000,0.000000,1.007911,-6.439798,4.624625,2.540704,
1697816535026511872.000000,0.000000,1.002179,-6.464754,4.654554,2.541452,
1697816535056515328.000000,0.000000,0.998665,-6.483604,4.677203,2.542070,
1697816535086515200.000000,0.000000,0.992241,-6.502418,4.699998,2.542716,
1697816535125515264.000000,0.000000,0.986333,-6.527554,4.730552,2.544096,
1697816535155520512.000000,0.000000,0.982202,-6.546494,4.753606,2.545130,
1697816535185520384.000000,0.000000,0.976380,-6.565435,4.776763,2.546000,
1697816535224520448.000000,0.000000,0.968696,-6.591011,4.807286,2.547247,
1697816535254523648.000000,0.000000,0.966056,-6.610234,4.830137,2.548237,
1697816535284523776.000000,0.000000,0.959179,-6.629375,4.853130,2.549098,
1697816535323523584.000000,0.000000,0.953664,-6.654970,4.884303,2.550385,
1697816535353528320.000000,0.000000,0.950582,-6.674162,4.907777,2.551381,
1697816535393528320.000000,0.000000,0.944040,-6.699774,4.939260,2.552568,
1697816535423528448.000000,0.000000,0.937115,-6.718724,4.962415,2.553617,
1697816535452533248.000000,0.000000,0.933656,-6.737701,4.985550,2.554688,
1697816535482533120.000000,0.000000,0.926819,-6.756693,5.008863,2.555678,
1697816535522533120.000000,0.000000,0.920643,-6.782102,5.039644,2.556843,
1697816535551538688.000000,0.000000,0.917414,-6.801122,5.062740,2.557585,
1697816535591538688.000000,0.000000,0.910921,-6.826657,5.093767,2.558526,
1697816535621538560.000000,0.000000,0.904920,-6.845672,5.117126,2.559212,
1697816535660542976.000000,0.000000,0.901340,-6.871001,5.148551,2.559780,
1697816535690542848.000000,0.000000,0.894184,-6.890029,5.172319,2.560195,
1697816535720542976.000000,0.000000,0.887794,-6.909032,5.197057,2.560602,
1697816535759546368.000000,0.000000,0.884273,-6.934443,5.230297,2.561028,
1697816535789546496.000000,0.000000,0.876215,-6.953436,5.255380,2.561350,
1697816535819546624.000000,0.000000,0.870125,-6.972121,5.280323,2.561502,
1697816535858551808.000000,0.000000,0.865373,-6.997009,5.313617,2.561739,
1697816535888551936.000000,0.000000,0.857726,-7.015548,5.338658,2.561971,
1697816535918551808.000000,0.000000,0.850715,-7.034435,5.363924,2.561882,
1697816535958556928.000000,0.000000,0.847093,-7.059530,5.397623,2.561924,
1697816535988557056.000000,0.000000,0.839764,-7.078202,5.422908,2.562082,
1697816536017556992.000000,0.000000,0.833193,-7.096616,5.448255,2.562050,
1697816536057560832.000000,0.000000,0.829132,-7.121141,5.482191,2.561981,
1697816536086560768.000000,0.000000,0.821494,-7.139256,5.507649,2.562007,
1697816536126560768.000000,0.000000,0.812854,-7.162974,5.541503,2.562570,
1697816536156565760.000000,0.000000,0.808108,-7.180518,5.567030,2.563030,
1697816536185565696.000000,0.000000,0.797661,-7.197981,5.592525,2.563683,
1697816536215565824.000000,0.000000,0.789913,-7.215243,5.617854,2.564292,
1697816536255570432.000000,0.000000,0.785259,-7.238021,5.651456,2.564904,
1697816536285570560.000000,0.000000,0.776074,-7.255012,5.676752,2.565504,
1697816536324570624.000000,0.000000,0.768084,-7.277617,5.710761,2.566042,
1697816536354575360.000000,0.000000,0.763319,-7.294557,5.736407,2.566281,
1697816536384575488.000000,0.000000,0.756304,-7.311391,5.761988,2.566696,
1697816536423575552.000000,0.000000,0.749923,-7.333895,5.796175,2.567165,
1697816536453580800.000000,0.000000,0.746558,-7.350759,5.821937,2.567635,
1697816536483580928.000000,0.000000,0.739770,-7.367403,5.847751,2.568126,
1697816536522580736.000000,0.000000,0.733075,-7.389309,5.882246,2.568939,
1697816536552586240.000000,0.000000,0.729203,-7.405552,5.908235,2.569524,
1697816536582586112.000000,0.000000,0.722174,-7.421665,5.934372,2.570198,
1697816536621586176.000000,0.000000,0.714988,-7.442912,5.968990,2.570986,
1697816536651591680.000000,0.000000,0.710813,-7.458726,5.995064,2.571621,
1697816536691591680.000000,0.000000,0.702853,-7.479433,6.029977,2.572484,
1697816536721591808.000000,0.000000,0.694717,-7.494961,6.056765,2.573176,
1697816536750597376.000000,0.000000,0.691980,-7.510467,6.083623,2.574142,
1697816536790597376.000000,0.000000,0.685567,-7.530921,6.119723,2.575399,
1697816536820597504.000000,0.000000,0.678906,-7.546280,6.147025,2.576764,
1697816536849602816.000000,0.000000,0.675247,-7.561472,6.174334,2.578028,
1697816536889602816.000000,0.000000,0.668215,-7.581570,6.210730,2.579926,
1697816536919602688.000000,0.000000,0.660763,-7.596024,6.237854,2.581254,
1697816536958607872.000000,0.000000,0.657180,-7.614887,6.274102,2.582706,
1697816536988608000.000000,0.000000,0.650174,-7.628865,6.301317,2.583785,
1697816537018607872.000000,0.000000,0.643158,-7.643064,6.328566,2.584599,
1697816537057612032.000000,0.000000,0.639301,-7.661561,6.364938,2.585534,
1697816537087611904.000000,0.000000,0.631512,-7.675127,6.392273,2.586090,
1697816537117612032.000000,0.000000,0.623903,-7.688454,6.419677,2.586558,
1697816537156616704.000000,0.000000,0.619902,-7.705594,6.456271,2.587102,
1697816537186616576.000000,0.000000,0.611450,-7.718094,6.483690,2.587415,
1697816537216616704.000000,0.000000,0.603146,-7.730388,6.511295,2.587902,
1697816537256622080.000000,0.000000,0.598587,-7.746347,6.548209,2.588792,
1697816537285622016.000000,0.000000,0.588770,-7.757910,6.575731,2.589503,
1697816537325622016.000000,0.000000,0.581352,-7.772993,6.612199,2.590538,
1697816537355627520.000000,0.000000,0.575476,-7.783985,6.639487,2.591452,
1697816537385627648.000000,0.000000,0.566157,-7.794686,6.666710,2.592369,
1697816537424627712.000000,0.000000,0.557442,-7.808514,6.704054,2.594008,
1697816537454631424.000000,0.000000,0.553975,-7.818507,6.732168,2.595449,
1697816537484631552.000000,0.000000,0.544320,-7.828152,6.760140,2.596890,
1697816537523631616.000000,0.000000,0.536638,-7.840974,6.797116,2.599061,
1697816537553635584.000000,0.000000,0.532697,-7.850231,6.824596,2.600664,
1697816537583635456.000000,0.000000,0.525253,-7.859178,6.852035,2.602253,
1697816537622635520.000000,0.000000,0.518721,-7.870762,6.888177,2.604781,
1697816537652641280.000000,0.000000,0.515561,-7.879134,6.914991,2.606678,
1697816537691641344.000000,0.000000,0.509827,-7.889963,6.950743,2.609122,
1697816537721641216.000000,0.000000,0.505271,-7.897811,6.977601,2.610578,
1697816537751646208.000000,0.000000,0.502948,-7.905394,7.004275,2.611839,
1697816537791646208.000000,0.000000,0.498433,-7.915333,7.039726,2.613301,
1697816537820646400.000000,0.000000,0.493201,-7.922770,7.066506,2.614276,
1697816537850649600.000000,0.000000,0.491351,-7.930007,7.093156,2.615105,
1697816537890649600.000000,0.000000,0.485730,-7.939348,7.128414,2.615887,
1697816537919649792.000000,0.000000,0.480963,-7.946273,7.155216,2.616216,
1697816537959653376.000000,0.000000,0.478480,-7.955237,7.191049,2.616213,
1697816537989653504.000000,0.000000,0.473076,-7.961828,7.217849,2.615938,
1697816538018653440.000000,0.000000,0.466293,-7.968308,7.244595,2.615447,
1697816538058657792.000000,0.000000,0.462609,-7.976687,7.280441,2.614460,
1697816538088657920.000000,0.000000,0.455018,-7.982849,7.307388,2.613559,
1697816538117657856.000000,0.000000,0.447003,-7.989009,7.334296,2.612775,
1697816538157661952.000000,0.000000,0.442665,-7.997071,7.370261,2.611590,
1697816538187661824.000000,0.000000,0.434563,-8.002997,7.397319,2.610612,
1697816538217661952.000000,0.000000,0.426679,-8.009132,7.424593,2.609616,
1697816538256667136.000000,0.000000,0.422361,-8.017215,7.461310,2.608035,
1697816538286667008.000000,0.000000,0.414001,-8.023216,7.489011,2.606661,
1697816538316667136.000000,0.000000,0.405894,-8.029124,7.516316,2.605386,
1697816538355671552.000000,0.000000,0.401797,-8.036823,7.552610,2.603508,
1697816538385671424.000000,0.000000,0.394299,-8.042469,7.579992,2.601888,
1697816538415671296.000000,0.000000,0.389070,-8.048122,7.607490,2.599896,
1697816538454676736.000000,0.000000,0.385589,-8.055596,7.644323,2.596785,
1697816538484676864.000000,0.000000,0.379652,-8.061049,7.672212,2.594191,
1697816538524676864.000000,0.000000,0.374261,-8.068368,7.710011,2.590636,
1697816538553677568.000000,0.000000,0.372198,-8.073856,7.738587,2.587827,
1697816538583677440.000000,0.000000,0.365263,-8.079256,7.767354,2.584939,
1697816538623677440.000000,0.000000,0.359523,-8.085754,7.805575,2.580931,
1697816538653682432.000000,0.000000,0.356161,-8.090357,7.834247,2.577741,
1697816538692682496.000000,0.000000,0.349317,-8.096143,7.872777,2.573320,
1697816538722682368.000000,0.000000,0.342834,-8.100326,7.902256,2.569893,
1697816538752687872.000000,0.000000,0.339170,-8.104331,7.931897,2.566346,
1697816538791687680.000000,0.000000,0.332477,-8.109324,7.971886,2.561494,
1697816538821687808.000000,0.000000,0.325456,-8.112777,8.001737,2.557756,
1697816538851693056.000000,0.000000,0.321617,-8.116073,8.031614,2.554095,
1697816538890693120.000000,0.000000,0.314191,-8.120113,8.071793,2.549132,
1697816538920693248.000000,0.000000,0.306583,-8.123080,8.102695,2.545664,
1697816538950698496.000000,0.000000,0.300907,-8.125908,8.133945,2.542131,
1697816538989698560.000000,0.000000,0.293036,-8.129459,8.176104,2.537263,
1697816539019698688.000000,0.000000,0.282951,-8.132090,8.207778,2.533578,
1697816539059701248.000000,0.000000,0.279180,-8.135610,8.250538,2.528832,
1697816539089701376.000000,0.000000,0.268874,-8.138069,8.282922,2.525149,
1697816539118701312.000000,0.000000,0.260522,-8.140502,8.316072,2.521715,
1697816539158706432.000000,0.000000,0.255932,-8.143685,8.360629,2.517279,
1697816539188706560.000000,0.000000,0.247033,-8.145960,8.394357,2.513945,
1697816539217706496.000000,0.000000,0.238531,-8.147832,8.428347,2.510847,
1697816539257711616.000000,0.000000,0.234223,-8.149843,8.473796,2.506928,
1697816539287711744.000000,0.000000,0.226310,-8.151269,8.507998,2.504134,
1697816539317711616.000000,0.000000,0.219006,-8.152934,8.542200,2.501327,
1697816539356716288.000000,0.000000,0.215456,-8.155210,8.588051,2.497783,
1697816539386716160.000000,0.000000,0.208415,-8.156726,8.622528,2.495400,
1697816539425716224.000000,0.000000,0.201607,-8.158383,8.668947,2.492336,
1697816539455721472.000000,0.000000,0.196913,-8.159439,8.703822,2.490224,
1697816539485721344.000000,0.000000,0.191059,-8.160403,8.738727,2.488566,
1697816539524721408.000000,0.000000,0.183151,-8.161398,8.785487,2.486256,
1697816539554724864.000000,0.000000,0.180319,-8.161933,8.820411,2.484724,
1697816539584724992.000000,0.000000,0.172385,-8.162309,8.855227,2.483397,
1697816539624724992.000000,0.000000,0.164032,-8.162328,8.901357,2.481623,
1697816539653728256.000000,0.000000,0.160369,-8.162001,8.935762,2.480262,
1697816539683728384.000000,0.000000,0.153299,-8.161541,8.969981,2.479194,
1697816539723728384.000000,0.000000,0.146709,-8.160342,9.015604,2.477743,
1697816539752730880.000000,0.000000,0.143291,-8.159117,9.049680,2.476691,
1697816539782730752.000000,0.000000,0.136296,-8.157667,9.083474,2.475621,
1697816539822730752.000000,0.000000,0.129018,-8.155296,9.128356,2.474147,
1697816539852735488.000000,0.000000,0.124801,-8.153255,9.161722,2.473002,
1697816539891735552.000000,0.000000,0.116220,-8.150245,9.205929,2.471245,
1697816539921735424.000000,0.000000,0.107322,-8.147621,9.239255,2.469579,
1697816539951738880.000000,0.000000,0.102139,-8.144844,9.272421,2.467699,
1697816539990738688.000000,0.000000,0.092242,-8.141015,9.316316,2.465038,
1697816540020738816.000000,0.000000,0.082046,-8.137938,9.348702,2.463013,
1697816540050742784.000000,0.000000,0.075604,-8.134602,9.380891,2.460678,
1697816540089742848.000000,0.000000,0.066119,-8.130037,9.423605,2.457282,
1697816540119742976.000000,0.000000,0.057566,-8.126454,9.455475,2.454691,
1697816540149746176.000000,0.000000,0.053149,-8.122590,9.487123,2.451868,
1697816540189746176.000000,0.000000,0.045747,-8.117165,9.529008,2.447752,
1697816540218746112.000000,0.000000,0.038793,-8.113079,9.560340,2.444551,
1697816540258750976.000000,0.000000,0.034890,-8.107164,9.601741,2.439932,
1697816540287751168.000000,0.000000,0.027309,-8.102472,9.632605,2.436490,
1697816540317751040.000000,0.000000,0.020111,-8.097237,9.663120,2.433024,
1697816540357754112.000000,0.000000,0.016463,-8.089738,9.703291,2.428387,
1697816540387753984.000000,0.000000,0.009846,-8.083757,9.733172,2.425128,
1697816540426754048.000000,0.000000,0.003141,-8.075849,9.772601,2.420717,
1697816540456758272.000000,0.000000,-0.000281,-8.069679,9.801975,2.417409,
1697816540486758144.000000,0.000000,-0.006665,-8.063277,9.831222,2.414430,
1697816540515758080.000000,0.000000,-0.012807,-8.056439,9.860249,2.411489,
1697816540555763200.000000,0.000000,-0.016163,-8.046906,9.898775,2.407774,
1697816540585763072.000000,0.000000,-0.023470,-8.039639,9.927629,2.405220,
1697816540624763136.000000,0.000000,-0.031831,-8.029984,9.966315,2.402253,
1697816540654767616.000000,0.000000,-0.034755,-8.022657,9.995444,2.400105,
1697816540684767744.000000,0.000000,-0.043865,-8.015265,10.024703,2.398221,
1697816540723767808.000000,0.000000,-0.052547,-8.005077,10.063648,2.396143,
1697816540753772544.000000,0.000000,-0.057334,-7.997221,10.092925,2.394661,
1697816540783772672.000000,0.000000,-0.066962,-7.989397,10.122444,2.393433,
1697816540822772480.000000,0.000000,-0.075846,-7.978907,10.161634,2.391707,
1697816540852776960.000000,0.000000,-0.080850,-7.971007,10.191130,2.390368,
1697816540892776960.000000,0.000000,-0.090350,-7.960389,10.230702,2.388774,
1697816540922776832.000000,0.000000,-0.099529,-7.952313,10.260413,2.387863,
1697816540951781376.000000,0.000000,-0.103704,-7.944030,10.290187,2.386778,
1697816540991781376.000000,0.000000,-0.111778,-7.932842,10.329912,2.385232,
1697816541021781504.000000,0.000000,-0.118468,-7.924331,10.359833,2.384122,
1697816541050785792.000000,0.000000,-0.122906,-7.915670,10.389489,2.382850,
1697816541090785792.000000,0.000000,-0.128388,-7.903906,10.428650,2.381016,
1697816541120785920.000000,0.000000,-0.134368,-7.895058,10.457618,2.379576,
1697816541149791488.000000,0.000000,-0.138671,-7.886205,10.486228,2.378120,
1697816541189791488.000000,0.000000,-0.144907,-7.874319,10.523605,2.376162,
1697816541219791360.000000,0.000000,-0.150818,-7.865506,10.551368,2.374655,
1697816541258796288.000000,0.000000,-0.153929,-7.853835,10.587694,2.372688,
1697816541289796352.000000,0.000000,-0.160146,-7.845092,10.614454,2.371265,
1697816541318796288.000000,0.000000,-0.166166,-7.836338,10.640432,2.369887,
1697816541358800640.000000,0.000000,-0.169909,-7.824678,10.674275,2.368240,
1697816541388800768.000000,0.000000,-0.176977,-7.815868,10.699288,2.367229,
1697816541417800704.000000,0.000000,-0.184312,-7.807171,10.724229,2.366829,
1697816541457805312.000000,0.000000,-0.188090,-7.795545,10.756947,2.366765,
1697816541486805248.000000,0.000000,-0.195755,-7.786710,10.781037,2.367125,
1697816541516805376.000000,0.000000,-0.203047,-7.777802,10.804914,2.367722,
1697816541556810752.000000,0.000000,-0.206491,-7.765690,10.836129,2.368881,
1697816541586810624.000000,0.000000,-0.212788,-7.756331,10.859049,2.370054,
1697816541625810688.000000,0.000000,-0.218022,-7.743561,10.888954,2.372072,
1697816541655816192.000000,0.000000,-0.221483,-7.733703,10.910918,2.374027,
1697816541684816128.000000,0.000000,-0.225987,-7.723624,10.932555,2.376294,
1697816541724816128.000000,0.000000,-0.231484,-7.710170,10.961318,2.379499,
1697816541754820864.000000,0.000000,-0.233269,-7.699791,10.982769,2.382061,
1697816541784820992.000000,0.000000,-0.239116,-7.689038,11.003973,2.384785,
1697816541823820800.000000,0.000000,-0.244185,-7.674236,11.031831,2.388662,
1697816541853824256.000000,0.000000,-0.247326,-7.662728,11.052499,2.391669,
1697816541893824256.000000,0.000000,-0.253328,-7.646918,11.080115,2.395747,
1697816541922824192.000000,0.000000,-0.259951,-7.634876,11.101421,2.398874,
1697816541952829696.000000,0.000000,-0.263196,-7.622508,11.122798,2.401982,
1697816541982829568.000000,0.000000,-0.269900,-7.609861,11.144336,2.405064,
1697816542021829632.000000,0.000000,-0.276393,-7.592854,11.173196,2.409334,
1697816542051832320.000000,0.000000,-0.279589,-7.579905,11.195115,2.412546,
1697816542091832320.000000,0.000000,-0.285257,-7.562251,11.224609,2.416508,
1697816542120832512.000000,0.000000,-0.291291,-7.549088,11.246699,2.419399,
1697816542150836736.000000,0.000000,-0.293370,-7.535692,11.268969,2.422053,
1697816542190836736.000000,0.000000,-0.298627,-7.517674,11.299040,2.425282,
1697816542220836864.000000,0.000000,-0.303917,-7.503920,11.321959,2.427824,
1697816542259840512.000000,0.000000,-0.305785,-7.485490,11.352758,2.430802,
1697816542289840384.000000,0.000000,-0.310973,-7.471552,11.376070,2.432840,
1697816542319840256.000000,0.000000,-0.314809,-7.457439,11.399212,2.434554,
1697816542358845184.000000,0.000000,-0.318141,-7.438630,11.430453,2.436710,
1697816542388845312.000000,0.000000,-0.323904,-7.424473,11.454126,2.438246,
1697816542418845184.000000,0.000000,-0.330166,-7.410501,11.478056,2.440027,
1697816542457849088.000000,0.000000,-0.333558,-7.391941,11.510277,2.442565,
1697816542487848960.000000,0.000000,-0.340973,-7.377942,11.534798,2.444507,
1697816542517849088.000000,0.000000,-0.348334,-7.363811,11.559764,2.446702,
1697816542556852992.000000,0.000000,-0.352366,-7.344719,11.593591,2.449765,
1697816542586852864.000000,0.000000,-0.360190,-7.330338,11.619365,2.452252,
1697816542616852992.000000,0.000000,-0.367222,-7.315968,11.645013,2.455015,
1697816542656858624.000000,0.000000,-0.370817,-7.296760,11.679470,2.458902,
1697816542685858560.000000,0.000000,-0.378737,-7.282319,11.705571,2.461993,
1697816542725858560.000000,0.000000,-0.385024,-7.262808,11.741039,2.465975,
1697816542755864064.000000,0.000000,-0.389913,-7.248117,11.767881,2.469022,
1697816542784864256.000000,0.000000,-0.397602,-7.233218,11.794910,2.472154,
1697816542824864256.000000,0.000000,-0.405043,-7.213150,11.830873,2.476223,
1697816542854868224.000000,0.000000,-0.408644,-7.197971,11.857886,2.479300,
1697816542883868160.000000,0.000000,-0.415409,-7.182575,11.884917,2.482307,
1697816542923868160.000000,0.000000,-0.421735,-7.162097,11.920861,2.486304,
1697816542953873920.000000,0.000000,-0.425312,-7.146653,11.947930,2.489356,
1697816542982873856.000000,0.000000,-0.431820,-7.131042,11.974998,2.492425,
1697816543022873856.000000,0.000000,-0.437846,-7.110483,12.011417,2.496951,
1697816543052879360.000000,0.000000,-0.441272,-7.094927,12.038748,2.500625,
1697816543091879424.000000,0.000000,-0.447998,-7.074025,12.074995,2.505985,
1697816543121879296.000000,0.000000,-0.454690,-7.057619,12.101853,2.510654,
1697816543151884800.000000,0.000000,-0.458182,-7.041188,12.128496,2.515636,
1697816543191884800.000000,0.000000,-0.465060,-7.019190,12.163443,2.522746,
1697816543220884736.000000,0.000000,-0.471181,-7.002642,12.189169,2.528360,
1697816543250890240.000000,0.000000,-0.475484,-6.986206,12.214499,2.534211,
1697816543290890240.000000,0.000000,-0.481068,-6.964223,12.247622,2.542300,
1697816543319890432.000000,0.000000,-0.488006,-6.947570,12.272181,2.548397,
1697816543349893888.000000,0.000000,-0.491086,-6.930922,12.296288,2.554481,
1697816543389893888.000000,0.000000,-0.496297,-6.908885,12.327741,2.562757,
1697816543418893824.000000,0.000000,-0.502846,-6.892691,12.350924,2.569168,
1697816543458897152.000000,0.000000,-0.506076,-6.871036,12.381470,2.577847,
1697816543488897280.000000,0.000000,-0.512591,-6.854817,12.403906,2.584323,
1697816543518897152.000000,0.000000,-0.519650,-6.838417,12.425934,2.590667,
1697816543557897984.000000,0.000000,-0.523576,-6.816622,12.455042,2.599178,
1697816543587897856.000000,0.000000,-0.531723,-6.800088,12.476784,2.605274,
1697816543626897920.000000,0.000000,-0.539638,-6.777912,12.505756,2.613149,
1697816543656902144.000000,0.000000,-0.544018,-6.761210,12.527572,2.618821,
1697816543686902016.000000,0.000000,-0.552011,-6.744355,12.549267,2.624183,
1697816543726902016.000000,0.000000,-0.559433,-6.722242,12.578591,2.631155,
1697816543755906560.000000,0.000000,-0.562994,-6.705626,12.600676,2.636029,
1697816543785906688.000000,0.000000,-0.570251,-6.688851,12.622684,2.640647,
1697816543825906688.000000,0.000000,-0.575291,-6.666419,12.652048,2.646602,
1697816543855911424.000000,0.000000,-0.579075,-6.649496,12.673891,2.650613,
1697816543884911360.000000,0.000000,-0.584556,-6.632526,12.695659,2.654352,
1697816543924911360.000000,0.000000,-0.589661,-6.609323,12.724814,2.658857,
1697816543953915904.000000,0.000000,-0.592400,-6.591598,12.746346,2.661651,
1697816543983916032.000000,0.000000,-0.597279,-6.573809,12.767673,2.664030,
1697816544023916032.000000,0.000000,-0.602249,-6.549664,12.795755,2.666903,
1697816544053920000.000000,0.000000,-0.604876,-6.531224,12.816491,2.668763,
1697816544092920064.000000,0.000000,-0.610380,-6.506493,12.843572,2.670662,
1697816544122919936.000000,0.000000,-0.615561,-6.487717,12.863728,2.672377,
1697816544152922624.000000,0.000000,-0.618556,-6.468725,12.883506,2.673747,
1697816544191922688.000000,0.000000,-0.624127,-6.443065,12.909329,2.675467,
1697816544221922560.000000,0.000000,-0.629563,-6.423545,12.928231,2.677244,
1697816544251926016.000000,0.000000,-0.632436,-6.403638,12.946683,2.678835,
1697816544290925824.000000,0.000000,-0.638158,-6.376762,12.970917,2.681232,
1697816544320925952.000000,0.000000,-0.644719,-6.356268,12.989073,2.682990,
1697816544350930432.000000,0.000000,-0.647235,-6.335494,13.006833,2.684888,
1697816544389930496.000000,0.000000,-0.653204,-6.307450,13.030105,2.688061,
1697816544419930624.000000,0.000000,-0.660621,-6.286111,13.047386,2.690637,
1697816544449933056.000000,0.000000,-0.664026,-6.264469,13.064413,2.693354,
1697816544489933056.000000,0.000000,-0.670350,-6.235449,13.086843,2.697632,
1697816544518932992.000000,0.000000,-0.676049,-6.213785,13.103294,2.700816,
1697816544558937344.000000,0.000000,-0.679103,-6.184809,13.124736,2.705158,
1697816544588937472.000000,0.000000,-0.684582,-6.163019,13.140769,2.708700,
1697816544617937408.000000,0.000000,-0.689751,-6.140859,13.156646,2.711991,
1697816544657942272.000000,0.000000,-0.692656,-6.111116,13.177780,2.716667,
1697816544687942144.000000,0.000000,-0.698173,-6.088738,13.193468,2.720000,
1697816544726942208.000000,0.000000,-0.703721,-6.058793,13.214343,2.724614,
1697816544756949504.000000,0.000000,-0.706653,-6.036316,13.229930,2.727958,
1697816544786949376.000000,0.000000,-0.712635,-6.013771,13.245564,2.731091,
1697816544825949440.000000,0.000000,-0.718654,-5.983845,13.266324,2.735137,
1697816544855952384.000000,0.000000,-0.721854,-5.961382,13.281843,2.737869,
1697816544885952512.000000,0.000000,-0.728075,-5.938817,13.297376,2.740332,
1697816544924952576.000000,0.000000,-0.735073,-5.908407,13.317657,2.743325,
1697816544954957824.000000,0.000000,-0.739395,-5.885394,13.332788,2.745187,
1697816544984957952.000000,0.000000,-0.747417,-5.862069,13.347973,2.746912,
1697816545023958016.000000,0.000000,-0.754693,-5.830754,13.368128,2.749199,
1697816545053960960.000000,0.000000,-0.758566,-5.806946,13.383156,2.750920,
1697816545083960832.000000,0.000000,-0.765919,-5.782937,13.398058,2.752470,
1697816545123960832.000000,0.000000,-0.772824,-5.750499,13.417374,2.754914,
1697816545152965632.000000,0.000000,-0.775921,-5.725929,13.431572,2.756709,
1697816545192965632.000000,0.000000,-0.781728,-5.692972,13.450309,2.759438,
1697816545222965504.000000,0.000000,-0.786733,-5.668008,13.464339,2.761545,
1697816545251969024.000000,0.000000,-0.789480,-5.643079,13.478148,2.763788,
1697816545291969024.000000,0.000000,-0.794296,-5.609677,13.496340,2.767143,
1697816545321968896.000000,0.000000,-0.798730,-5.584518,13.509834,2.769464,
1697816545351971840.000000,0.000000,-0.801135,-5.559446,13.523220,2.772016,
1697816545390971904.000000,0.000000,-0.807028,-5.525800,13.540838,2.775650,
1697816545420972032.000000,0.000000,-0.811058,-5.500628,13.553758,2.778500,
1697816545450977024.000000,0.000000,-0.814439,-5.475541,13.566685,2.781530,
1697816545489977088.000000,0.000000,-0.819984,-5.442015,13.583576,2.785716,
1697816545519976960.000000,0.000000,-0.824675,-5.416532,13.596228,2.788614,
1697816545559983616.000000,0.000000,-0.828609,-5.382553,13.612997,2.792722,
1697816545588983552.000000,0.000000,-0.834887,-5.357038,13.625427,2.795742,
1697816545618983424.000000,0.000000,-0.840718,-5.331614,13.637774,2.798591,
1697816545658987520.000000,0.000000,-0.843854,-5.297863,13.654127,2.802308,
1697816545687987712.000000,0.000000,-0.849821,-5.272408,13.666268,2.804870,
1697816545717987584.000000,0.000000,-0.856429,-5.246874,13.678429,2.807508,
1697816545757991680.000000,0.000000,-0.859746,-5.212693,13.694489,2.810736,
1697816545787991552.000000,0.000000,-0.866791,-5.186900,13.706424,2.812937,
1697816545826991616.000000,0.000000,-0.873511,-5.152428,13.722223,2.815896,
1697816545856997888.000000,0.000000,-0.876730,-5.126357,13.733953,2.817899,
1697816545886997760.000000,0.000000,-0.882740,-5.100244,13.745660,2.819751,
1697816545915997696.000000,0.000000,-0.888733,-5.073659,13.757439,2.821434,
1697816545956003328.000000,0.000000,-0.892558,-5.037849,13.773172,2.823573,
1697816545986003200.000000,0.000000,-0.897810,-5.010726,13.784903,2.824947,
1697816546025003264.000000,0.000000,-0.904174,-4.974758,13.800528,2.826408,
1697816546055007744.000000,0.000000,-0.908271,-4.947716,13.812121,2.827300,
1697816546085007872.000000,0.000000,-0.914815,-4.920351,13.823668,2.827956,
1697816546124007936.000000,0.000000,-0.921543,-4.883415,13.839392,2.828487,
1697816546154010880.000000,0.000000,-0.925173,-4.855358,13.851089,2.828568,
1697816546184010752.000000,0.000000,-0.932145,-4.827262,13.862761,2.828598,
1697816546223010816.000000,0.000000,-0.938866,-4.789460,13.877854,2.828557,
1697816546253016064.000000,0.000000,-0.942300,-4.761079,13.889026,2.828447,
1697816546293016064.000000,0.000000,-0.948154,-4.723038,13.903683,2.827955,
1697816546323015936.000000,0.000000,-0.953956,-4.694172,13.914347,2.827941,
1697816546352018944.000000,0.000000,-0.957062,-4.665323,13.924827,2.827777,
1697816546392018944.000000,0.000000,-0.962599,-4.626791,13.938534,2.827286,
1697816546422019072.000000,0.000000,-0.967166,-4.597819,13.948750,2.826947,
1697816546451023616.000000,0.000000,-0.969833,-4.568750,13.958633,2.826269,
1697816546491023616.000000,0.000000,-0.975667,-4.530006,13.971555,2.825524,
1697816546521023744.000000,0.000000,-0.982425,-4.500896,13.981060,2.825071,
1697816546550029568.000000,0.000000,-0.985620,-4.471718,13.990310,2.824531,
1697816546590029568.000000,0.000000,-0.992273,-4.432750,14.002365,2.823861,
1697816546620029440.000000,0.000000,-0.999029,-4.403510,14.011317,2.823500,
1697816546660034048.000000,0.000000,-1.002819,-4.364297,14.023101,2.822934,
1697816546689034240.000000,0.000000,-1.010456,-4.334790,14.031743,2.822598,
1697816546719034112.000000,0.000000,-1.018082,-4.305238,14.040310,2.822084,
1697816546758039296.000000,0.000000,-1.022477,-4.265685,14.051533,2.821510,
1697816546788039168.000000,0.000000,-1.030621,-4.235952,14.059813,2.821242,
1697816546818039296.000000,0.000000,-1.037985,-4.206089,14.067977,2.820997,
1697816546858045184.000000,0.000000,-1.041638,-4.166227,14.078749,2.820990,
1697816546887045120.000000,0.000000,-1.048694,-4.136247,14.086658,2.820879,
1697816546917045248.000000,0.000000,-1.054825,-4.106223,14.094411,2.820868,
1697816546957050624.000000,0.000000,-1.058367,-4.066074,14.104540,2.820755,
1697816546986050560.000000,0.000000,-1.065367,-4.035815,14.111897,2.820770,
1697816547026050560.000000,0.000000,-1.072877,-3.995459,14.121289,2.820526,
1697816547056053248.000000,0.000000,-1.075493,-3.965072,14.128037,2.820329,
1697816547086053376.000000,0.000000,-1.083143,-3.934569,14.134416,2.820059,
1697816547125053440.000000,0.000000,-1.088806,-3.893400,14.142460,2.820032,
1697816547155056896.000000,0.000000,-1.092792,-3.862360,14.148011,2.819991,
1697816547185057024.000000,0.000000,-1.099612,-3.831200,14.153255,2.819860,
1697816547224056832.000000,0.000000,-1.105892,-3.789439,14.159445,2.819718,
1697816547254061056.000000,0.000000,-1.109403,-3.758111,14.163651,2.819436,
1697816547294061056.000000,0.000000,-1.116454,-3.716171,14.168945,2.819078,
1697816547323060992.000000,0.000000,-1.122727,-3.684701,14.172792,2.818574,
1697816547353065216.000000,0.000000,-1.126062,-3.653234,14.176528,2.818089,
1697816547393065216.000000,0.000000,-1.132069,-3.611294,14.181197,2.817361,
1697816547422065152.000000,0.000000,-1.137230,-3.580228,14.184743,2.816833,
1697816547452067840.000000,0.000000,-1.140198,-3.549057,14.188096,2.816335,
1697816547492067840.000000,0.000000,-1.145789,-3.507545,14.192243,2.815511,
1697816547521067776.000000,0.000000,-1.151815,-3.476178,14.195039,2.815156,
1697816547551069952.000000,0.000000,-1.155826,-3.444880,14.197552,2.814633,
1697816547591069952.000000,0.000000,-1.162811,-3.403185,14.200710,2.813938,
1697816547620069888.000000,0.000000,-1.169362,-3.371889,14.202952,2.813514,
1697816547650075392.000000,0.000000,-1.173112,-3.340566,14.204961,2.813036,
1697816547690075392.000000,0.000000,-1.180659,-3.298805,14.207544,2.812423,
1697816547720075264.000000,0.000000,-1.187305,-3.267490,14.209330,2.811854,
1697816547759079936.000000,0.000000,-1.192254,-3.225760,14.211623,2.811221,
1697816547789080064.000000,0.000000,-1.199546,-3.194483,14.213345,2.810664,
1697816547819079936.000000,0.000000,-1.206156,-3.163382,14.215132,2.809895,
1697816547858084608.000000,0.000000,-1.209641,-3.121964,14.217878,2.808966,
1697816547888084480.000000,0.000000,-1.215462,-3.090854,14.219890,2.807995,
1697816547918084608.000000,0.000000,-1.221247,-3.059734,14.221785,2.807017,
1697816547957088512.000000,0.000000,-1.224467,-3.018137,14.224418,2.805788,
1697816547987088384.000000,0.000000,-1.230737,-2.986888,14.226315,2.804758,
1697816548017088512.000000,0.000000,-1.236687,-2.955429,14.228366,2.803477,
1697816548056093696.000000,0.000000,-1.241198,-2.913262,14.231244,2.801845,
1697816548086093824.000000,0.000000,-1.247378,-2.881636,14.233341,2.800548,
1697816548116093952.000000,0.000000,-1.254739,-2.850021,14.235411,2.799112,
1697816548156097024.000000,0.000000,-1.259069,-2.807908,14.238166,2.797275,
1697816548185096960.000000,0.000000,-1.267858,-2.776320,14.239998,2.795728,
1697816548225096960.000000,0.000000,-1.275139,-2.734699,14.242125,2.793967,
1697816548255099136.000000,0.000000,-1.278189,-2.703515,14.243575,2.792890,
1697816548284099072.000000,0.000000,-1.286812,-2.672183,14.244888,2.791810,
1697816548324099072.000000,0.000000,-1.293734,-2.630125,14.246248,2.790759,
1697816548354105088.000000,0.000000,-1.297516,-2.598472,14.246959,2.790041,
1697816548393105152.000000,0.000000,-1.304265,-2.556173,14.247523,2.789056,
1697816548423105024.000000,0.000000,-1.310699,-2.524037,14.248112,2.788633,
1697816548453109760.000000,0.000000,-1.314343,-2.491860,14.248345,2.788177,
1697816548492109824.000000,0.000000,-1.321538,-2.448924,14.248073,2.787800,
1697816548522109696.000000,0.000000,-1.328860,-2.416944,14.247942,2.787625,
1697816548552114688.000000,0.000000,-1.332846,-2.385009,14.247336,2.787532,
1697816548591114496.000000,0.000000,-1.340444,-2.342727,14.245786,2.787375,
1697816548621114624.000000,0.000000,-1.348462,-2.311351,14.244115,2.787252,
1697816548661116672.000000,0.000000,-1.351970,-2.269727,14.241290,2.786827,
1697816548691116544.000000,0.000000,-1.357400,-2.238765,14.238664,2.786474,
1697816548720116736.000000,0.000000,-1.362872,-2.207893,14.235824,2.785844,
1697816548750122240.000000,0.000000,-1.366741,-2.177094,14.232632,2.785172,
1697816548790122240.000000,0.000000,-1.371835,-2.136219,14.228271,2.784133,
1697816548819122176.000000,0.000000,-1.376625,-2.105361,14.225096,2.783298,
1697816548859125760.000000,0.000000,-1.378935,-2.064281,14.220692,2.781795,
1697816548889125888.000000,0.000000,-1.382737,-2.033638,14.217287,2.780630,
1697816548918125824.000000,0.000000,-1.386647,-2.003347,14.214255,2.779607,
1697816548958128896.000000,0.000000,-1.388979,-1.963280,14.210343,2.778390,
1697816548988128768.000000,0.000000,-1.393475,-1.933442,14.207790,2.777610,
1697816549018128896.000000,0.000000,-1.399066,-1.903983,14.205569,2.776692,
1697816549057133312.000000,0.000000,-1.402718,-1.865127,14.203224,2.775591,
1697816549087133184.000000,0.000000,-1.410174,-1.836194,14.201763,2.774663,
1697816549127133184.000000,0.000000,-1.418759,-1.797551,14.200626,2.773406,
1697816549156134912.000000,0.000000,-1.423427,-1.768710,14.199955,2.772201,
1697816549186135040.000000,0.000000,-1.432049,-1.739935,14.199730,2.770778,
1697816549216135168.000000,0.000000,-1.440327,-1.711499,14.200073,2.769117,
1697816549255140096.000000,0.000000,-1.445763,-1.673620,14.200818,2.766281,
1697816549285140224.000000,0.000000,-1.453951,-1.645164,14.201610,2.763762,
1697816549325140224.000000,0.000000,-1.461731,-1.607296,14.202287,2.759885,
1697816549354145024.000000,0.000000,-1.465674,-1.578927,14.202424,2.756425,
1697816549384144896.000000,0.000000,-1.473464,-1.550472,14.202550,2.752735,
1697816549424144896.000000,0.000000,-1.481061,-1.512376,14.203094,2.747295,
1697816549453147648.000000,0.000000,-1.485299,-1.483685,14.203088,2.743001,
1697816549483147520.000000,0.000000,-1.493510,-1.455035,14.202578,2.738324,
1697816549523147520.000000,0.000000,-1.501268,-1.416568,14.201162,2.732834,
1697816549553153280.000000,0.000000,-1.505486,-1.387551,14.199389,2.728740,
1697816549592153088.000000,0.000000,-1.513562,-1.348793,14.195910,2.723234,
1697816549622153216.000000,0.000000,-1.521289,-1.319648,14.192451,2.719048,
1697816549662158848.000000,0.000000,-1.525176,-1.280713,14.186812,2.713683,
1697816549691158784.000000,0.000000,-1.532452,-1.251420,14.181762,2.709706,
1697816549721158912.000000,0.000000,-1.537934,-1.222316,14.176330,2.705635,
1697816549761164032.000000,0.000000,-1.540811,-1.183385,14.168023,2.700652,
1697816549790163968.000000,0.000000,-1.546532,-1.154060,14.161183,2.697054,
1697816549820164096.000000,0.000000,-1.550881,-1.124758,14.153909,2.693423,
1697816549850167296.000000,0.000000,-1.553243,-1.095487,14.146300,2.689735,
1697816549889167360.000000,0.000000,-1.557476,-1.056283,14.135229,2.684766,
1697816549919167232.000000,0.000000,-1.561192,-1.026850,14.126569,2.680856,
1697816549959173632.000000,0.000000,-1.563240,-0.987435,14.114522,2.675639,
1697816549989173760.000000,0.000000,-1.567423,-0.957667,14.105118,2.671595,
1697816550018173696.000000,0.000000,-1.572171,-0.927888,14.095284,2.667359,
1697816550058177792.000000,0.000000,-1.574965,-0.888097,14.081771,2.661400,
1697816550088177664.000000,0.000000,-1.581495,-0.858347,14.071260,2.656721,
1697816550117177856.000000,0.000000,-1.588962,-0.828711,14.060835,2.652155,
1697816550157181184.000000,0.000000,-1.593081,-0.789325,14.046737,2.646181,
1697816550187181056.000000,0.000000,-1.601633,-0.759716,14.036043,2.641805,
1697816550216181248.000000,0.000000,-1.610433,-0.730310,14.025323,2.637069,
1697816550256186880.000000,0.000000,-1.615246,-0.691218,14.010842,2.630759,
1697816550286186752.000000,0.000000,-1.624887,-0.662040,13.999881,2.625875,
1697816550325186816.000000,0.000000,-1.632982,-0.623344,13.984702,2.619427,
1697816550355192064.000000,0.000000,-1.636972,-0.594460,13.973008,2.614732,
1697816550385192192.000000,0.000000,-1.644221,-0.565663,13.961271,2.609997,
1697816550425192192.000000,0.000000,-1.650709,-0.527398,13.945724,2.603817,
1697816550454196992.000000,0.000000,-1.653865,-0.498906,13.933715,2.599272,
1697816550484196864.000000,0.000000,-1.659547,-0.470449,13.921428,2.594885,
1697816550524196864.000000,0.000000,-1.664350,-0.432975,13.904775,2.589430,
1697816550553202432.000000,0.000000,-1.667131,-0.405174,13.891836,2.585533,
1697816550593202432.000000,0.000000,-1.672049,-0.368208,13.874054,2.580623,
1697816550623202304.000000,0.000000,-1.677127,-0.340364,13.860157,2.577458,
1697816550652207104.000000,0.000000,-1.680232,-0.312605,13.845901,2.574649,
1697816550692207104.000000,0.000000,-1.685343,-0.275708,13.826674,2.571305,
1697816550722207232.000000,0.000000,-1.690003,-0.248220,13.812166,2.569091,
1697816550752210944.000000,0.000000,-1.692865,-0.220771,13.797540,2.566952,
1697816550791210752.000000,0.000000,-1.697261,-0.184008,13.777657,2.564325,
1697816550821210880.000000,0.000000,-1.703122,-0.156521,13.762706,2.562481,
1697816550861215488.000000,0.000000,-1.705570,-0.119685,13.742457,2.560195,
