1698765336536087296.000000,0.000000,-0.444887,-3.791006,-0.929607,8.099578,
1698765336566087168.000000,0.000000,-0.451131,-3.775220,-0.905687,8.098927,
1698765336605087232.000000,0.000000,-0.455429,-3.753933,-0.873059,8.097519,
1698765336635095552.000000,0.000000,-0.462420,-3.738002,-0.848670,8.096193,
1698765336665095424.000000,0.000000,-0.468234,-3.721990,-0.824241,8.094522,
1698765336704095488.000000,0.000000,-0.472747,-3.700373,-0.791667,8.091837,
1698765336734103040.000000,0.000000,-0.479995,-3.684135,-0.767202,8.089710,
1698765336764102912.000000,0.000000,-0.486863,-3.667878,-0.742855,8.087554,
1698765336803102976.000000,0.000000,-0.490459,-3.646151,-0.710647,8.084825,
1698765336833110528.000000,0.000000,-0.496771,-3.629812,-0.686597,8.082638,
1698765336863110656.000000,0.000000,-0.502150,-3.613441,-0.662689,8.080478,
1698765336903110656.000000,0.000000,-0.504814,-3.591293,-0.630670,8.077523,
1698765336932118528.000000,0.000000,-0.510248,-3.574723,-0.606735,8.075281,
1698765336962118656.000000,0.000000,-0.513799,-3.558150,-0.582871,8.073053,
1698765337002118656.000000,0.000000,-0.519128,-3.536079,-0.551442,8.070114,
1698765337031125760.000000,0.000000,-0.526521,-3.519528,-0.527938,8.067978,
1698765337071125760.000000,0.000000,-0.530338,-3.497374,-0.496781,8.065257,
1698765337101125632.000000,0.000000,-0.538260,-3.480639,-0.473223,8.063368,
1698765337140134144.000000,0.000000,-0.545909,-3.458242,-0.442000,8.061097,
1698765337170134016.000000,0.000000,-0.548408,-3.441082,-0.418822,8.059531,
1698765337200134144.000000,0.000000,-0.556488,-3.423665,-0.395841,8.058198,
1698765337229141760.000000,0.000000,-0.563606,-3.406183,-0.373076,8.056971,
1698765337269141760.000000,0.000000,-0.566970,-3.382472,-0.342863,8.055610,
1698765337299141888.000000,0.000000,-0.573522,-3.364504,-0.320229,8.054705,
1698765337338150400.000000,0.000000,-0.580335,-3.340383,-0.290340,8.053729,
1698765337368150272.000000,0.000000,-0.586297,-3.322185,-0.268201,8.053136,
1698765337398150144.000000,0.000000,-0.589264,-3.303699,-0.246245,8.052456,
1698765337437157632.000000,0.000000,-0.595296,-3.278954,-0.217324,8.051756,
1698765337468157696.000000,0.000000,-0.598259,-3.260219,-0.195872,8.051126,
1698765337497157632.000000,0.000000,-0.604323,-3.241287,-0.174556,8.050470,
1698765337537166336.000000,0.000000,-0.611108,-3.215819,-0.146291,8.049613,
1698765337566166528.000000,0.000000,-0.617934,-3.196625,-0.125391,8.048891,
1698765337606166528.000000,0.000000,-0.622795,-3.170881,-0.097886,8.047993,
1698765337636174592.000000,0.000000,-0.629787,-3.151368,-0.077411,8.047201,
1698765337666174464.000000,0.000000,-0.638135,-3.131541,-0.056983,8.046402,
1698765337705174528.000000,0.000000,-0.641965,-3.104743,-0.029991,8.045547,
1698765337735183104.000000,0.000000,-0.648095,-3.084504,-0.009870,8.044727,
1698765337764183040.000000,0.000000,-0.655325,-3.064076,0.010215,8.043831,
1698765337804183040.000000,0.000000,-0.658717,-3.036753,0.036967,8.042042,
1698765337834191360.000000,0.000000,-0.665756,-3.016106,0.056858,8.040650,
1698765337874191360.000000,0.000000,-0.672476,-2.988461,0.083046,8.038689,
1698765337903191296.000000,0.000000,-0.675974,-2.967592,0.102450,8.036963,
1698765337933198592.000000,0.000000,-0.682991,-2.946631,0.121611,8.035315,
1698765337973198592.000000,0.000000,-0.689828,-2.918213,0.146999,8.033213,
1698765338002198528.000000,0.000000,-0.693406,-2.896522,0.166217,8.031904,
1698765338032207872.000000,0.000000,-0.700287,-2.874597,0.185345,8.030659,
1698765338072207872.000000,0.000000,-0.706398,-2.845021,0.210210,8.029216,
1698765338101207808.000000,0.000000,-0.709655,-2.822359,0.228214,8.028386,
1698765338131215616.000000,0.000000,-0.716177,-2.799651,0.246065,8.027555,
1698765338171215616.000000,0.000000,-0.721514,-2.769216,0.269655,8.026481,
1698765338200215552.000000,0.000000,-0.725258,-2.746424,0.287382,8.025724,
1698765338240224512.000000,0.000000,-0.730486,-2.716074,0.310945,8.024901,
1698765338270224384.000000,0.000000,-0.734516,-2.693213,0.328410,8.024274,
1698765338299224576.000000,0.000000,-0.737939,-2.670129,0.345773,8.023739,
1698765338339233280.000000,0.000000,-0.744131,-2.639385,0.368777,8.023151,
1698765338369233152.000000,0.000000,-0.750247,-2.616225,0.386155,8.022705,
1698765338398233088.000000,0.000000,-0.753586,-2.593094,0.403621,8.022265,
1698765338438240256.000000,0.000000,-0.760507,-2.562186,0.426830,8.021678,
1698765338468240384.000000,0.000000,-0.766996,-2.538737,0.444237,8.021144,
1698765338498240512.000000,0.000000,-0.770563,-2.515115,0.461577,8.020497,
1698765338537247488.000000,0.000000,-0.777868,-2.483466,0.484713,8.019572,
1698765338568247552.000000,0.000000,-0.781552,-2.459626,0.502018,8.018967,
1698765338607247616.000000,0.000000,-0.788780,-2.427541,0.525063,8.018233,
1698765338636253184.000000,0.000000,-0.797401,-2.403490,0.542287,8.017641,
1698765338666253312.000000,0.000000,-0.803544,-2.379380,0.559737,8.016953,
1698765338696253184.000000,0.000000,-0.807119,-2.355253,0.577511,8.016311,
1698765338735260672.000000,0.000000,-0.814021,-2.323236,0.601113,8.015315,
1698765338765260544.000000,0.000000,-0.820503,-2.299268,0.618723,8.014399,
1698765338805260544.000000,0.000000,-0.824506,-2.267191,0.641430,8.013103,
1698765338834268672.000000,0.000000,-0.831428,-2.243173,0.658326,8.011974,
1698765338864268800.000000,0.000000,-0.838171,-2.219298,0.675203,8.010723,
1698765338904268800.000000,0.000000,-0.841828,-2.187344,0.697965,8.008715,
1698765338933275648.000000,0.000000,-0.849317,-2.163399,0.714947,8.007037,
1698765338973275648.000000,0.000000,-0.856672,-2.131448,0.737514,8.004540,
1698765339003275776.000000,0.000000,-0.860577,-2.107389,0.754595,8.002357,
1698765339032282624.000000,0.000000,-0.868664,-2.083430,0.771455,8.000166,
1698765339072282624.000000,0.000000,-0.875948,-2.051523,0.793382,7.997058,
1698765339102282752.000000,0.000000,-0.879857,-2.027461,0.809102,7.994584,
1698765339132290048.000000,0.000000,-0.887335,-2.003495,0.824508,7.992031,
1698765339171290112.000000,0.000000,-0.893943,-1.971599,0.844825,7.988538,
1698765339201289984.000000,0.000000,-0.897349,-1.947769,0.860116,7.985923,
1698765339231296768.000000,0.000000,-0.901091,-1.924003,0.875048,7.983326,
1698765339270296576.000000,0.000000,-0.902375,-1.892424,0.894273,7.979952,
1698765339300296704.000000,0.000000,-0.903506,-1.868510,0.907928,7.977651,
1698765339330306560.000000,0.000000,-0.903659,-1.844825,0.921293,7.975446,
1698765339370306560.000000,0.000000,-0.902998,-1.813340,0.938819,7.972632,
1698765339399306496.000000,0.000000,-0.902323,-1.789913,0.951857,7.970694,
1698765339429313536.000000,0.000000,-0.901066,-1.766667,0.964510,7.968825,
1698765339469313536.000000,0.000000,-0.900136,-1.736183,0.980840,7.966481,
1698765339498313728.000000,0.000000,-0.899819,-1.713660,0.992716,7.964545,
1698765339538322432.000000,0.000000,-0.899134,-1.684454,1.008001,7.962048,
1698765339568322304.000000,0.000000,-0.898792,-1.663160,1.019022,7.960206,
1698765339607322368.000000,0.000000,-0.898773,-1.635806,1.032869,7.957774,
1698765339637332480.000000,0.000000,-0.899343,-1.616249,1.042773,7.955870,
1698765339667332608.000000,0.000000,-0.900298,-1.597499,1.052235,7.953985,
1698765339696332544.000000,0.000000,-0.900742,-1.579452,1.061311,7.952101,
1698765339736339200.000000,0.000000,-0.901805,-1.556761,1.072825,7.949467,
1698765339766339072.000000,0.000000,-0.903192,-1.540798,1.081119,7.947307,
1698765339805339136.000000,0.000000,-0.904225,-1.520660,1.091653,7.944137,
1698765339835345920.000000,0.000000,-0.905573,-1.506773,1.099045,7.941651,
1698765339865345792.000000,0.000000,-0.907329,-1.493788,1.105994,7.939037,
1698765339904345856.000000,0.000000,-0.908185,-1.477565,1.114690,7.935368,
1698765339934352384.000000,0.000000,-0.910483,-1.466455,1.120816,7.932393,
1698765339964352256.000000,0.000000,-0.913151,-1.456139,1.126724,7.928999,
1698765340003352320.000000,0.000000,-0.914670,-1.443121,1.133859,7.923511,
1698765340033352192.000000,0.000000,-0.917942,-1.434196,1.138925,7.918417,
1698765340073352192.000000,0.000000,-0.921445,-1.423273,1.145383,7.909995,
1698765340102352384.000000,0.000000,-0.923234,-1.415733,1.150000,7.902339,
1698765340132360448.000000,0.000000,-0.926710,-1.408637,1.154533,7.893310,
1698765340162360320.000000,0.000000,-0.928416,-1.401961,1.158939,7.882795,
1698765340202360320.000000,0.000000,-0.931520,-1.393408,1.164166,7.866870,
1698765340231366912.000000,0.000000,-0.934833,-1.387495,1.168003,7.853076,
1698765340271366912.000000,0.000000,-0.936740,-1.380153,1.172934,7.832497,
1698765340301366784.000000,0.000000,-0.937618,-1.374947,1.176614,7.815683,
1698765340330373120.000000,0.000000,-0.938640,-1.370096,1.180193,7.797439,
1698765340370373120.000000,0.000000,-0.939476,-1.364080,1.184709,7.771460,
1698765340400373248.000000,0.000000,-0.940214,-1.359828,1.187700,7.751436,
1698765340429380096.000000,0.000000,-0.940944,-1.356005,1.190584,7.730417,
1698765340469380096.000000,0.000000,-0.942120,-1.351452,1.194050,7.701511,
1698765340499380224.000000,0.000000,-0.942596,-1.348387,1.196120,7.679982,
1698765340539385856.000000,0.000000,-0.943452,-1.344905,1.198711,7.650481,
1698765340568385792.000000,0.000000,-0.943532,-1.342751,1.200477,7.628182,
1698765340598385664.000000,0.000000,-0.943554,-1.340974,1.202050,7.605940,
1698765340637394176.000000,0.000000,-0.943608,-1.339287,1.204035,7.576437,
1698765340667394304.000000,0.000000,-0.943289,-1.338608,1.205164,7.554610,
1698765340707394304.000000,0.000000,-0.943205,-1.338385,1.205972,7.526089,
1698765340737405184.000000,0.000000,-0.942491,-1.338682,1.206583,7.505384,
1698765340766405120.000000,0.000000,-0.941269,-1.339196,1.207146,7.485166,
1698765340796405248.000000,0.000000,-0.940803,-1.339833,1.207814,7.465212,
1698765340836411392.000000,0.000000,-0.939567,-1.341215,1.208713,7.439766,
1698765340865411328.000000,0.000000,-0.938966,-1.342552,1.209424,7.421476,
1698765340905411328.000000,0.000000,-0.938296,-1.344389,1.209940,7.397061,
1698765340935419136.000000,0.000000,-0.937637,-1.345992,1.210353,7.379466,
1698765340964419072.000000,0.000000,-0.937591,-1.347742,1.210897,7.362426,
1698765341004419072.000000,0.000000,-0.937370,-1.350517,1.211063,7.339349,
1698765341034429440.000000,0.000000,-0.937921,-1.352757,1.211122,7.322485,
1698765341074429440.000000,0.000000,-0.939109,-1.355760,1.211589,7.300233,
1698765341103429376.000000,0.000000,-0.939594,-1.357952,1.212494,7.283479,
1698765341133439488.000000,0.000000,-0.940735,-1.360220,1.213490,7.266706,
1698765341173439488.000000,0.000000,-0.941929,-1.363311,1.214621,7.244040,
1698765341202439680.000000,0.000000,-0.942385,-1.365952,1.214770,7.226417,
1698765341232449792.000000,0.000000,-0.943004,-1.368611,1.214962,7.208527,
1698765341272449792.000000,0.000000,-0.943216,-1.372195,1.215301,7.184272,
1698765341301449728.000000,0.000000,-0.943035,-1.374927,1.215428,7.165638,
1698765341331457792.000000,0.000000,-0.942440,-1.377770,1.215636,7.146704,
1698765341371457792.000000,0.000000,-0.941975,-1.381539,1.215996,7.120804,
1698765341400457728.000000,0.000000,-0.941189,-1.384220,1.216491,7.100894,
1698765341430464000.000000,0.000000,-0.940907,-1.386949,1.217136,7.080539,
1698765341470464000.000000,0.000000,-0.940232,-1.390654,1.217897,7.052704,
1698765341499464192.000000,0.000000,-0.940078,-1.393437,1.218216,7.031439,
1698765341539472896.000000,0.000000,-0.939576,-1.397268,1.218641,7.002285,
1698765341569472768.000000,0.000000,-0.939311,-1.400189,1.218892,6.979839,
1698765341598472704.000000,0.000000,-0.938986,-1.403086,1.219114,6.956897,
1698765341638479360.000000,0.000000,-0.939070,-1.407158,1.219476,6.925600,
1698765341668479488.000000,0.000000,-0.939263,-1.410340,1.219615,6.901466,
1698765341698479616.000000,0.000000,-0.939617,-1.413501,1.219452,6.876554,
1698765341737487360.000000,0.000000,-0.939804,-1.417901,1.219428,6.842566,
1698765341768487424.000000,0.000000,-0.939957,-1.421432,1.219689,6.816590,
1698765341797487360.000000,0.000000,-0.939943,-1.425106,1.220148,6.790076,
1698765341836494336.000000,0.000000,-0.940400,-1.430208,1.220868,6.754261,
1698765341866494464.000000,0.000000,-0.941011,-1.434078,1.221310,6.726939,
1698765341896494336.000000,0.000000,-0.941543,-1.437931,1.221535,6.699400,
1698765341935502848.000000,0.000000,-0.942204,-1.443238,1.221873,6.662471,
1698765341965502720.000000,0.000000,-0.943305,-1.447265,1.222255,6.634718,
1698765342005502720.000000,0.000000,-0.943933,-1.452871,1.222511,6.597826,
1698765342035509760.000000,0.000000,-0.945337,-1.457192,1.222639,6.570269,
1698765342064509696.000000,0.000000,-0.945991,-1.461644,1.222673,6.543004,
1698765342104509696.000000,0.000000,-0.946162,-1.467198,1.222844,6.507102,
1698765342133517568.000000,0.000000,-0.946743,-1.471454,1.222848,6.480632,
1698765342173517568.000000,0.000000,-0.947031,-1.477338,1.222574,6.445858,
1698765342203517696.000000,0.000000,-0.947186,-1.481773,1.221901,6.420051,
1698765342233525504.000000,0.000000,-0.947572,-1.486240,1.221249,6.394670,
1698765342272525568.000000,0.000000,-0.947585,-1.492621,1.220456,6.361427,
1698765342302525440.000000,0.000000,-0.947518,-1.497756,1.219978,6.336638,
1698765342332531456.000000,0.000000,-0.947303,-1.503011,1.219442,6.312152,
1698765342371531520.000000,0.000000,-0.947732,-1.509932,1.218539,6.279749,
1698765342401531392.000000,0.000000,-0.947862,-1.514809,1.217544,6.255340,
1698765342431536640.000000,0.000000,-0.949013,-1.519798,1.216628,6.231047,
1698765342470536704.000000,0.000000,-0.950405,-1.526350,1.215486,6.198783,
1698765342500536576.000000,0.000000,-0.951386,-1.531243,1.214795,6.173894,
1698765342530544128.000000,0.000000,-0.952489,-1.536296,1.214105,6.149049,
1698765342570544128.000000,0.000000,-0.952855,-1.542984,1.212984,6.115725,
1698765342599544320.000000,0.000000,-0.953063,-1.547856,1.211940,6.090432,
1698765342629551872.000000,0.000000,-0.952685,-1.552722,1.210839,6.065132,
1698765342669551872.000000,0.000000,-0.951253,-1.559060,1.209045,6.031265,
1698765342698551808.000000,0.000000,-0.950476,-1.563637,1.207244,6.005734,
1698765342728560128.000000,0.000000,-0.948715,-1.568130,1.205397,5.979993,
1698765342768560128.000000,0.000000,-0.947970,-1.573846,1.203089,5.945424,
1698765342797560064.000000,0.000000,-0.946449,-1.577789,1.201524,5.919311,
1698765342837567488.000000,0.000000,-0.945311,-1.582797,1.199466,5.884307,
1698765342867567616.000000,0.000000,-0.944608,-1.586380,1.197885,5.857819,
1698765342906567680.000000,0.000000,-0.944339,-1.590853,1.195705,5.822047,
1698765342936573184.000000,0.000000,-0.944070,-1.593954,1.194273,5.795197,
1698765342966573056.000000,0.000000,-0.944123,-1.596889,1.192979,5.768392,
1698765343005573120.000000,0.000000,-0.944435,-1.600609,1.191914,5.733059,
1698765343035581184.000000,0.000000,-0.945264,-1.603162,1.191369,5.706524,
1698765343065581056.000000,0.000000,-0.946717,-1.605547,1.191004,5.679995,
1698765343104581120.000000,0.000000,-0.947979,-1.608455,1.190725,5.644375,
1698765343134589440.000000,0.000000,-0.949820,-1.610508,1.190721,5.617705,
1698765343174589440.000000,0.000000,-0.951239,-1.613006,1.190938,5.582201,
1698765343203589632.000000,0.000000,-0.951703,-1.614524,1.191303,5.555524,
1698765343233597440.000000,0.000000,-0.952170,-1.616022,1.191817,5.529015,
1698765343273597440.000000,0.000000,-0.952538,-1.617890,1.192633,5.493840,
1698765343303597568.000000,0.000000,-0.952835,-1.619059,1.193266,5.467557,
1698765343332605440.000000,0.000000,-0.953122,-1.620277,1.194011,5.441415,
1698765343372605440.000000,0.000000,-0.953213,-1.621880,1.195142,5.406603,
1698765343402605568.000000,0.000000,-0.953336,-1.622836,1.196141,5.380477,
1698765343431613184.000000,0.000000,-0.953516,-1.623858,1.197166,5.354452,
1698765343471613184.000000,0.000000,-0.953899,-1.625266,1.198776,5.319732,
1698765343501613056.000000,0.000000,-0.953900,-1.626170,1.200472,5.293582,
1698765343530620928.000000,0.000000,-0.954136,-1.627095,1.202165,5.267477,
1698765343570620928.000000,0.000000,-0.954084,-1.628383,1.204327,5.232680,
1698765343600620800.000000,0.000000,-0.953717,-1.629369,1.205816,5.206549,
1698765343629629184.000000,0.000000,-0.952830,-1.630275,1.207322,5.180426,
1698765343669629184.000000,0.000000,-0.951765,-1.631128,1.209068,5.145525,
1698765343699629312.000000,0.000000,-0.951132,-1.631317,1.210022,5.119229,
1698765343738634752.000000,0.000000,-0.949968,-1.631454,1.211397,5.084190,
1698765343768634880.000000,0.000000,-0.948949,-1.631301,1.212442,5.057814,
1698765343798635008.000000,0.000000,-0.948489,-1.630919,1.213563,5.031273,
1698765343838642176.000000,0.000000,-0.947478,-1.630303,1.215070,4.995805,
1698765343867642112.000000,0.000000,-0.947331,-1.629834,1.216339,4.969006,
1698765343897641984.000000,0.000000,-0.947126,-1.629316,1.217799,4.941915,
1698765343937649408.000000,0.000000,-0.947518,-1.628809,1.219587,4.905895,
1698765343966649344.000000,0.000000,-0.947880,-1.628510,1.221041,4.878839,
1698765343996649472.000000,0.000000,-0.948337,-1.628232,1.222760,4.851779,
1698765344036656640.000000,0.000000,-0.949059,-1.628116,1.224927,4.815898,
1698765344066656768.000000,0.000000,-0.949843,-1.628001,1.226449,4.789220,
1698765344105656576.000000,0.000000,-0.950316,-1.627514,1.228475,4.754043,
1698765344135663872.000000,0.000000,-0.951040,-1.627303,1.229875,4.727909,
1698765344164663808.000000,0.000000,-0.951956,-1.627226,1.231132,4.701893,
1698765344204663808.000000,0.000000,-0.952247,-1.626909,1.232899,4.667202,
1698765344234668032.000000,0.000000,-0.952250,-1.626829,1.234097,4.641281,
1698765344274668032.000000,0.000000,-0.952446,-1.626762,1.235629,4.606837,
1698765344303668224.000000,0.000000,-0.952568,-1.626556,1.236950,4.580826,
1698765344333677824.000000,0.000000,-0.952695,-1.626436,1.238085,4.554853,
1698765344373677824.000000,0.000000,-0.952870,-1.626390,1.239301,4.520210,
1698765344402677760.000000,0.000000,-0.952947,-1.626181,1.239920,4.494288,
1698765344432686848.000000,0.000000,-0.953481,-1.626210,1.240401,4.468414,
1698765344472686848.000000,0.000000,-0.954466,-1.626457,1.240762,4.433850,
1698765344501686784.000000,0.000000,-0.954739,-1.626498,1.240663,4.407935,
1698765344531693824.000000,0.000000,-0.955667,-1.626786,1.240390,4.382013,
1698765344571693824.000000,0.000000,-0.956152,-1.627335,1.240283,4.347431,
1698765344600693760.000000,0.000000,-0.956569,-1.627908,1.240804,4.321589,
1698765344630699520.000000,0.000000,-0.957314,-1.628638,1.241157,4.295628,
1698765344670699520.000000,0.000000,-0.957817,-1.629562,1.241486,4.260791,
1698765344699699712.000000,0.000000,-0.957813,-1.630068,1.241488,4.234304,
1698765344729707008.000000,0.000000,-0.957667,-1.630647,1.241462,4.207791,
1698765344769707008.000000,0.000000,-0.957235,-1.631387,1.241534,4.172635,
1698765344798707200.000000,0.000000,-0.956926,-1.631811,1.241800,4.146307,
1698765344838713344.000000,0.000000,-0.956447,-1.632321,1.241995,4.111205,
1698765344868713216.000000,0.000000,-0.956369,-1.632496,1.242134,4.084993,
1698765344898713088.000000,0.000000,-0.956464,-1.632310,1.242257,4.058682,
1698765344937720064.000000,0.000000,-0.957177,-1.632051,1.242267,4.023675,
1698765344967720192.000000,0.000000,-0.957543,-1.631947,1.242102,3.997578,
1698765344997720064.000000,0.000000,-0.957840,-1.631793,1.241233,3.971674,
1698765345037726976.000000,0.000000,-0.958444,-1.631568,1.240058,3.937182,
1698765345066726912.000000,0.000000,-0.959207,-1.631271,1.239249,3.911217,
1698765345106726912.000000,0.000000,-0.959784,-1.630323,1.238459,3.876328,
1698765345135733760.000000,0.000000,-0.960429,-1.629775,1.237732,3.850229,
1698765345165733632.000000,0.000000,-0.961027,-1.629323,1.236826,3.824121,
1698765345205733632.000000,0.000000,-0.961139,-1.628704,1.235461,3.789399,
1698765345234741248.000000,0.000000,-0.961227,-1.628434,1.234328,3.763427,
1698765345264741376.000000,0.000000,-0.961096,-1.628302,1.233165,3.737426,
1698765345304741376.000000,0.000000,-0.960949,-1.628214,1.232762,3.702672,
1698765345334747648.000000,0.000000,-0.960672,-1.628402,1.232407,3.676751,
1698765345373747712.000000,0.000000,-0.960874,-1.628544,1.231672,3.642255,
1698765345403747840.000000,0.000000,-0.960900,-1.628436,1.230718,3.616390,
1698765345433755392.000000,0.000000,-0.961212,-1.628435,1.229821,3.590654,
1698765345472755456.000000,0.000000,-0.962036,-1.628448,1.228902,3.556543,
1698765345502755328.000000,0.000000,-0.962355,-1.627870,1.228885,3.530931,
1698765345532763392.000000,0.000000,-0.963525,-1.627465,1.228793,3.505404,
1698765345571763456.000000,0.000000,-0.964079,-1.627565,1.228570,3.471438,
1698765345601763328.000000,0.000000,-0.964926,-1.628174,1.228250,3.445745,
1698765345631769856.000000,0.000000,-0.965666,-1.628882,1.227807,3.420097,
1698765345670769664.000000,0.000000,-0.966531,-1.630026,1.227135,3.386091,
1698765345700769792.000000,0.000000,-0.967073,-1.630858,1.226615,3.360789,
1698765345730777088.000000,0.000000,-0.967715,-1.631864,1.225975,3.335470,
1698765345770777088.000000,0.000000,-0.968181,-1.633211,1.225107,3.301559,
1698765345799777024.000000,0.000000,-0.968515,-1.633996,1.224687,3.275934,
1698765345829783296.000000,0.000000,-0.968718,-1.634980,1.224211,3.250282,
1698765345869783296.000000,0.000000,-0.968684,-1.636222,1.223317,3.215914,
1698765345898783232.000000,0.000000,-0.968929,-1.636711,1.222401,3.190215,
1698765345938788864.000000,0.000000,-0.969293,-1.637683,1.221175,3.156048,
1698765345967789056.000000,0.000000,-0.969522,-1.638557,1.220144,3.130357,
1698765345997788928.000000,0.000000,-0.969704,-1.638815,1.218947,3.104878,
1698765346037795840.000000,0.000000,-0.969988,-1.639414,1.217289,3.070866,
1698765346067795968.000000,0.000000,-0.970634,-1.639739,1.216235,3.045378,
1698765346106796032.000000,0.000000,-0.970815,-1.640247,1.215369,3.011628,
1698765346136804096.000000,0.000000,-0.970623,-1.640788,1.214698,2.986214,
1698765346166803968.000000,0.000000,-0.970261,-1.641432,1.214008,2.960822,
1698765346205804032.000000,0.000000,-0.969574,-1.642587,1.212840,2.926962,
1698765346235814912.000000,0.000000,-0.968594,-1.643619,1.211969,2.901497,
1698765346265814784.000000,0.000000,-0.967507,-1.644724,1.211133,2.875911,
1698765346304814848.000000,0.000000,-0.966956,-1.644848,1.210858,2.842553,
1698765346334821888.000000,0.000000,-0.966235,-1.645088,1.210662,2.817450,
1698765346364822016.000000,0.000000,-0.965800,-1.645327,1.210513,2.792146,
1698765346403822080.000000,0.000000,-0.965910,-1.645455,1.211174,2.758571,
1698765346433831936.000000,0.000000,-0.966162,-1.645660,1.211640,2.733267,
1698765346473831936.000000,0.000000,-0.966214,-1.645811,1.211914,2.699217,
1698765346503832064.000000,0.000000,-0.966622,-1.645723,1.211489,2.673360,
1698765346532837888.000000,0.000000,-0.967527,-1.645688,1.211056,2.647474,
1698765346562838016.000000,0.000000,-0.967986,-1.645718,1.210586,2.621602,
1698765346602838016.000000,0.000000,-0.969849,-1.645443,1.211105,2.587247,
1698765346631845632.000000,0.000000,-0.972156,-1.645320,1.211470,2.561515,
1698765346671845632.000000,0.000000,-0.973085,-1.644879,1.211715,2.527238,
1698765346701845504.000000,0.000000,-0.975670,-1.643949,1.211509,2.501642,
1698765346731855616.000000,0.000000,-0.977696,-1.643190,1.211213,2.476140,
1698765346770855424.000000,0.000000,-0.978639,-1.641909,1.211136,2.442135,
1698765346800855552.000000,0.000000,-0.980732,-1.640673,1.211604,2.416458,
1698765346830862848.000000,0.000000,-0.981993,-1.639521,1.212004,2.390878,
1698765346869862912.000000,0.000000,-0.982390,-1.638461,1.212813,2.356932,
1698765346899863040.000000,0.000000,-0.983563,-1.637795,1.213848,2.331508,
1698765346938870784.000000,0.000000,-0.984130,-1.637203,1.215210,2.297830,
1698765346968870656.000000,0.000000,-0.984560,-1.637018,1.216154,2.272695,
1698765346998870528.000000,0.000000,-0.984559,-1.636015,1.217022,2.247858,
1698765347038877696.000000,0.000000,-0.984815,-1.635064,1.218068,2.214703,
1698765347067877888.000000,0.000000,-0.984828,-1.634442,1.218832,2.189606,
1698765347097877760.000000,0.000000,-0.984691,-1.633773,1.219520,2.164335,
1698765347137885696.000000,0.000000,-0.984589,-1.633064,1.220494,2.130438,
1698765347166885888.000000,0.000000,-0.984298,-1.632846,1.221341,2.105018,
1698765347196885760.000000,0.000000,-0.984261,-1.632809,1.222305,2.079337,
1698765347236892928.000000,0.000000,-0.983850,-1.633050,1.223722,2.045015,
1698765347266892800.000000,0.000000,-0.983657,-1.632981,1.224987,2.019163,
1698765347305892864.000000,0.000000,-0.983426,-1.632237,1.227079,1.984795,
1698765347335900160.000000,0.000000,-0.983086,-1.631876,1.228642,1.959113,
1698765347364900096.000000,0.000000,-0.982893,-1.631557,1.230119,1.933364,
1698765347404900096.000000,0.000000,-0.982481,-1.630955,1.232146,1.898864,
1698765347434905600.000000,0.000000,-0.982180,-1.630599,1.233591,1.873142,
1698765347474905600.000000,0.000000,-0.982693,-1.630199,1.235395,1.838783,
1698765347503905536.000000,0.000000,-0.983084,-1.629679,1.236694,1.812804,
1698765347533915392.000000,0.000000,-0.984128,-1.629359,1.237950,1.786900,
1698765347572915456.000000,0.000000,-0.986106,-1.629054,1.239911,1.752692,
1698765347602915328.000000,0.000000,-0.987140,-1.629113,1.241563,1.727222,
1698765347632922624.000000,0.000000,-0.988735,-1.629439,1.243182,1.701775,
1698765347672922624.000000,0.000000,-0.990118,-1.630026,1.245273,1.667943,
1698765347701922560.000000,0.000000,-0.990729,-1.630318,1.246842,1.642901,
1698765347731930112.000000,0.000000,-0.991579,-1.630869,1.248325,1.617934,
1698765347771930112.000000,0.000000,-0.991921,-1.631821,1.250465,1.584605,
1698765347800930048.000000,0.000000,-0.992060,-1.632385,1.252534,1.559635,
1698765347830940160.000000,0.000000,-0.992103,-1.633174,1.254509,1.534736,
1698765347870940160.000000,0.000000,-0.992610,-1.634198,1.256625,1.501597,
1698765347899940096.000000,0.000000,-0.992894,-1.634721,1.257740,1.476927,
1698765347939947776.000000,0.000000,-0.993876,-1.635655,1.258979,1.443948,
1698765347969947648.000000,0.000000,-0.994808,-1.636457,1.259836,1.419154,
1698765347999947776.000000,0.000000,-0.995293,-1.637200,1.260608,1.394410,
1698765348028956416.000000,0.000000,-0.996447,-1.637985,1.261190,1.369597,
1698765348068956416.000000,0.000000,-0.996781,-1.639033,1.262152,1.336444,
1698765348098956288.000000,0.000000,-0.996792,-1.639496,1.263465,1.311222,
1698765348137963008.000000,0.000000,-0.996655,-1.640371,1.265072,1.277540,
1698765348167963136.000000,0.000000,-0.996204,-1.641150,1.266047,1.252217,
1698765348197963008.000000,0.000000,-0.995976,-1.642010,1.266792,1.226964,
1698765348236969984.000000,0.000000,-0.995340,-1.643232,1.267648,1.193259,
1698765348266970112.000000,0.000000,-0.994786,-1.643871,1.268477,1.167943,
1698765348296969984.000000,0.000000,-0.994437,-1.644019,1.269818,1.142733,
1698765348335977728.000000,0.000000,-0.993508,-1.644217,1.271446,1.108979,
1698765348365977600.000000,0.000000,-0.993019,-1.644144,1.272112,1.083784,
1698765348405977600.000000,0.000000,-0.992975,-1.643541,1.271522,1.050266,
1698765348434987520.000000,0.000000,-0.993536,-1.643360,1.270984,1.025145,
1698765348464987392.000000,0.000000,-0.994399,-1.643271,1.270359,1.000110,
1698765348504987392.000000,0.000000,-0.995154,-1.643598,1.270357,0.966985,
1698765348533993472.000000,0.000000,-0.996649,-1.644077,1.270224,0.942221,
1698765348573993472.000000,0.000000,-0.998261,-1.645016,1.270145,0.909447,
1698765348603993600.000000,0.000000,-0.999066,-1.645840,1.270358,0.885089,
1698765348634001152.000000,0.000000,-1.000361,-1.646956,1.270438,0.860885,
1698765348674001152.000000,0.000000,-1.001363,-1.648280,1.270708,0.828589,
1698765348703001088.000000,0.000000,-1.001816,-1.648583,1.271492,0.804361,
1698765348733009408.000000,0.000000,-1.002519,-1.649069,1.272096,0.780215,
1698765348772009472.000000,0.000000,-1.002626,-1.649912,1.272465,0.748139,
1698765348802009344.000000,0.000000,-1.002690,-1.650433,1.272277,0.724115,
1698765348832016640.000000,0.000000,-1.003105,-1.651109,1.271866,0.700002,
1698765348871016448.000000,0.000000,-1.003660,-1.651957,1.271210,0.667797,
1698765348901016576.000000,0.000000,-1.003960,-1.652539,1.270770,0.643661,
1698765348931023872.000000,0.000000,-1.004553,-1.653116,1.270336,0.619479,
1698765348971023872.000000,0.000000,-1.005122,-1.653575,1.269743,0.587098,
1698765349000024064.000000,0.000000,-1.005669,-1.653242,1.269221,0.562473,
1698765349030032896.000000,0.000000,-1.006163,-1.653022,1.268681,0.537874,
1698765349070032896.000000,0.000000,-1.006166,-1.652469,1.267968,0.505019,
1698765349099033088.000000,0.000000,-1.006324,-1.651461,1.267584,0.480632,
1698765349139039744.000000,0.000000,-1.006290,-1.650176,1.267094,0.448146,
1698765349169039872.000000,0.000000,-1.006122,-1.649313,1.266821,0.423746,
1698765349198039808.000000,0.000000,-1.005811,-1.648744,1.266704,0.399174,
1698765349238048000.000000,0.000000,-1.005580,-1.648039,1.266487,0.366432,
1698765349268048128.000000,0.000000,-1.005216,-1.647501,1.266368,0.341993,
1698765349307047936.000000,0.000000,-1.005410,-1.645585,1.266195,0.308932,
1698765349337053184.000000,0.000000,-1.005568,-1.644290,1.266036,0.284185,
1698765349367053312.000000,0.000000,-1.006244,-1.642804,1.266050,0.259534,
1698765349407053312.000000,0.000000,-1.006729,-1.640537,1.266485,0.226814,
1698765349436061184.000000,0.000000,-1.007801,-1.639080,1.266771,0.202326,
1698765349466061056.000000,0.000000,-1.009357,-1.637664,1.267065,0.177895,
1698765349505061120.000000,0.000000,-1.010067,-1.636037,1.267343,0.146579,
1698765349535068672.000000,0.000000,-1.011433,-1.635130,1.267491,0.123097,
1698765349565068544.000000,0.000000,-1.013372,-1.634317,1.267636,0.099607,
1698765349604068608.000000,0.000000,-1.014317,-1.632903,1.268884,0.068254,
1698765349634075648.000000,0.000000,-1.015678,-1.632157,1.269615,0.044976,
1698765349674075648.000000,0.000000,-1.016884,-1.631203,1.270159,0.014332,
1698765349704075776.000000,0.000000,-1.017500,-1.630014,1.269964,-0.008028,
1698765349733081600.000000,0.000000,-1.018298,-1.629234,1.269633,-0.029912,
1698765349773081600.000000,0.000000,-1.019182,-1.628411,1.269174,-0.058579,
1698765349803081728.000000,0.000000,-1.019162,-1.627948,1.268770,-0.079832,
1698765349832088320.000000,0.000000,-1.019589,-1.627904,1.268356,-0.100417,
1698765349872088320.000000,0.000000,-1.019459,-1.628496,1.268192,-0.126742,
1698765349902088192.000000,0.000000,-1.019618,-1.629157,1.268885,-0.145830,
1698765349931095552.000000,0.000000,-1.020232,-1.630203,1.269576,-0.163954,
1698765349972095488.000000,0.000000,-1.020691,-1.632032,1.270445,-0.187063,
1698765350001095424.000000,0.000000,-1.021275,-1.633271,1.271094,-0.203984,
1698765350030102016.000000,0.000000,-1.022415,-1.634950,1.271795,-0.220294,
1698765350070102016.000000,0.000000,-1.023127,-1.637577,1.272637,-0.241385,
1698765350100102144.000000,0.000000,-1.023301,-1.639681,1.273098,-0.256907,
1698765350130107136.000000,0.000000,-1.023146,-1.642054,1.273527,-0.272152,
1698765350169107200.000000,0.000000,-1.022755,-1.645375,1.274183,-0.292092,
1698765350199107072.000000,0.000000,-1.022434,-1.647721,1.274732,-0.306690,
1698765350229114624.000000,0.000000,-1.020525,-1.650294,1.275401,-0.321214,
1698765350269114624.000000,0.000000,-1.017904,-1.653703,1.276863,-0.340674,
1698765350298114560.000000,0.000000,-1.016739,-1.655962,1.279161,-0.355430,
1698765350338121216.000000,0.000000,-1.014907,-1.659175,1.282574,-0.375038,
1698765350367121408.000000,0.000000,-1.014239,-1.661724,1.285420,-0.389728,
1698765350407121408.000000,0.000000,-1.013657,-1.665383,1.289701,-0.409432,
1698765350437126400.000000,0.000000,-1.014243,-1.668466,1.293294,-0.424306,
1698765350466126336.000000,0.000000,-1.015678,-1.671779,1.297190,-0.439161,
1698765350506126336.000000,0.000000,-1.016119,-1.675194,1.301739,-0.458367,
1698765350536136192.000000,0.000000,-1.017172,-1.677940,1.305354,-0.472730,
1698765350566136064.000000,0.000000,-1.018180,-1.681117,1.309236,-0.487059,
1698765350605136128.000000,0.000000,-1.018858,-1.685935,1.314981,-0.505908,
1698765350635146240.000000,0.000000,-1.020513,-1.689713,1.319212,-0.519787,
1698765350665146368.000000,0.000000,-1.021871,-1.693617,1.323335,-0.533517,
1698765350704146432.000000,0.000000,-1.025700,-1.698328,1.329226,-0.550920,
1698765350734152704.000000,0.000000,-1.029933,-1.702058,1.333516,-0.563696,
1698765350774152704.000000,0.000000,-1.034871,-1.707277,1.339071,-0.580456,
1698765350803152896.000000,0.000000,-1.037114,-1.711215,1.342990,-0.592665,
1698765350833158656.000000,0.000000,-1.038616,-1.715357,1.346147,-0.603148,
1698765350873158656.000000,0.000000,-1.023042,-1.716160,1.349377,-0.605445,
1698765350902158592.000000,0.000000,-1.023590,-1.712612,1.352269,-0.603690,
1698765350932164608.000000,0.000000,-1.022698,-1.710425,1.353780,-0.602244,
1698765350972164608.000000,0.000000,-1.022973,-1.711105,1.355134,-0.602643,
1698765351001164544.000000,0.000000,-1.023124,-1.713013,1.356396,-0.605923,
1698765351031172096.000000,0.000000,-1.020995,-1.715476,1.356800,-0.609328,
1698765351071172096.000000,0.000000,-1.020522,-1.717728,1.355876,-0.611488,
1698765351100172288.000000,0.000000,-1.022438,-1.718367,1.355711,-0.612872,
1698765351140182016.000000,0.000000,-1.021645,-1.719383,1.355672,-0.614935,
1698765351170181888.000000,0.000000,-1.020543,-1.720251,1.355559,-0.616031,
1698765351199181824.000000,0.000000,-1.020761,-1.720952,1.355474,-0.617047,
1698765351239191552.000000,0.000000,-1.020390,-1.722183,1.355284,-0.618225,
1698765351269191424.000000,0.000000,-1.019823,-1.723014,1.355270,-0.619044,
1698765351299191296.000000,0.000000,-1.019600,-1.723357,1.355431,-0.619776,
1698765351338198784.000000,0.000000,-1.017895,-1.723935,1.355430,-0.621163,
1698765351368198912.000000,0.000000,-1.015937,-1.724159,1.355428,-0.621934,
1698765351398198784.000000,0.000000,-1.012494,-1.724293,1.355857,-0.622380,
1698765351437205248.000000,0.000000,-1.006008,-1.724799,1.356446,-0.622909,
1698765351477205248.000000,0.000000,-1.002461,-1.725353,1.357019,-0.623182,
1698765351507205120.000000,0.000000,-0.995711,-1.725718,1.357384,-0.623264,
1698765351536212992.000000,0.000000,-0.990559,-1.726129,1.357660,-0.623368,
1698765351566212864.000000,0.000000,-0.986613,-1.726267,1.357919,-0.623399,
1698765351606212864.000000,0.000000,-0.984730,-1.725807,1.358351,-0.623190,
1698765351635223040.000000,0.000000,-0.981986,-1.725630,1.358608,-0.623093,
1698765351665222912.000000,0.000000,-0.979915,-1.725542,1.358787,-0.623049,
1698765351705222912.000000,0.000000,-0.979149,-1.725291,1.359042,-0.622702,
1698765351734230272.000000,0.000000,-0.977701,-1.725245,1.359179,-0.622518,
1698765351774230272.000000,0.000000,-0.976688,-1.725205,1.359341,-0.622266,
1698765351804230400.000000,0.000000,-0.976179,-1.724993,1.359583,-0.621962,
1698765351834238208.000000,0.000000,-0.975228,-1.724886,1.359751,-0.621731,
1698765351874238208.000000,0.000000,-0.974289,-1.724759,1.359910,-0.621434,
1698765351903238144.000000,0.000000,-0.973807,-1.724451,1.360013,-0.621093,
1698765351933245184.000000,0.000000,-0.972750,-1.724259,1.360057,-0.620827,
1698765351972245248.000000,0.000000,-0.972203,-1.723911,1.360086,-0.620464,
1698765352002245120.000000,0.000000,-0.971051,-1.723252,1.360173,-0.620018,
1698765352032252672.000000,0.000000,-0.969703,-1.722705,1.360199,-0.619656,
1698765352072252672.000000,0.000000,-0.968930,-1.722154,1.360201,-0.619133,
1698765352101252608.000000,0.000000,-0.967508,-1.721804,1.360206,-0.618509,
1698765352131260416.000000,0.000000,-0.966291,-1.721574,1.360170,-0.617972,
1698765352171260416.000000,0.000000,-0.964962,-1.721196,1.360014,-0.617244,
1698765352200260352.000000,0.000000,-0.964257,-1.720559,1.359776,-0.616475,
1698765352230264832.000000,0.000000,-0.962664,-1.720027,1.359492,-0.615809,
1698765352270264832.000000,0.000000,-0.961240,-1.719444,1.359191,-0.615047,
1698765352299265024.000000,0.000000,-0.960514,-1.719039,1.359211,-0.614544,
1698765352339271680.000000,0.000000,-0.959178,-1.718639,1.359148,-0.613996,
1698765352369271808.000000,0.000000,-0.957901,-1.718312,1.359102,-0.613594,
1698765352398271744.000000,0.000000,-0.957155,-1.717818,1.359114,-0.613123,
1698765352438279168.000000,0.000000,-0.955859,-1.717301,1.359053,-0.612619,
1698765352468279296.000000,0.000000,-0.954444,-1.716871,1.359006,-0.612141,
1698765352507279360.000000,0.000000,-0.953786,-1.716090,1.359037,-0.611168,
1698765352537287936.000000,0.000000,-0.952208,-1.715597,1.358984,-0.610546,
1698765352567287808.000000,0.000000,-0.950826,-1.715085,1.358896,-0.609872,
1698765352606287872.000000,0.000000,-0.949952,-1.714260,1.358728,-0.608771,
1698765352636294400.000000,0.000000,-0.948398,-1.713722,1.358545,-0.608054,
1698765352666294272.000000,0.000000,-0.946774,-1.713197,1.358401,-0.607384,
1698765352705294336.000000,0.000000,-0.945880,-1.712468,1.358383,-0.606509,
1698765352735302656.000000,0.000000,-0.944552,-1.711997,1.358297,-0.605958,
1698765352765302528.000000,0.000000,-0.943212,-1.711578,1.358161,-0.605480,
1698765352804302592.000000,0.000000,-0.942609,-1.710894,1.358003,-0.604680,
1698765352834308608.000000,0.000000,-0.941179,-1.710429,1.357823,-0.604171,
1698765352864308736.000000,0.000000,-0.940010,-1.710016,1.357592,-0.603732,
1698765352904308736.000000,0.000000,-0.939196,-1.709158,1.357232,-0.603184,
1698765352933315840.000000,0.000000,-0.937761,-1.708575,1.356909,-0.602848,
1698765352973315840.000000,0.000000,-0.936988,-1.707903,1.356588,-0.602382,
1698765353003315712.000000,0.000000,-0.935592,-1.707531,1.356707,-0.601843,
1698765353032323584.000000,0.000000,-0.934777,-1.707191,1.356758,-0.601382,
1698765353072323584.000000,0.000000,-0.934140,-1.706715,1.356701,-0.600773,
1698765353102323456.000000,0.000000,-0.933722,-1.706244,1.356522,-0.600216,
1698765353131331072.000000,0.000000,-0.932607,-1.705800,1.356290,-0.599728,
1698765353171331072.000000,0.000000,-0.931594,-1.705215,1.356012,-0.599096,
1698765353201330944.000000,0.000000,-0.931012,-1.704740,1.355980,-0.598508,
1698765353230337536.000000,0.000000,-0.929954,-1.704290,1.355881,-0.597993,
1698765353270337536.000000,0.000000,-0.928816,-1.703704,1.355653,-0.597420,
1698765353300337664.000000,0.000000,-0.928456,-1.703286,1.355643,-0.596865,
1698765353339344896.000000,0.000000,-0.927676,-1.702749,1.355517,-0.596241,
1698765353370344704.000000,0.000000,-0.926968,-1.702324,1.355330,-0.595804,
1698765353399344640.000000,0.000000,-0.926569,-1.701859,1.355023,-0.595352,
1698765353439351296.000000,0.000000,-0.925692,-1.701254,1.354537,-0.594841,
1698765353468351488.000000,0.000000,-0.924942,-1.700805,1.354300,-0.594538,
1698765353498351360.000000,0.000000,-0.924656,-1.700361,1.354373,-0.594311,
1698765353538360064.000000,0.000000,-0.924321,-1.699776,1.354355,-0.594083,
1698765353567360000.000000,0.000000,-0.923804,-1.699382,1.354266,-0.593903,
1698765353607360000.000000,0.000000,-0.923727,-1.698942,1.354065,-0.593572,
1698765353637368064.000000,0.000000,-0.923456,-1.698620,1.353843,-0.593385,
1698765353666368000.000000,0.000000,-0.923118,-1.698274,1.353573,-0.593239,
1698765353706368000.000000,0.000000,-0.923065,-1.697943,1.353697,-0.592697,
1698765353736374016.000000,0.000000,-0.922966,-1.697671,1.353716,-0.592357,
1698765353765373952.000000,0.000000,-0.922852,-1.697398,1.353668,-0.592069,
1698765353805373952.000000,0.000000,-0.922774,-1.697132,1.353467,-0.591456,
1698765353835381248.000000,0.000000,-0.922692,-1.696921,1.353252,-0.591065,
1698765353875381248.000000,0.000000,-0.922445,-1.696674,1.353012,-0.590486,
1698765353904381184.000000,0.000000,-0.922426,-1.696516,1.352853,-0.590012,
1698765353934391040.000000,0.000000,-0.922222,-1.696350,1.352638,-0.589599,
1698765353974391040.000000,0.000000,-0.922028,-1.696099,1.352425,-0.589126,
1698765354003390976.000000,0.000000,-0.922027,-1.695972,1.352548,-0.588830,
1698765354033398016.000000,0.000000,-0.921966,-1.695803,1.352604,-0.588576,
1698765354073398016.000000,0.000000,-0.921988,-1.695484,1.352563,-0.588270,
1698765354102397952.000000,0.000000,-0.921744,-1.695056,1.352438,-0.588011,
1698765354132405248.000000,0.000000,-0.921374,-1.694609,1.352258,-0.587797,
1698765354172405248.000000,0.000000,-0.920946,-1.694101,1.352048,-0.587529,
1698765354201405184.000000,0.000000,-0.920823,-1.693950,1.352088,-0.587268,
1698765354231409664.000000,0.000000,-0.920788,-1.693761,1.352057,-0.587053,
1698765354271409664.000000,0.000000,-0.920731,-1.693574,1.351967,-0.586839,
1698765354300409600.000000,0.000000,-0.920794,-1.693640,1.351930,-0.586750,
1698765354340416000.000000,0.000000,-0.920995,-1.693669,1.351788,-0.586679,
1698765354370415872.000000,0.000000,-0.921047,-1.693628,1.351670,-0.586629,
1698765354400416000.000000,0.000000,-0.921166,-1.693515,1.351604,-0.586552,
1698765354429426944.000000,0.000000,-0.921162,-1.693370,1.351479,-0.586503,
1698765354469426944.000000,0.000000,-0.921044,-1.693172,1.351357,-0.586398,
1698765354499426816.000000,0.000000,-0.921109,-1.693102,1.351500,-0.586170,
1698765354538435840.000000,0.000000,-0.921130,-1.692948,1.351579,-0.585926,
1698765354569435904.000000,0.000000,-0.921074,-1.692885,1.351629,-0.585796,
1698765354607435776.000000,0.000000,-0.921189,-1.692992,1.351780,-0.585707,
1698765354637445120.000000,0.000000,-0.921289,-1.693007,1.351812,-0.585673,
1698765354667445248.000000,0.000000,-0.921276,-1.692953,1.351722,-0.585538,
1698765354707445248.000000,0.000000,-0.921250,-1.692725,1.351347,-0.585081,
1698765354736456192.000000,0.000000,-0.920998,-1.692505,1.351006,-0.584791,
1698765354766456064.000000,0.000000,-0.920899,-1.692332,1.350882,-0.584505,
1698765354806456064.000000,0.000000,-0.920717,-1.692267,1.351321,-0.584097,
1698765354835462144.000000,0.000000,-0.920825,-1.692155,1.351552,-0.583839,
1698765354865462016.000000,0.000000,-0.920835,-1.691993,1.351708,-0.583620,
1698765354905462016.000000,0.000000,-0.920844,-1.692055,1.351380,-0.583277,
1698765354934470144.000000,0.000000,-0.920788,-1.692029,1.351070,-0.583064,
1698765354964470272.000000,0.000000,-0.920723,-1.691953,1.350714,-0.582885,
1698765355004473344.000000,0.000000,-0.920778,-1.692255,1.350874,-0.582609,
1698765355034473216.000000,0.000000,-0.920925,-1.692408,1.350912,-0.582440,
1698765355063473152.000000,0.000000,-0.921002,-1.692492,1.350880,-0.582302,
1698765355103473152.000000,0.000000,-0.921172,-1.692803,1.350945,-0.581925,
1698765355133476864.000000,0.000000,-0.921343,-1.692957,1.350920,-0.581686,
1698765355172476928.000000,0.000000,-0.921388,-1.693205,1.350867,-0.581466,
1698765355202476800.000000,0.000000,-0.921519,-1.693628,1.350922,-0.581431,
1698765355232483328.000000,0.000000,-0.921728,-1.693971,1.350904,-0.581418,
1698765355272483328.000000,0.000000,-0.921841,-1.694261,1.350862,-0.581316,
1698765355301483264.000000,0.000000,-0.921863,-1.694270,1.350943,-0.581018,
1698765355331489280.000000,0.000000,-0.921764,-1.694221,1.350949,-0.580762,
1698765355371489280.000000,0.000000,-0.921593,-1.694160,1.350963,-0.580358,
1698765355400489472.000000,0.000000,-0.921603,-1.694236,1.351135,-0.579844,
1698765355430495488.000000,0.000000,-0.921585,-1.694253,1.351232,-0.579383,
1698765355470495488.000000,0.000000,-0.921506,-1.694128,1.351230,-0.578777,
1698765355499495424.000000,0.000000,-0.921407,-1.693869,1.351112,-0.578235,
1698765355539499520.000000,0.000000,-0.921179,-1.693444,1.350859,-0.577591,
1698765355569499648.000000,0.000000,-0.920856,-1.693193,1.350731,-0.577088,
1698765355598499584.000000,0.000000,-0.920847,-1.693121,1.350791,-0.576485,
1698765355638504960.000000,0.000000,-0.920767,-1.692937,1.350759,-0.575769,
1698765355668505088.000000,0.000000,-0.920748,-1.692864,1.350718,-0.575315,
1698765355697505024.000000,0.000000,-0.920835,-1.692974,1.350725,-0.574955,
1698765355737511936.000000,0.000000,-0.920974,-1.693031,1.350637,-0.574537,
1698765355767512064.000000,0.000000,-0.921075,-1.693082,1.350591,-0.574260,
1698765355806511872.000000,0.000000,-0.921233,-1.693275,1.350678,-0.573927,
1698765355836516608.000000,0.000000,-0.921396,-1.693342,1.350664,-0.573715,
1698765355866516480.000000,0.000000,-0.921472,-1.693354,1.350589,-0.573531,
1698765355905516544.000000,0.000000,-0.921575,-1.693584,1.350925,-0.573189,
1698765355935522816.000000,0.000000,-0.921712,-1.693680,1.351092,-0.572969,
1698765355965522944.000000,0.000000,-0.921811,-1.693718,1.351192,-0.572775,
1698765356004523008.000000,0.000000,-0.921791,-1.693493,1.351365,-0.572457,
1698765356034533120.000000,0.000000,-0.921715,-1.693272,1.351416,-0.572254,
1698765356064533248.000000,0.000000,-0.921528,-1.692996,1.351399,-0.572081,
1698765356104533248.000000,0.000000,-0.921470,-1.693012,1.351294,-0.571774,
1698765356133539584.000000,0.000000,-0.921405,-1.692950,1.351147,-0.571575,
1698765356163539456.000000,0.000000,-0.921343,-1.692836,1.350944,-0.571401,
1698765356203539456.000000,0.000000,-0.921292,-1.692840,1.351310,-0.571405,
1698765356232545536.000000,0.000000,-0.921316,-1.692774,1.351497,-0.571417,
1698765356273545472.000000,0.000000,-0.921333,-1.692701,1.351679,-0.571404,
1698765356302545408.000000,0.000000,-0.921429,-1.692783,1.351826,-0.571311,
1698765356331551232.000000,0.000000,-0.921523,-1.692808,1.351908,-0.571240,
1698765356372551168.000000,0.000000,-0.921554,-1.692824,1.352014,-0.571116,
1698765356401551104.000000,0.000000,-0.921611,-1.692941,1.352227,-0.570929,
1698765356430558208.000000,0.000000,-0.921755,-1.692996,1.352371,-0.570767,
1698765356470558208.000000,0.000000,-0.921778,-1.693100,1.352515,-0.570486,
1698765356500558336.000000,0.000000,-0.921891,-1.693375,1.352660,-0.570088,
1698765356530564352.000000,0.000000,-0.922024,-1.693575,1.352739,-0.569722,
1698765356569564416.000000,0.000000,-0.922112,-1.693723,1.352772,-0.569239,
1698765356599564288.000000,0.000000,-0.922103,-1.693699,1.352768,-0.568824,
1698765356638571264.000000,0.000000,-0.922047,-1.693588,1.352677,-0.568324,
1698765356668571392.000000,0.000000,-0.921923,-1.693508,1.352671,-0.568062,
1698765356698571264.000000,0.000000,-0.921902,-1.693511,1.352860,-0.567970,
1698765356738577408.000000,0.000000,-0.921879,-1.693423,1.353009,-0.567874,
1698765356768577536.000000,0.000000,-0.921839,-1.693379,1.353065,-0.567705,
1698765356797577472.000000,0.000000,-0.921807,-1.693452,1.353095,-0.567344,
1698765356837584384.000000,0.000000,-0.921800,-1.693454,1.353049,-0.566907,
1698765356867584512.000000,0.000000,-0.921784,-1.693434,1.353005,-0.566504,
1698765356906584320.000000,0.000000,-0.921771,-1.693420,1.352991,-0.565749,
1698765356936591872.000000,0.000000,-0.921736,-1.693353,1.352919,-0.565230,
1698765356965591808.000000,0.000000,-0.921671,-1.693230,1.352794,-0.564752,
1698765357005591808.000000,0.000000,-0.921687,-1.693469,1.352917,-0.564269,
1698765357035601408.000000,0.000000,-0.921769,-1.693576,1.352942,-0.563942,
1698765357065601536.000000,0.000000,-0.921780,-1.693626,1.352913,-0.563641,
1698765357104601600.000000,0.000000,-0.921823,-1.693670,1.353000,-0.563294,
1698765357134611712.000000,0.000000,-0.921831,-1.693637,1.352998,-0.563055,
1698765357174611712.000000,0.000000,-0.921797,-1.693643,1.352961,-0.562776,
1698765357203611648.000000,0.000000,-0.921813,-1.693838,1.352967,-0.562611,
1698765357233618432.000000,0.000000,-0.921819,-1.693975,1.352924,-0.562462,
1698765357273618432.000000,0.000000,-0.921816,-1.694173,1.352914,-0.562307,
1698765357302618368.000000,0.000000,-0.921858,-1.694494,1.353120,-0.562257,
1698765357332625408.000000,0.000000,-0.921985,-1.694748,1.353263,-0.562213,
1698765357372625408.000000,0.000000,-0.922049,-1.695020,1.353469,-0.562226,
1698765357401625344.000000,0.000000,-0.922135,-1.695236,1.353780,-0.562369,
1698765357431632896.000000,0.000000,-0.922218,-1.695393,1.354023,-0.562510,
1698765357471632896.000000,0.000000,-0.922226,-1.695497,1.354201,-0.562616,
1698765357500633088.000000,0.000000,-0.922210,-1.695456,1.354143,-0.562523,
1698765357530637056.000000,0.000000,-0.922089,-1.695371,1.354040,-0.562442,
1698765357570637056.000000,0.000000,-0.921933,-1.695292,1.353928,-0.562266,
1698765357599636992.000000,0.000000,-0.921899,-1.695396,1.353994,-0.561977,
1698765357639643648.000000,0.000000,-0.921853,-1.695456,1.354002,-0.561625,
1698765357669643776.000000,0.000000,-0.921766,-1.695471,1.353979,-0.561342,
1698765357699643904.000000,0.000000,-0.921762,-1.695493,1.353961,-0.560994,
1698765357738650624.000000,0.000000,-0.921703,-1.695446,1.353861,-0.560566,
1698765357768650752.000000,0.000000,-0.921646,-1.695423,1.353814,-0.560233,
1698765357798650624.000000,0.000000,-0.921629,-1.695467,1.353866,-0.559846,
1698765357837657600.000000,0.000000,-0.921591,-1.695450,1.353855,-0.559375,
1698765357867657728.000000,0.000000,-0.921567,-1.695405,1.353810,-0.559001,
1698765357897657600.000000,0.000000,-0.921540,-1.695349,1.353751,-0.558567,
1698765357936664832.000000,0.000000,-0.921485,-1.695220,1.353601,-0.558032,
1698765357966664704.000000,0.000000,-0.921383,-1.695075,1.353438,-0.557660,
1698765358006664704.000000,0.000000,-0.921348,-1.695056,1.353330,-0.557067,
1698765358035671552.000000,0.000000,-0.921296,-1.694992,1.353195,-0.556659,
1698765358065671680.000000,0.000000,-0.921243,-1.694892,1.353019,-0.556279,
1698765358105671680.000000,0.000000,-0.921238,-1.695146,1.353184,-0.555887,
1698765358134678528.000000,0.000000,-0.921293,-1.695283,1.353246,-0.555613,
1698765358174678528.000000,0.000000,-0.921356,-1.695496,1.353289,-0.555344,
1698765358204678656.000000,0.000000,-0.921402,-1.695818,1.353341,-0.555317,
1698765358234687232.000000,0.000000,-0.921513,-1.696090,1.353348,-0.555291,
1698765358273687296.000000,0.000000,-0.921577,-1.696334,1.353384,-0.555278,
1698765358303687168.000000,0.000000,-0.921586,-1.696389,1.353585,-0.555309,
1698765358333694720.000000,0.000000,-0.921596,-1.696401,1.353729,-0.555339,
1698765358372694784.000000,0.000000,-0.921542,-1.696385,1.353826,-0.555294,
1698765358402694656.000000,0.000000,-0.921504,-1.696374,1.353804,-0.555086,
1698765358432701184.000000,0.000000,-0.921404,-1.696326,1.353738,-0.554890,
1698765358471700992.000000,0.000000,-0.921353,-1.696241,1.353644,-0.554608,
1698765358501701120.000000,0.000000,-0.921220,-1.696203,1.353650,-0.554324,
1698765358531708416.000000,0.000000,-0.921139,-1.696132,1.353613,-0.554056,
1698765358571708416.000000,0.000000,-0.921011,-1.696121,1.353546,-0.553778,
1698765358600708352.000000,0.000000,-0.921030,-1.696379,1.353557,-0.553705,
1698765358640715776.000000,0.000000,-0.921060,-1.696643,1.353502,-0.553609,
1698765358670715648.000000,0.000000,-0.921059,-1.696797,1.353501,-0.553563,
1698765358699715584.000000,0.000000,-0.921086,-1.696913,1.353624,-0.553565,
1698765358739722752.000000,0.000000,-0.921085,-1.697013,1.353715,-0.553562,
1698765358769722624.000000,0.000000,-0.921097,-1.697124,1.353722,-0.553589,
1698765358798722560.000000,0.000000,-0.921098,-1.697339,1.353664,-0.553676,
1698765358838729472.000000,0.000000,-0.921085,-1.697567,1.353531,-0.553779,
1698765358868729600.000000,0.000000,-0.921051,-1.697692,1.353461,-0.553829,
1698765358907729408.000000,0.000000,-0.921019,-1.697812,1.353504,-0.553834,
1698765358937739008.000000,0.000000,-0.920986,-1.697865,1.353487,-0.553835,
1698765358967738880.000000,0.000000,-0.920926,-1.697891,1.353432,-0.553834,
1698765359006738944.000000,0.000000,-0.920911,-1.698091,1.353441,-0.553582,
1698765359036745472.000000,0.000000,-0.920873,-1.698199,1.353401,-0.553408,
1698765359067745280.000000,0.000000,-0.920843,-1.698273,1.353437,-0.553267,
1698765359105745408.000000,0.000000,-0.920829,-1.698312,1.353705,-0.553135,
1698765359135752704.000000,0.000000,-0.920765,-1.698312,1.353848,-0.553040,
1698765359165752576.000000,0.000000,-0.920710,-1.698281,1.353943,-0.552949,
1698765359204752640.000000,0.000000,-0.920677,-1.698334,1.353945,-0.552861,
1698765359234761984.000000,0.000000,-0.920640,-1.698338,1.353897,-0.552796,
1698765359274761984.000000,0.000000,-0.920577,-1.698486,1.353821,-0.552568,
1698765359304762112.000000,0.000000,-0.920587,-1.698692,1.353752,-0.552305,
1698765359333771008.000000,0.000000,-0.920576,-1.698860,1.353647,-0.552059,
1698765359363770880.000000,0.000000,-0.920571,-1.699000,1.353509,-0.551825,
1698765359403770880.000000,0.000000,-0.920559,-1.699071,1.353589,-0.551602,
1698765359432780032.000000,0.000000,-0.920528,-1.699100,1.353605,-0.551444,
1698765359473779968.000000,0.000000,-0.920487,-1.699128,1.353652,-0.551257,
1698765359502779904.000000,0.000000,-0.920458,-1.699193,1.353838,-0.551165,
1698765359531786240.000000,0.000000,-0.920454,-1.699232,1.353977,-0.551075,
1698765359571786240.000000,0.000000,-0.920407,-1.699285,1.354102,-0.550996,
1698765359601786112.000000,0.000000,-0.920410,-1.699381,1.354165,-0.551018,
1698765359630791936.000000,0.000000,-0.920374,-1.699450,1.354187,-0.551036,
1698765359670791936.000000,0.000000,-0.920343,-1.699511,1.354159,-0.551016,
1698765359700792064.000000,0.000000,-0.920317,-1.699520,1.354090,-0.550918,
1698765359739800064.000000,0.000000,-0.920237,-1.699504,1.353946,-0.550793,
1698765359769800192.000000,0.000000,-0.920169,-1.699454,1.353857,-0.550647,
1698765359799800320.000000,0.000000,-0.920121,-1.699364,1.353848,-0.550399,
1698765359838808832.000000,0.000000,-0.920061,-1.699217,1.353775,-0.550090,
1698765359868808960.000000,0.000000,-0.919954,-1.699243,1.353718,-0.549868,
1698765359898808832.000000,0.000000,-0.919976,-1.699553,1.353703,-0.549646,
1698765359938814464.000000,0.000000,-0.920003,-1.699911,1.353626,-0.549365,
1698765359967814656.000000,0.000000,-0.920023,-1.700153,1.353531,-0.549164,
1698765360007814656.000000,0.000000,-0.920049,-1.700362,1.353594,-0.549158,
1698765360037823488.000000,0.000000,-0.920055,-1.700501,1.353595,-0.549147,
1698765360066823424.000000,0.000000,-0.920061,-1.700616,1.353558,-0.549133,
1698765360106826496.000000,0.000000,-0.920041,-1.700947,1.353697,-0.549171,
1698765360136826624.000000,0.000000,-0.920058,-1.701167,1.353750,-0.549193,
1698765360166826496.000000,0.000000,-0.920055,-1.701294,1.353836,-0.549199,
1698765360205826560.000000,0.000000,-0.920027,-1.701258,1.354077,-0.549174,
1698765360235832320.000000,0.000000,-0.919973,-1.701214,1.354199,-0.549148,
1698765360275832320.000000,0.000000,-0.919904,-1.701245,1.354294,-0.549124,
1698765360304832256.000000,0.000000,-0.919881,-1.701464,1.354300,-0.549141,
1698765360334839552.000000,0.000000,-0.919842,-1.701661,1.354266,-0.549157,
1698765360374839552.000000,0.000000,-0.919823,-1.701856,1.354212,-0.549231,
1698765360403839488.000000,0.000000,-0.919796,-1.701909,1.354234,-0.549406,
1698765360433849600.000000,0.000000,-0.919769,-1.701949,1.354218,-0.549567,
1698765360473849600.000000,0.000000,-0.919711,-1.702002,1.354203,-0.549747,
1698765360502849536.000000,0.000000,-0.919692,-1.702084,1.354288,-0.549843,
1698765360532855552.000000,0.000000,-0.919645,-1.702153,1.354329,-0.549932,
1698765360572855552.000000,0.000000,-0.919606,-1.702268,1.354386,-0.550034,
1698765360601855488.000000,0.000000,-0.919609,-1.702416,1.354518,-0.550097,
1698765360631862272.000000,0.000000,-0.919583,-1.702552,1.354608,-0.550155,
1698765360671862272.000000,0.000000,-0.919594,-1.702680,1.354619,-0.550154,
1698765360700862208.000000,0.000000,-0.919551,-1.702691,1.354493,-0.549991,
1698765360730869760.000000,0.000000,-0.919496,-1.702697,1.354338,-0.549834,
1698765360770869760.000000,0.000000,-0.919463,-1.702682,1.354115,-0.549605,
1698765360799869952.000000,0.000000,-0.919376,-1.702641,1.353980,-0.549374,
1698765360839876608.000000,0.000000,-0.919306,-1.702574,1.353745,-0.549089,
1698765360869876480.000000,0.000000,-0.919226,-1.702590,1.353595,-0.548899,
1698765360898876416.000000,0.000000,-0.919214,-1.702725,1.353523,-0.548742,
1698765360938886400.000000,0.000000,-0.919178,-1.702891,1.353375,-0.548547,
1698765360968886528.000000,0.000000,-0.919165,-1.703004,1.353225,-0.548408,
1698765360998886400.000000,0.000000,-0.919152,-1.703124,1.353160,-0.548364,
1698765361037895424.000000,0.000000,-0.919150,-1.703272,1.353019,-0.548306,
1698765361067895296.000000,0.000000,-0.919124,-1.703388,1.352917,-0.548224,
1698765361097895424.000000,0.000000,-0.919121,-1.703536,1.352864,-0.548071,
1698765361136903168.000000,0.000000,-0.919106,-1.703714,1.352736,-0.547879,
1698765361166903040.000000,0.000000,-0.919080,-1.703781,1.352670,-0.547791,
1698765361206903040.000000,0.000000,-0.919057,-1.703713,1.352705,-0.547797,
1698765361235912704.000000,0.000000,-0.918990,-1.703664,1.352687,-0.547798,
1698765361265912832.000000,0.000000,-0.918967,-1.703614,1.352635,-0.547796,
1698765361305912832.000000,0.000000,-0.918925,-1.703782,1.352641,-0.547855,
1698765361334920192.000000,0.000000,-0.918907,-1.703899,1.352600,-0.547889,
1698765361374920192.000000,0.000000,-0.918882,-1.704018,1.352522,-0.547913,
1698765361404920320.000000,0.000000,-0.918855,-1.704048,1.352496,-0.547903,
1698765361434927104.000000,0.000000,-0.918835,-1.704075,1.352433,-0.547892,
1698765361473927168.000000,0.000000,-0.918794,-1.704118,1.352376,-0.547892,
1698765361503927296.000000,0.000000,-0.918789,-1.704156,1.352467,-0.547930,
1698765361533934080.000000,0.000000,-0.918764,-1.704193,1.352514,-0.547966,
1698765361572934144.000000,0.000000,-0.918752,-1.704260,1.352606,-0.548009,
1698765361602934016.000000,0.000000,-0.918741,-1.704349,1.352827,-0.548033,
1698765361632942848.000000,0.000000,-0.918731,-1.704438,1.352999,-0.548057,
1698765361671942656.000000,0.000000,-0.918734,-1.704556,1.353106,-0.548120,
1698765361701942784.000000,0.000000,-0.918714,-1.704655,1.353033,-0.548246,
1698765361731951104.000000,0.000000,-0.918698,-1.704748,1.352926,-0.548361,
1698765361771951104.000000,0.000000,-0.918656,-1.704833,1.352821,-0.548487,
1698765361800951296.000000,0.000000,-0.918654,-1.704812,1.352891,-0.548547,
1698765361830958336.000000,0.000000,-0.918590,-1.704794,1.352916,-0.548608,
1698765361870958336.000000,0.000000,-0.918571,-1.704778,1.352902,-0.548606,
1698765361899958272.000000,0.000000,-0.918546,-1.704766,1.352864,-0.548429,
1698765361939963392.000000,0.000000,-0.918503,-1.704763,1.352761,-0.548212,
1698765361969963264.000000,0.000000,-0.918459,-1.704784,1.352700,-0.548037,
1698765361998963200.000000,0.000000,-0.918434,-1.704847,1.352720,-0.547832,
1698765362038970368.000000,0.000000,-0.918421,-1.704931,1.352687,-0.547573,
1698765362068970496.000000,0.000000,-0.918389,-1.704969,1.352727,-0.547475,
1698765362097970432.000000,0.000000,-0.918386,-1.704950,1.352925,-0.547549,
1698765362137977344.000000,0.000000,-0.918360,-1.704939,1.353115,-0.547640,
1698765362167977472.000000,0.000000,-0.918349,-1.704942,1.353210,-0.547702,
1698765362206977280.000000,0.000000,-0.918337,-1.704972,1.353057,-0.547629,
1698765362236983040.000000,0.000000,-0.918298,-1.705001,1.352907,-0.547576,
1698765362266982912.000000,0.000000,-0.918268,-1.705033,1.352728,-0.547528,
1698765362305982976.000000,0.000000,-0.918250,-1.705137,1.353014,-0.547550,
1698765362335985152.000000,0.000000,-0.918244,-1.705216,1.353170,-0.547567,
1698765362365985024.000000,0.000000,-0.918228,-1.705296,1.353282,-0.547583,
1698765362404985088.000000,0.000000,-0.918230,-1.705358,1.353343,-0.547556,
1698765362434994944.000000,0.000000,-0.918208,-1.705408,1.353343,-0.547542,
1698765362474994944.000000,0.000000,-0.918190,-1.705438,1.353327,-0.547526,
1698765362503994880.000000,0.000000,-0.918173,-1.705359,1.353349,-0.547510,
1698765362534001152.000000,0.000000,-0.918130,-1.705296,1.353338,-0.547494,
1698765362564001280.000000,0.000000,-0.918112,-1.705242,1.353291,-0.547479,
1698765362604001280.000000,0.000000,-0.918064,-1.705288,1.353355,-0.547702,
1698765362633007616.000000,0.000000,-0.918054,-1.705328,1.353358,-0.547860,
1698765362673007616.000000,0.000000,-0.918040,-1.705309,1.353373,-0.547998,
1698765362703007488.000000,0.000000,-0.917995,-1.705125,1.353482,-0.547956,
1698765362733012992.000000,0.000000,-0.917946,-1.704954,1.353550,-0.547918,
1698765362772013056.000000,0.000000,-0.917918,-1.704767,1.353592,-0.547941,
1698765362802012928.000000,0.000000,-0.917901,-1.704659,1.353590,-0.548103,
1698765362831019520.000000,0.000000,-0.917853,-1.704569,1.353552,-0.548255,
1698765362871019520.000000,0.000000,-0.917817,-1.704614,1.353562,-0.548503,
1698765362901019648.000000,0.000000,-0.917823,-1.704978,1.353761,-0.548816,
1698765362940024832.000000,0.000000,-0.917891,-1.705453,1.353963,-0.549200,
1698765362970024704.000000,0.000000,-0.917921,-1.705719,1.354059,-0.549487,
1698765363000024576.000000,0.000000,-0.917933,-1.705819,1.354100,-0.549793,
1698765363039031040.000000,0.000000,-0.917937,-1.705960,1.354101,-0.550173,
1698765363069031168.000000,0.000000,-0.917921,-1.705979,1.354139,-0.550371,
1698765363099031040.000000,0.000000,-0.917900,-1.705813,1.354280,-0.550431,
1698765363139038720.000000,0.000000,-0.917852,-1.705620,1.354410,-0.550509,
1698765363169038848.000000,0.000000,-0.917836,-1.705607,1.354516,-0.550603,
1698765363198038784.000000,0.000000,-0.917812,-1.705820,1.354685,-0.550760,
1698765363238045952.000000,0.000000,-0.917818,-1.706107,1.354851,-0.550957,
1698765363267045888.000000,0.000000,-0.917811,-1.706321,1.354931,-0.551099,
1698765363307045888.000000,0.000000,-0.917812,-1.706455,1.354923,-0.551133,
1698765363337054208.000000,0.000000,-0.917803,-1.706562,1.354881,-0.551163,
1698765363366054144.000000,0.000000,-0.917791,-1.706680,1.354816,-0.551192,
1698765363406054144.000000,0.000000,-0.917785,-1.706713,1.355132,-0.551190,
1698765363436060672.000000,0.000000,-0.917765,-1.706753,1.355320,-0.551191,
1698765363466060800.000000,0.000000,-0.917767,-1.706768,1.355417,-0.551177,
1698765363505060864.000000,0.000000,-0.917720,-1.706719,1.355361,-0.551114,
1698765363535072256.000000,0.000000,-0.917693,-1.706703,1.355288,-0.551073,
1698765363575072256.000000,0.000000,-0.917652,-1.706692,1.355229,-0.550976,
1698765363604072448.000000,0.000000,-0.917650,-1.706682,1.355330,-0.550806,
1698765363634078720.000000,0.000000,-0.917631,-1.706685,1.355393,-0.550652,
1698765363664078848.000000,0.000000,-0.917614,-1.706702,1.355425,-0.550513,
1698765363703078656.000000,0.000000,-0.917602,-1.706687,1.355393,-0.550265,
1698765363733085440.000000,0.000000,-0.917575,-1.706695,1.355341,-0.550100,
1698765363773085440.000000,0.000000,-0.917572,-1.706721,1.355343,-0.549927,
1698765363802085376.000000,0.000000,-0.917558,-1.706750,1.355390,-0.549830,
1698765363832094720.000000,0.000000,-0.917557,-1.706789,1.355404,-0.549743,
1698765363872094720.000000,0.000000,-0.917557,-1.706844,1.355367,-0.549677,
1698765363901094912.000000,0.000000,-0.917534,-1.706878,1.355299,-0.549713,
1698765363931100928.000000,0.000000,-0.917528,-1.706922,1.355208,-0.549750,
1698765363971100928.000000,0.000000,-0.917511,-1.706967,1.355126,-0.549821,
1698765364000100864.000000,0.000000,-0.917503,-1.706936,1.355196,-0.549919,
1698765364040110592.000000,0.000000,-0.917468,-1.706918,1.355237,-0.550041,
1698765364070110720.000000,0.000000,-0.917486,-1.706919,1.355318,-0.550080,
1698765364100110848.000000,0.000000,-0.917481,-1.706925,1.355529,-0.550030,
1698765364139115776.000000,0.000000,-0.917475,-1.706961,1.355757,-0.549976,
1698765364169115904.000000,0.000000,-0.917472,-1.706947,1.355762,-0.549903,
1698765364199115776.000000,0.000000,-0.917447,-1.706844,1.355493,-0.549763,
1698765364238121984.000000,0.000000,-0.917421,-1.706740,1.355117,-0.549599,
1698765364268122112.000000,0.000000,-0.917381,-1.706736,1.354980,-0.549507,
1698765364308122112.000000,0.000000,-0.917387,-1.706884,1.355160,-0.549441,
1698765364337130240.000000,0.000000,-0.917377,-1.707007,1.355255,-0.549397,
1698765364367130112.000000,0.000000,-0.917387,-1.707083,1.355356,-0.549367,
1698765364407130112.000000,0.000000,-0.917381,-1.707051,1.355529,-0.549355,
1698765364436135424.000000,0.000000,-0.917384,-1.707050,1.355625,-0.549352,
1698765364466135296.000000,0.000000,-0.917386,-1.707069,1.355692,-0.549355,
1698765364506135296.000000,0.000000,-0.917359,-1.706980,1.355800,-0.549055,
1698765364536139776.000000,0.000000,-0.917353,-1.706939,1.355849,-0.548852,
1698765364575139840.000000,0.000000,-0.917330,-1.706932,1.355939,-0.548580,
1698765364605139968.000000,0.000000,-0.917330,-1.706978,1.356112,-0.548340,
1698765364635145472.000000,0.000000,-0.917316,-1.707042,1.356254,-0.548119,
1698765364674145536.000000,0.000000,-0.917326,-1.707095,1.356372,-0.547805,
1698765364704145408.000000,0.000000,-0.917330,-1.707110,1.356412,-0.547556,
1698765364734150912.000000,0.000000,-0.917330,-1.707149,1.356429,-0.547327,
1698765364773150976.000000,0.000000,-0.917312,-1.707223,1.356435,-0.547078,
1698765364803150848.000000,0.000000,-0.917302,-1.707290,1.356455,-0.546973,
1698765364833158656.000000,0.000000,-0.917311,-1.707369,1.356453,-0.546876,
1698765364873158656.000000,0.000000,-0.917298,-1.707501,1.356437,-0.546737,
1698765364902158592.000000,0.000000,-0.917306,-1.707622,1.356429,-0.546593,
1698765364932163072.000000,0.000000,-0.917298,-1.707755,1.356397,-0.546463,
1698765364971162880.000000,0.000000,-0.917292,-1.707901,1.356340,-0.546287,
1698765365001163008.000000,0.000000,-0.917295,-1.707899,1.356304,-0.546121,
1698765365031170816.000000,0.000000,-0.917274,-1.707924,1.356248,-0.545968,
1698765365071170816.000000,0.000000,-0.917257,-1.707985,1.356205,-0.545770,
1698765365100170752.000000,0.000000,-0.917243,-1.708049,1.356279,-0.545607,
1698765365140178432.000000,0.000000,-0.917243,-1.708156,1.356334,-0.545409,
1698765365170178560.000000,0.000000,-0.917227,-1.708252,1.356347,-0.545272,
1698765365199178496.000000,0.000000,-0.917240,-1.708392,1.356505,-0.545243,
1698765365239188992.000000,0.000000,-0.917241,-1.708602,1.356675,-0.545214,
1698765365269189120.000000,0.000000,-0.917239,-1.708702,1.356745,-0.545200,
1698765365308189184.000000,0.000000,-0.917245,-1.708660,1.356727,-0.545193,
1698765365338198272.000000,0.000000,-0.917226,-1.708659,1.356692,-0.545191,
1698765365368198144.000000,0.000000,-0.917212,-1.708663,1.356638,-0.545200,
1698765365407198208.000000,0.000000,-0.917189,-1.708663,1.356539,-0.545237,
1698765365437205248.000000,0.000000,-0.917175,-1.708686,1.356446,-0.545262,
1698765365467205120.000000,0.000000,-0.917144,-1.708736,1.356393,-0.545286,
1698765365506205184.000000,0.000000,-0.917157,-1.708838,1.356439,-0.545313,
1698765365536212992.000000,0.000000,-0.917151,-1.708934,1.356444,-0.545335,
1698765365567212800.000000,0.000000,-0.917152,-1.709020,1.356460,-0.545401,
1698765365605212928.000000,0.000000,-0.917155,-1.709079,1.356522,-0.545591,
1698765365635222016.000000,0.000000,-0.917161,-1.709150,1.356544,-0.545727,
1698765365675222016.000000,0.000000,-0.917173,-1.709295,1.356594,-0.545979,
1698765365704222208.000000,0.000000,-0.917166,-1.709474,1.356711,-0.546334,
1698765365734229504.000000,0.000000,-0.917184,-1.709667,1.356806,-0.546670,
1698765365764229632.000000,0.000000,-0.917183,-1.709870,1.356875,-0.546992,
1698765365804229632.000000,0.000000,-0.917187,-1.710006,1.357133,-0.547476,
1698765365833238016.000000,0.000000,-0.917189,-1.710130,1.357296,-0.547818,
1698765365873238016.000000,0.000000,-0.917207,-1.710266,1.357430,-0.548165,
1698765365903237888.000000,0.000000,-0.917209,-1.710247,1.357411,-0.548232,
1698765365932243456.000000,0.000000,-0.917178,-1.710255,1.357377,-0.548302,
1698765365972243456.000000,0.000000,-0.917177,-1.710297,1.357395,-0.548432,
1698765366002243584.000000,0.000000,-0.917162,-1.710337,1.357582,-0.548612,
1698765366032251392.000000,0.000000,-0.917166,-1.710400,1.357741,-0.548788,
1698765366071251456.000000,0.000000,-0.917138,-1.710409,1.357871,-0.548954,
1698765366101251584.000000,0.000000,-0.917130,-1.710211,1.357854,-0.548953,
1698765366140256256.000000,0.000000,-0.917108,-1.709998,1.357808,-0.548960,
1698765366170256384.000000,0.000000,-0.917088,-1.709863,1.357710,-0.548838,
1698765366200256512.000000,0.000000,-0.917075,-1.709725,1.357504,-0.548474,
1698765366239261184.000000,0.000000,-0.917028,-1.709594,1.357215,-0.548029,
1698765366269261312.000000,0.000000,-0.917020,-1.709507,1.357087,-0.547689,
1698765366299261184.000000,0.000000,-0.917009,-1.709394,1.357141,-0.547309,
1698765366339269888.000000,0.000000,-0.917008,-1.709294,1.357179,-0.546844,
1698765366368269824.000000,0.000000,-0.916999,-1.709222,1.357257,-0.546639,
1698765366408269824.000000,0.000000,-0.917000,-1.709101,1.357517,-0.546670,
1698765366438278912.000000,0.000000,-0.917006,-1.709040,1.357682,-0.546697,
1698765366468278784.000000,0.000000,-0.917018,-1.709071,1.357794,-0.546817,
1698765366507278848.000000,0.000000,-0.917035,-1.709298,1.357832,-0.547202,
1698765366537286912.000000,0.000000,-0.917039,-1.709492,1.357839,-0.547474,
1698765366566286848.000000,0.000000,-0.917074,-1.709703,1.357831,-0.547738,
1698765366606286848.000000,0.000000,-0.917071,-1.709731,1.357812,-0.548328,
1698765366636291584.000000,0.000000,-0.917071,-1.709783,1.357778,-0.548742,
1698765366676291584.000000,0.000000,-0.917054,-1.709784,1.357776,-0.549306,
1698765366705291776.000000,0.000000,-0.917056,-1.709592,1.357893,-0.549807,
1698765366735300352.000000,0.000000,-0.917048,-1.709433,1.357985,-0.550284,
1698765366775300352.000000,0.000000,-0.917035,-1.709325,1.358091,-0.550819,
1698765366804300288.000000,0.000000,-0.917038,-1.709387,1.358180,-0.551062,
1698765366834307584.000000,0.000000,-0.917024,-1.709470,1.358250,-0.551298,
1698765366864307712.000000,0.000000,-0.917031,-1.709574,1.358304,-0.551527,
1698765366903307520.000000,0.000000,-0.917040,-1.709453,1.358114,-0.551519,
1698765366933316352.000000,0.000000,-0.917040,-1.709399,1.357961,-0.551525,
1698765366973316352.000000,0.000000,-0.917035,-1.709314,1.357825,-0.551463,
1698765367002316288.000000,0.000000,-0.917023,-1.709162,1.357890,-0.551255,
1698765367032325632.000000,0.000000,-0.917022,-1.709040,1.357935,-0.551068,
1698765367072325632.000000,0.000000,-0.917018,-1.708928,1.357952,-0.550827,
1698765367101325568.000000,0.000000,-0.917029,-1.708878,1.357909,-0.550615,
1698765367141333760.000000,0.000000,-0.917020,-1.708854,1.357832,-0.550362,
1698765367171333632.000000,0.000000,-0.917050,-1.708839,1.357777,-0.550220,
1698765367201333760.000000,0.000000,-0.917048,-1.708801,1.357740,-0.550152,
1698765367240339456.000000,0.000000,-0.917050,-1.708791,1.357670,-0.550080,
1698765367270339328.000000,0.000000,-0.917056,-1.708781,1.357691,-0.550048,
1698765367299339264.000000,0.000000,-0.917064,-1.708745,1.357864,-0.550042,
1698765367339347200.000000,0.000000,-0.917071,-1.708740,1.358060,-0.550045,
1698765367369347328.000000,0.000000,-0.917062,-1.708689,1.358073,-0.549965,
1698765367399347200.000000,0.000000,-0.917086,-1.708514,1.357859,-0.549727,
1698765367438355200.000000,0.000000,-0.917059,-1.708330,1.357568,-0.549449,
1698765367468355072.000000,0.000000,-0.917057,-1.708217,1.357440,-0.549304,
1698765367498355200.000000,0.000000,-0.917058,-1.708109,1.357495,-0.549248,
1698765367537361408.000000,0.000000,-0.917055,-1.708010,1.357539,-0.549193,
1698765367567361280.000000,0.000000,-0.917060,-1.707966,1.357554,-0.549163,
1698765367607361280.000000,0.000000,-0.917052,-1.708090,1.357488,-0.549317,
1698765367636367360.000000,0.000000,-0.917071,-1.708206,1.357428,-0.549435,
1698765367666367488.000000,0.000000,-0.917072,-1.708226,1.357444,-0.549485,
1698765367706367488.000000,0.000000,-0.917080,-1.707987,1.357665,-0.549384,
1698765367736371200.000000,0.000000,-0.917073,-1.707847,1.357808,-0.549323,
1698765367775371264.000000,0.000000,-0.917078,-1.707655,1.357899,-0.549171,
1698765367805371392.000000,0.000000,-0.917067,-1.707427,1.357796,-0.548883,
1698765367834374912.000000,0.000000,-0.917056,-1.707238,1.357685,-0.548626,
1698765367864374784.000000,0.000000,-0.917054,-1.707080,1.357565,-0.548390,
1698765367904374784.000000,0.000000,-0.917034,-1.706819,1.357404,-0.548106,
1698765367934383104.000000,0.000000,-0.917021,-1.706662,1.357275,-0.547912,
1698765367973383168.000000,0.000000,-0.917015,-1.706541,1.357182,-0.547671,
1698765368003383040.000000,0.000000,-0.917029,-1.706572,1.357292,-0.547500,
1698765368033389824.000000,0.000000,-0.917035,-1.706622,1.357386,-0.547345,
1698765368072389632.000000,0.000000,-0.917041,-1.706579,1.357469,-0.547160,
1698765368102389760.000000,0.000000,-0.917059,-1.706265,1.357465,-0.547023,
1698765368132398080.000000,0.000000,-0.917059,-1.705992,1.357453,-0.546900,
1698765368172398080.000000,0.000000,-0.917062,-1.705775,1.357410,-0.546763,
1698765368201398016.000000,0.000000,-0.917045,-1.705850,1.357351,-0.546681,
1698765368241403904.000000,0.000000,-0.917071,-1.705978,1.357259,-0.546585,
1698765368271403776.000000,0.000000,-0.917075,-1.706062,1.357154,-0.546490,
1698765368300403712.000000,0.000000,-0.917086,-1.706104,1.356997,-0.546340,
1698765368340410880.000000,0.000000,-0.917094,-1.706194,1.356780,-0.546160,
1698765368370410752.000000,0.000000,-0.917099,-1.706241,1.356678,-0.545979,
1698765368399410688.000000,0.000000,-0.917113,-1.706217,1.356700,-0.545703,
1698765368439417088.000000,0.000000,-0.917107,-1.706228,1.356706,-0.545368,
1698765368469417216.000000,0.000000,-0.917116,-1.706231,1.356716,-0.545206,
1698765368498417152.000000,0.000000,-0.917123,-1.706204,1.356753,-0.545188,
1698765368538423552.000000,0.000000,-0.917118,-1.706207,1.356778,-0.545172,
1698765368568423424.000000,0.000000,-0.917117,-1.706216,1.356850,-0.545283,
1698765368607423488.000000,0.000000,-0.917132,-1.706216,1.357095,-0.545722,
1698765368637426432.000000,0.000000,-0.917133,-1.706241,1.357253,-0.546032,
1698765368667426304.000000,0.000000,-0.917130,-1.706258,1.357335,-0.546287,
1698765368706426368.000000,0.000000,-0.917143,-1.706231,1.357280,-0.546504,
1698765368736430592.000000,0.000000,-0.917139,-1.706240,1.357227,-0.546663,
1698765368766430720.000000,0.000000,-0.917143,-1.706199,1.357117,-0.546697,
1698765368805430784.000000,0.000000,-0.917131,-1.706001,1.356835,-0.546445,
1698765368835437312.000000,0.000000,-0.917129,-1.705888,1.356619,-0.546275,
1698765368865437440.000000,0.000000,-0.917127,-1.705795,1.356456,-0.546038,
1698765368904437248.000000,0.000000,-0.917119,-1.705702,1.356368,-0.545547,
1698765368934439936.000000,0.000000,-0.917124,-1.705662,1.356290,-0.545212,
1698765368964440064.000000,0.000000,-0.917118,-1.705648,1.356203,-0.544902,
1698765369004440064.000000,0.000000,-0.917130,-1.705568,1.356457,-0.544643,
1698765369033447936.000000,0.000000,-0.917128,-1.705540,1.356621,-0.544463,
1698765369063447808.000000,0.000000,-0.917138,-1.705535,1.356766,-0.544296,
1698765369103447808.000000,0.000000,-0.917142,-1.705622,1.357015,-0.544261,
1698765369132454400.000000,0.000000,-0.917151,-1.705711,1.357177,-0.544240,
1698765369172454400.000000,0.000000,-0.917156,-1.705834,1.357280,-0.544245,
1698765369202454272.000000,0.000000,-0.917176,-1.705892,1.357158,-0.544304,
1698765369231457792.000000,0.000000,-0.917185,-1.705968,1.357030,-0.544366,
1698765369271457792.000000,0.000000,-0.917204,-1.706024,1.356901,-0.544401,
1698765369301457920.000000,0.000000,-0.917208,-1.705928,1.356903,-0.544327,
1698765369331462400.000000,0.000000,-0.917194,-1.705860,1.356892,-0.544262,
1698765369371462400.000000,0.000000,-0.917200,-1.705800,1.356920,-0.544210,
1698765369400462336.000000,0.000000,-0.917203,-1.705762,1.357062,-0.544214,
1698765369439467008.000000,0.000000,-0.917217,-1.705747,1.357220,-0.544226,
1698765369469467136.000000,0.000000,-0.917225,-1.705750,1.357306,-0.544155,
1698765369499467008.000000,0.000000,-0.917221,-1.705750,1.357348,-0.543929,
1698765369539475456.000000,0.000000,-0.917239,-1.705783,1.357380,-0.543653,
1698765369568475648.000000,0.000000,-0.917239,-1.705809,1.357484,-0.543497,
1698765369608475648.000000,0.000000,-0.917255,-1.705811,1.357841,-0.543397,
1698765369638483456.000000,0.000000,-0.917269,-1.705837,1.358085,-0.543332,
1698765369667483392.000000,0.000000,-0.917293,-1.705880,1.358307,-0.543274,
1698765369707483392.000000,0.000000,-0.917312,-1.705970,1.358407,-0.543395,
1698765369737491456.000000,0.000000,-0.917320,-1.706064,1.358466,-0.543481,
1698765369767491328.000000,0.000000,-0.917331,-1.706110,1.358420,-0.543480,
1698765369806491392.000000,0.000000,-0.917328,-1.706032,1.358100,-0.543270,
1698765369836496384.000000,0.000000,-0.917333,-1.706005,1.357860,-0.543128,
1698765369866496256.000000,0.000000,-0.917335,-1.705957,1.357724,-0.542953,
1698765369905496320.000000,0.000000,-0.917338,-1.705815,1.357796,-0.542628,
1698765369935500800.000000,0.000000,-0.917329,-1.705740,1.357831,-0.542404,
1698765369975500800.000000,0.000000,-0.917355,-1.705716,1.357851,-0.542129,
1698765370004500992.000000,0.000000,-0.917353,-1.705801,1.357843,-0.541934,
1698765370034505984.000000,0.000000,-0.917372,-1.705905,1.357824,-0.541752,
1698765370064505856.000000,0.000000,-0.917382,-1.705949,1.357833,-0.541570,
1698765370103505920.000000,0.000000,-0.917388,-1.705839,1.357925,-0.541315,
1698765370133513984.000000,0.000000,-0.917402,-1.705787,1.357978,-0.541143,
1698765370173513984.000000,0.000000,-0.917407,-1.705761,1.358029,-0.540924,
1698765370202513920.000000,0.000000,-0.917427,-1.705780,1.358062,-0.540758,
1698765370232518144.000000,0.000000,-0.917421,-1.705818,1.358082,-0.540606,
1698765370272518144.000000,0.000000,-0.917453,-1.705812,1.358054,-0.540461,
1698765370301518336.000000,0.000000,-0.917449,-1.705644,1.357951,-0.540449,
1698765370331525632.000000,0.000000,-0.917443,-1.705509,1.357843,-0.540439,
1698765370371525632.000000,0.000000,-0.917433,-1.705399,1.357732,-0.540441,
1698765370400525824.000000,0.000000,-0.917436,-1.705411,1.357741,-0.540474,
1698765370440530944.000000,0.000000,-0.917462,-1.705459,1.357733,-0.540513,
1698765370470530816.000000,0.000000,-0.917465,-1.705456,1.357774,-0.540543,
1698765370500530688.000000,0.000000,-0.917479,-1.705354,1.357912,-0.540575,
1698765370539538688.000000,0.000000,-0.917481,-1.705260,1.358068,-0.540622,
1698765370569538816.000000,0.000000,-0.917490,-1.705206,1.358128,-0.540730,
1698765370599538688.000000,0.000000,-0.917511,-1.705157,1.358100,-0.540979,
1698765370638547712.000000,0.000000,-0.917507,-1.705130,1.358045,-0.541288,
1698765370668547584.000000,0.000000,-0.917521,-1.705145,1.358069,-0.541477,
1698765370698547712.000000,0.000000,-0.917528,-1.705196,1.358234,-0.541604,
1698765370737553152.000000,0.000000,-0.917561,-1.705292,1.358422,-0.541759,
1698765370767553024.000000,0.000000,-0.917559,-1.705342,1.358552,-0.541893,
1698765370807557376.000000,0.000000,-0.917571,-1.705328,1.358713,-0.542134,
1698765370836557312.000000,0.000000,-0.917584,-1.705343,1.358814,-0.542302,
1698765370866557440.000000,0.000000,-0.917595,-1.705382,1.358898,-0.542464,
1698765370906557440.000000,0.000000,-0.917599,-1.705421,1.359117,-0.542386,
1698765370935562496.000000,0.000000,-0.917614,-1.705478,1.359263,-0.542333,
1698765370975562496.000000,0.000000,-0.917637,-1.705553,1.359428,-0.542275,
1698765371005562624.000000,0.000000,-0.917635,-1.705567,1.359520,-0.542247,
1698765371034570496.000000,0.000000,-0.917647,-1.705602,1.359597,-0.542227,
1698765371064570368.000000,0.000000,-0.917648,-1.705658,1.359659,-0.542212,
1698765371104570368.000000,0.000000,-0.917658,-1.705557,1.359530,-0.542004,
1698765371134580224.000000,0.000000,-0.917659,-1.705512,1.359430,-0.541863,
1698765371173580288.000000,0.000000,-0.917664,-1.705451,1.359337,-0.541649,
1698765371203580160.000000,0.000000,-0.917686,-1.705346,1.359363,-0.541417,
1698765371233588480.000000,0.000000,-0.917668,-1.705268,1.359380,-0.541202,
1698765371272588288.000000,0.000000,-0.917678,-1.705196,1.359340,-0.540879,
1698765371302588416.000000,0.000000,-0.917667,-1.705157,1.359203,-0.540529,
1698765371332595712.000000,0.000000,-0.917692,-1.705141,1.359065,-0.540204,
1698765371372595712.000000,0.000000,-0.917690,-1.705132,1.358878,-0.539799,
1698765371401595648.000000,0.000000,-0.917697,-1.705107,1.358734,-0.539506,
1698765371441604608.000000,0.000000,-0.917708,-1.705112,1.358537,-0.539143,
1698765371471604480.000000,0.000000,-0.917700,-1.705201,1.358522,-0.539060,
1698765371500604416.000000,0.000000,-0.917726,-1.705419,1.358756,-0.539303,
