1.69808161305991E+018,42.3651924,-71.1238399,20.9590015411377,-0.057000003755093
1.69808161316381E+018,42.3651924,-71.1238399,20.9240016937256,-0.093000002205372
1.69808161326481E+018,42.3651924,-71.1238399,21.2490005493164,0.231000006198883
1.6980816133638E+018,42.3651924,-71.1238399,21.1610012054443,0.144000008702278
1.69808161345985E+018,42.3651924,-71.1238399,21.1640014648437,0.146000012755394
1.69808161356504E+018,42.3651924,-71.1238399,21.1290016174316,-0.03600000217557
1.69808161365984E+018,42.3651924,-71.1238399,21.1260013580322,-0.040000002831221
1.69808161375977E+018,42.3651924,-71.1238399,21.1270008087158,-0.038000002503395
1.69808161385979E+018,42.3651924,-71.1238399,20.0450000762939,-1.12000000476837
1.69808161397225E+018,42.3651924,-71.1238399,21.1420001983643,-9.23700046539307
1.69808161405979E+018,42.3651924,-71.1238399,21.1420001983643,0
1.69808161417193E+018,42.3651924,-71.1238399,21.1530017852783,0.010000000707805
1.6980816142608E+018,42.3651924,-71.1238399,21.0800018310547,-0.026000000536442
1.69808161435969E+018,42.3651924,-71.1238399,21.0810012817383,-0.025000000372529
1.69808161446064E+018,42.3651924,-71.1238399,21.0780010223389,-0.028000000864267
1.69808161456569E+018,42.3651924,-71.1238399,21.076000213623,-0.030000001192093
1.69808161466058E+018,42.3651924,-71.1238399,21.0750007629395,-0.031000001356006
1.69808161475928E+018,42.3651924,-71.1238399,21.0400009155273,-0.065999999642372
1.69808161485977E+018,42.3651924,-71.1238399,21.0360012054443,-0.070000000298023
1.69808161496381E+018,42.3651924,-71.1238399,21.0500011444092,-0.056000001728535
1.69808161506057E+018,42.3651924,-71.1238399,21.0510005950928,-0.055000003427267
1.69808161516451E+018,42.3651924,-71.1238399,21.052001953125,-0.054000001400709
1.69808161526012E+018,42.3651924,-71.1238399,21.0500011444092,-0.056000001728535
1.69808161536045E+018,42.3651924,-71.1238399,21.060001373291,0.010000000707805
1.69808161546156E+018,42.3651924,-71.1238399,21.064001083374,0.014000000432134
1.69808161556257E+018,42.3651924,-71.1238399,20.2600002288818,-0.789000034332275
1.69808161565939E+018,42.3651924,-71.1238399,20.4490013122559,-0.601000010967255
1.69808161576257E+018,42.3651924,-71.1238399,20.4360008239746,-0.61300003528595
1.69808161586011E+018,42.3651924,-71.1238399,20.4050006866455,-0.644000053405762
1.69808161597353E+018,42.3651924,-71.1238399,20.363000869751,-0.686000049114227
1.69808161606061E+018,42.3651924,-71.1238399,20.3290004730225,-0.72000002861023
1.69808161616551E+018,42.3651924,-71.1238399,21.1940002441406,0.14300000667572
1.69808161626041E+018,42.3651924,-71.1238399,21.1080017089844,-0.024000000208616
1.69808161636135E+018,42.3651924,-71.1238399,21.0870018005371,-0.045000001788139
1.69808161646095E+018,42.3651924,-71.1238399,21.068000793457,-0.065000005066395
1.69808161657548E+018,42.3651924,-71.1238399,21.0470008850098,-0.08500000089407
1.6980816166603E+018,42.3651924,-71.1238399,21.0270004272461,-0.105000004172325
1.69808161676025E+018,42.3651924,-71.1238399,21.0050010681152,-0.127000004053116
1.69808161686035E+018,42.3651924,-71.1238399,20.2020015716553,-0.930000066757202
1.69808161697265E+018,42.3651924,-71.1238399,21.1030006408691,-0.02900000102818
1.69808161706021E+018,42.3651924,-71.1238399,21.0990009307861,-9.28000068664551
1.69808161716344E+018,42.3651924,-71.1238399,21.0930004119873,0
1.69808161726018E+018,42.3651924,-71.1238399,21.0950012207031,0.001000000047497
1.69808161736312E+018,42.3651924,-71.1238399,21.0910015106201,-0.002000000094995
1.69808161746015E+018,42.3651924,-71.1238399,21.0830001831055,-0.010000000707805
1.69808161757051E+018,42.3651924,-71.1238399,21.0870018005371,-0.005000000353903
1.69808161766338E+018,42.3651924,-71.1238399,21.0790004730225,-0.013000000268221
1.69808161776007E+018,42.3651924,-71.1238399,21.0830001831055,-0.010000000707805
1.69808161786005E+018,42.3651924,-71.1238399,21.076000213623,-0.017000000923872
1.69808161797131E+018,42.3651924,-71.1238399,20.6120014190674,-0.481000036001205
1.69808161806009E+018,42.3651924,-71.1238399,20.9770011901855,-0.115000002086163
1.69808161816424E+018,42.3651924,-71.1238399,20.9300003051758,-0.163000002503395
1.69808161826001E+018,42.3651924,-71.1238399,20.8960018157959,-0.19700001180172
1.69808161835999E+018,42.3651924,-71.1238399,20.8840007781982,-0.209000006318092
1.69808161846201E+018,42.3651924,-71.1238399,20.8470001220703,-0.246000006794929
1.69808161857023E+018,42.3651924,-71.1238399,21.1500015258789,0.056000001728535
1.69808161866093E+018,42.3651924,-71.1238399,21.1390018463135,0.045000001788139
1.69808161876291E+018,42.3651924,-71.1238399,21.1310005187988,0.037000000476837
1.69808161886087E+018,42.3651924,-71.1238399,21.1270008087158,0.034000001847744
1.69808161897195E+018,42.3651924,-71.1238399,21.1270008087158,0.032999999821186
1.69808161906286E+018,42.3651924,-71.1238399,21.1430015563965,0.012000000104308
1.69808161917047E+018,42.3651924,-71.1238399,21.1410007476807,0.010000000707805
1.69808161926084E+018,42.3651924,-71.1238399,21.1480007171631,0.017000000923872
1.69808161936082E+018,42.3651924,-71.1238399,21.1590003967285,0.028000000864267
1.6980816194638E+018,42.3651924,-71.1238399,21.1640014648437,0.032999999821186
1.69808161957108E+018,42.3651924,-71.1238399,21.1710014343262,0.040000002831221
1.69808161966083E+018,42.3651924,-71.1238399,21.1910018920898,-9.18400001525879
1.69808161976273E+018,42.3651924,-71.1238399,21.1940002441406,-9.18100070953369
1.69808161986072E+018,42.3651924,-71.1238399,21.2030010223389,-9.17200088500977
1.69808161997095E+018,42.3651924,-71.1238399,21.2170009613037,-9.15799999237061
1.69808162005847E+018,42.3651924,-71.1238399,21.2290000915527,0.007000000216067
1.69808162016609E+018,42.3651924,-71.1238399,21.2450008392334,0.022000001743436
1.6980816202597E+018,42.3651924,-71.1238399,21.2590007781982,0.03600000217557
1.69808162036083E+018,42.3651924,-71.1238399,21.2750015258789,0.053000003099442
1.69808162046033E+018,42.3651924,-71.1238399,21.2870006561279,0.065000005066395
1.69808162056075E+018,42.3651924,-71.1238399,21.3050003051758,0.083000004291535
1.69808162066074E+018,42.3651924,-71.1238399,21.2750015258789,0.052000001072884
1.69808162076065E+018,42.3651924,-71.1238399,21.234001159668,0.012000000104308
1.69808162086057E+018,42.3651924,-71.1238399,21.226001739502,0.00400000018999
1.69808162097254E+018,42.3651924,-71.1238399,21.226001739502,0.00400000018999
1.69808162106049E+018,42.3651924,-71.1238399,21.2310009002686,0.009000000543892
1.69808162116368E+018,42.3651924,-71.1238399,21.246000289917,0.023000001907349
1.69808162126053E+018,42.3651924,-71.1238399,21.2440013885498,0.022000001743436
1.69808162136447E+018,42.3651924,-71.1238399,21.2600002288818,0.038000002503395
1.69808162146013E+018,42.3651924,-71.1238399,21.3050003051758,0.082000002264977
1.69808162157219E+018,42.3651924,-71.1238399,21.3120002746582,0.090000003576279
1.69808162166361E+018,42.3651924,-71.1238399,21.32200050354,0.100000001490116
1.69808162176247E+018,42.3651924,-71.1238399,21.3310012817383,0.109000004827976
1.69808162186144E+018,42.3651924,-71.1238399,21.3400001525879,0.117000006139278
1.69808162197067E+018,42.3651924,-71.1238399,21.3520011901855,0.13000001013279
1.69808162206005E+018,42.3651924,-71.1238399,21.2530002593994,-9.1220006942749
1.69808162216608E+018,42.3651924,-71.1238399,21.1530017852783,-9.22200012207031
1.69808162226052E+018,42.3651924,-71.1238399,21.1030006408691,-9.27200031280518
1.69808162236131E+018,42.3651924,-71.1238399,21.0770015716553,-9.29800033569336
1.69808162246428E+018,42.3651924,-71.1238399,21.0590019226074,-0.011000000871718
1.69808162257048E+018,42.3651924,-71.1238399,21.0500011444092,-0.019000001251698
1.69808162266128E+018,42.3651924,-71.1238399,21.0460014343262,-0.024000000208616
1.6980816227593E+018,42.3651924,-71.1238399,21.0480003356934,-0.022000001743436
1.69808162286027E+018,42.3651924,-71.1238399,21.0410003662109,-0.02900000102818
1.69808162297639E+018,42.3651924,-71.1238399,21.0380001068115,-0.031000001356006
1.69808162306028E+018,42.3651924,-71.1238399,21.0380001068115,-0.032000001519919
1.69808162317017E+018,42.3651924,-71.1238399,21.0300006866455,-0.040000002831221
1.69808162326321E+018,42.3651924,-71.1238399,21.0300006866455,-0.040000002831221
1.69808162336523E+018,42.3651924,-71.1238399,21.0240001678467,-0.045000001788139
1.69808162346523E+018,42.3651924,-71.1238399,21.0250015258789,-0.045000001788139
1.69808162357219E+018,42.3651924,-71.1238399,21.0190010070801,-0.051000002771616
1.69808162366012E+018,42.3651924,-71.1238399,21.0170001983643,-0.053000003099442
1.6980816237611E+018,42.3651924,-71.1238399,20.8110008239746,-0.25900000333786
1.69808162386009E+018,42.3651924,-71.1238399,21.1840019226074,0.114000007510185
1.69808162397106E+018,42.3651924,-71.1238399,21.181001663208,-9.19300079345703
1.69808162406011E+018,42.3651924,-71.1238399,21.1900005340576,-9.1850004196167
1.69808162416612E+018,42.3651924,-71.1238399,21.193000793457,-9.18200016021729
1.698081624264E+018,42.3651924,-71.1238399,21.2030010223389,0.002000000094995
1.69808162436402E+018,42.3651924,-71.1238399,21.2040004730225,0.00400000018999
1.698081624461E+018,42.3651924,-71.1238399,21.2200012207031,0.02000000141561
1.69808162456006E+018,42.3651924,-71.1238399,21.2190017700195,0.019000001251698
1.69808162466391E+018,42.3651924,-71.1238399,21.2400016784668,0.040000002831221
1.69808162474936E+018,42.3651924,-71.1238399,21.2440013885498,0.044000003486872
1.69808162484936E+018,42.3651924,-71.1238399,21.2620010375977,0.062000002712011
1.6980816249508E+018,42.3651924,-71.1238399,21.2710018157959,0.070000000298023
1.69808162504949E+018,42.3651924,-71.1238399,21.2800006866455,0.080000005662441
1.69808162515337E+018,42.3651924,-71.1238399,21.2880001068115,0.088000006973744
1.6980816252508E+018,42.3651924,-71.1238399,21.2960014343262,0.096000000834465
1.69808162534948E+018,42.3651924,-71.1238399,21.3050003051758,0.105000004172325
1.69808162544845E+018,42.3651924,-71.1238399,21.121000289917,-0.078000001609325
1.69808162554941E+018,42.3651924,-71.1238399,21.0920009613037,-9.28299999237061
1.69808162564942E+018,42.3651924,-71.1238399,21.0590019226074,-0.003000000026077
1.6980816257494E+018,42.3651924,-71.1238399,21.0210018157959,-0.041000001132488
1.6980816258496E+018,42.3651924,-71.1238399,20.951000213623,-0.111000008881092
1.69808162594856E+018,42.3651924,-71.1238399,20.8780002593994,-0.184000015258789
1.69808162604841E+018,42.3651924,-71.1238399,20.8440017700195,-0.218000009655952
1.69808162615259E+018,42.3651924,-71.1238399,20.806001663208,-0.255000025033951
1.69808162624942E+018,42.3651924,-71.1238399,21.2780017852783,-9.09700012207031
1.69808162634943E+018,42.3651924,-71.1238399,21.2850017547607,0.006000000052154
1.69808162644845E+018,42.3651924,-71.1238399,21.302001953125,0.023000001907349
1.69808162655544E+018,42.3651924,-71.1238399,21.32200050354,0.043000001460314
1.69808162664944E+018,42.3651924,-71.1238399,21.3440017700195,0.065000005066395
1.69808162674954E+018,42.3651924,-71.1238399,21.351001739502,0.073000006377697
1.69808162684846E+018,42.3651924,-71.1238399,21.2790012359619,0.001000000047497
1.69808162694845E+018,42.3651924,-71.1238399,21.2890014648437,0.010000000707805
1.69808162704846E+018,42.3651924,-71.1238399,21.3310012817383,0.053000003099442
1.69808162715246E+018,42.3651924,-71.1238399,21.2330017089844,-9.14200019836426
1.69808162724946E+018,42.3651924,-71.1238399,21.2530002593994,0.00800000037998
1.69808162734994E+018,42.3651924,-71.1238399,21.3170013427734,0.073000006377697
1.69808162744849E+018,42.3651924,-71.1238399,21.3430004119873,0.099000006914139
1.69808162755548E+018,42.3651924,-71.1238399,21.3870010375977,0.14300000667572
1.69808162764949E+018,42.3651924,-71.1238399,21.3960018157959,0.15200001001358
1.6980816277495E+018,42.3651924,-71.1238399,21.4100017547607,0.166000008583069
1.6980816278495E+018,42.3651924,-71.1238399,21.1500015258789,-0.093000002205372
1.69808162794991E+018,42.3651924,-71.1238399,21.1390018463135,-0.104000002145767
1.6980816280495E+018,42.3651924,-71.1238399,21.1320018768311,-0.111000008881092
1.6980816281525E+018,42.3651924,-71.1238399,21.1280002593994,-0.115000002086163
1.69808162824951E+018,42.3651924,-71.1238399,21.1260013580322,-0.117000006139278
1.69808162834971E+018,42.3651924,-71.1238399,21.1270008087158,-0.116000004112721
1.69808162845051E+018,42.3651924,-71.1238399,21.1250019073486,-0.119000002741814
1.69808162855552E+018,42.3651924,-71.1238399,21.1290016174316,-0.114000007510185
1.69808162864953E+018,42.3651924,-71.1238399,21.1570014953613,0.025000000372529
1.69808162875053E+018,42.3651924,-71.1238399,21.1790008544922,0.047000002115965
1.69808162884953E+018,42.3651924,-71.1238399,21.1980018615723,0.065999999642372
1.69808162894953E+018,42.3651924,-71.1238399,21.2090015411377,0.077000007033348
1.69808162904854E+018,42.3651924,-71.1238399,21.2270011901855,0.095000006258488
1.69808162915255E+018,42.3651924,-71.1238399,21.234001159668,0.102000005543232
1.69808162924956E+018,42.3651924,-71.1238399,21.2470016479492,0.116000004112721
1.69808162935056E+018,42.3651924,-71.1238399,21.2560005187988,0.124000005424023
1.69808162945057E+018,42.3651924,-71.1238399,21.2610015869141,0.129000008106232
1.69808162955657E+018,42.3651924,-71.1238399,21.2740001678467,0.142000004649162
1.69808162965058E+018,42.3651924,-71.1238399,21.2850017547607,0.153000012040138
1.69808162974958E+018,42.3651924,-71.1238399,21.3000011444092,0.168000012636185
1.69808162984858E+018,42.3651924,-71.1238399,21.3070011138916,0.175000011920929
1.69808162994759E+018,42.3651924,-71.1238399,20.3270015716553,-0.804000020027161
1.69808163004863E+018,42.3651924,-71.1238399,20.9050006866455,-0.226000010967255
1.6980816301526E+018,42.3651924,-71.1238399,21.1680011749268,0.03600000217557
1.6980816302506E+018,42.3651924,-71.1238399,21.1700000762939,0.038000002503395
1.69808163035061E+018,42.3651924,-71.1238399,21.1660003662109,0.034000001847744
1.69808163044961E+018,42.3651924,-71.1238399,21.1530017852783,0.021000001579523
1.69808163056262E+018,42.3651924,-71.1238399,21.1390018463135,0.007000000216067
1.69808163065063E+018,42.3651924,-71.1238399,21.1410007476807,0.009000000543892
1.69808163074964E+018,42.3651924,-71.1238399,21.1320018768311,0
1.69808163084864E+018,42.3651924,-71.1238399,21.1320018768311,0
1.69808163094964E+018,42.3651924,-71.1238399,21.1270008087158,-0.00400000018999
1.69808163104965E+018,42.3651924,-71.1238399,20.3530006408691,-0.778000056743622
1.69808163115365E+018,42.3651924,-71.1238399,21.1980018615723,0.06700000166893
1.69808163125065E+018,42.3651924,-71.1238399,21.1710014343262,0.039000000804663
1.69808163134965E+018,42.3651924,-71.1238399,21.1490001678467,-9.22600078582764
1.69808163144966E+018,42.3651924,-71.1238399,21.1300010681152,-0.00400000018999
1.69808163155588E+018,42.3651924,-71.1238399,21.1110000610352,-0.023000001907349
1.69808163164967E+018,42.3651924,-71.1238399,21.1030006408691,-0.032000001519919
1.6980816317491E+018,42.3651924,-71.1238399,21.1190013885498,-0.016000000759959
1.69808163184868E+018,42.3651924,-71.1238399,21.1440010070801,0.00800000037998
1.69808163195009E+018,42.3651924,-71.1238399,21.1520004272461,0.016000000759959
1.69808163204971E+018,42.3651924,-71.1238399,21.1560001373291,0.02000000141561
1.69808163215402E+018,42.3651924,-71.1238399,21.1590003967285,0.024000000208616
1.69808163225018E+018,42.3651924,-71.1238399,21.1640014648437,0.028000000864267
1.6980816323507E+018,42.3651924,-71.1238399,21.1640014648437,0.028000000864267
1.69808163245071E+018,42.3651924,-71.1238399,21.1660003662109,0.031000001356006
1.69808163255374E+018,42.3651924,-71.1238399,21.1680011749268,0.032999999821186
1.69808163264971E+018,42.3651924,-71.1238399,21.1710014343262,0.035000000149012
1.69808163274972E+018,42.3651924,-71.1238399,21.1720008850098,0.037000000476837
1.69808163284974E+018,42.3651924,-71.1238399,21.1740016937256,0.038000002503395
1.69808163294972E+018,42.3651924,-71.1238399,21.1790008544922,0.043000001460314
1.69808163304973E+018,42.3651924,-71.1238399,21.1820011138916,0.046000003814697
1.69808163315274E+018,42.3651924,-71.1238399,21.1830005645752,0.047000002115965
1.69808163325074E+018,42.3651924,-71.1238399,21.0370006561279,-0.098000004887581
1.69808163335074E+018,42.3651924,-71.1238399,21.1180019378662,-9.25699996948242
1.69808163344974E+018,42.3651924,-71.1238399,21.068000793457,-0.041000001132488
1.69808163355475E+018,42.3651924,-71.1238399,21.0590019226074,-0.051000002771616
1.69808163364977E+018,42.3651924,-71.1238399,21.0950012207031,-0.015000000596047
1.69808163374976E+018,42.3651924,-71.1238399,21.0850009918213,-0.025000000372529
1.69808163384979E+018,42.3651924,-71.1238399,21.0650005340576,-0.045000001788139
1.69808163394977E+018,42.3651924,-71.1238399,21.0400009155273,-0.070000000298023
1.69808163404977E+018,42.3651924,-71.1238399,21.0100002288818,-0.100000001490116
1.69808163415427E+018,42.3651924,-71.1238399,20.4990005493164,-0.610000014305115
1.69808163425078E+018,42.3651924,-71.1238399,21.2170009613037,0.02000000141561
1.69808163435079E+018,42.3651924,-71.1238399,21.2240009307861,0.026000000536442
1.69808163444979E+018,42.3651924,-71.1238399,21.2360000610352,0.038000002503395
1.69808163456279E+018,42.3651924,-71.1238399,21.2450008392334,0.047000002115965
1.6980816346498E+018,42.3651924,-71.1238399,21.2490005493164,0.052000001072884
1.69808163475083E+018,42.3651924,-71.1238399,21.2310009002686,0.034000001847744
1.69808163484997E+018,42.3651924,-71.1238399,21.2230014801025,0.026000000536442
1.69808163494981E+018,42.3651924,-71.1238399,21.2290000915527,0.032000001519919
1.69808163505081E+018,42.3651924,-71.1238399,21.2530002593994,0.056000001728535
1.69808163515381E+018,42.3651924,-71.1238399,21.2850017547607,0.088000006973744
1.69808163525082E+018,42.3651924,-71.1238399,21.2930011749268,0.095000006258488
1.69808163534983E+018,42.3651924,-71.1238399,21.3070011138916,0.110000006854534
1.69808163545083E+018,42.3651924,-71.1238399,21.314001083374,0.117000006139278
1.69808163555583E+018,42.3651924,-71.1238399,21.3200016021729,0.122000008821487
1.69808163565084E+018,42.3651924,-71.1238399,21.3230018615723,0.125
1.69808163575084E+018,42.3651924,-71.1238399,21.2020015716553,0.00400000018999
1.69808163584985E+018,42.3651924,-71.1238399,21.3560009002686,0.159000009298325
1.69808163595086E+018,42.3651924,-71.1238399,21.1940002441406,-9.18100070953369
1.69808163604987E+018,42.3651924,-71.1238399,21.1470012664795,-0.002000000094995
1.69808163615386E+018,42.3651924,-71.1238399,21.1300010681152,-0.018000001087785
1.69808163624987E+018,42.3651924,-71.1238399,21.1250019073486,-0.024000000208616
1.69808163634989E+018,42.3651924,-71.1238399,21.117000579834,-0.032000001519919
1.69808163645002E+018,42.3651924,-71.1238399,21.1450004577637,-0.003000000026077
1.69808163656288E+018,42.3651924,-71.1238399,21.1440010070801,-0.005000000353903
1.69808163664989E+018,42.3651924,-71.1238399,21.1360015869141,-0.013000000268221
1.6980816367499E+018,42.3651924,-71.1238399,21.1020011901855,-0.047000002115965
1.69808163685097E+018,42.3651924,-71.1238399,21.0940017700195,-0.055000003427267
1.69808163694991E+018,42.3651924,-71.1238399,21.0820007324219,-0.06700000166893
1.69808163704991E+018,42.3651924,-71.1238399,21.3560009002686,0.20600001513958
1.69808163715346E+018,42.3651924,-71.1238399,21.1800003051758,0.030000001192093
1.69808163725092E+018,42.3651924,-71.1238399,21.1440010070801,-0.005000000353903
1.69808163735175E+018,42.3651924,-71.1238399,21.1410007476807,-0.00800000037998
1.69808163745093E+018,42.3651924,-71.1238399,21.1380004882812,-0.011000000871718
1.69808163755593E+018,42.3651924,-71.1238399,21.1470012664795,-0.002000000094995
1.69808163765094E+018,42.3651924,-71.1238399,21.1500015258789,0
1.69808163775094E+018,42.3651924,-71.1238399,21.1180019378662,-0.031000001356006
1.69808163784995E+018,42.3651924,-71.1238399,21.0960006713867,-0.053000003099442
1.69808163794995E+018,42.3651924,-71.1238399,21.0980014801025,-0.051000002771616
1.69808163804995E+018,42.3651924,-71.1238399,21.0890007019043,-0.060000002384186
1.69808163815296E+018,42.3651924,-71.1238399,21.0920009613037,-0.057000003755093
1.69808163825096E+018,42.3651924,-71.1238399,21.0870018005371,-0.062000002712011
1.6980816383522E+018,42.3651924,-71.1238399,21.0840015411377,-0.064000003039837
1.69808163845167E+018,42.3651924,-71.1238399,21.0810012817383,-0.06700000166893
1.69808163855641E+018,42.3651924,-71.1238399,21.0750007629395,-0.074000000953674
1.69808163865098E+018,42.3651924,-71.1238399,21.0740013122559,-0.075000002980232
1.69808163874998E+018,42.3651924,-71.1238399,21.0690002441406,-0.080000005662441
1.69808163884999E+018,42.3651924,-71.1238399,21.0660018920898,-0.083000004291535
1.698081638949E+018,42.3651924,-71.1238399,21.0620002746582,-0.086000002920628
1.69808163905E+018,42.3651924,-71.1238399,21.0550003051758,-0.09400000423193
1.698081639154E+018,42.3651924,-71.1238399,21.0530014038086,-0.096000000834465
1.69808163925215E+018,42.3651924,-71.1238399,20.9250011444092,-0.224000006914139
1.69808163935301E+018,42.3651924,-71.1238399,21.371000289917,0.221000015735626
1.69808163945101E+018,42.3651924,-71.1238399,21.2830009460449,0.133000001311302
1.69808163955102E+018,42.3651924,-71.1238399,21.2470016479492,0.097000002861023
1.69808163965034E+018,42.3651924,-71.1238399,21.2330017089844,0.084000006318092
1.69808163975102E+018,42.3651924,-71.1238399,21.2400016784668,0.091000005602837
1.69808163985003E+018,42.3651924,-71.1238399,21.2480010986328,0.098000004887581
1.69808163995008E+018,42.3651924,-71.1238399,21.2640018463135,0.114000007510185
1.69808164004904E+018,42.3651924,-71.1238399,21.2740001678467,0.124000005424023
1.69808164015405E+018,42.3651924,-71.1238399,21.3050003051758,0.155000001192093
1.69808164024906E+018,42.3651924,-71.1238399,21.3110008239746,0.162000000476837
1.69808164035005E+018,42.3651924,-71.1238399,21.2600002288818,-0.052000001072884
1.69808164044905E+018,42.3651924,-71.1238399,21.2040004730225,-0.108000002801418
1.69808164056139E+018,42.3651924,-71.1238399,21.1830005645752,-0.129000008106232
1.69808164064908E+018,42.3651924,-71.1238399,21.1830005645752,-0.129000008106232
1.69808164074807E+018,42.3651924,-71.1238399,21.177001953125,-0.135000005364418
1.69808164084907E+018,42.3651924,-71.1238399,21.1830005645752,-0.13000001013279
1.69808164094908E+018,42.3651924,-71.1238399,21.1860008239746,-0.126000002026558
1.69808164105008E+018,42.3651924,-71.1238399,21.1860008239746,-0.126000002026558
1.69808164115356E+018,42.3651924,-71.1238399,21.1870002746582,-0.126000002026558
1.69808164125009E+018,42.3651924,-71.1238399,21.1860008239746,-0.127000004053116
1.69808164135109E+018,42.3651924,-71.1238399,21.1880016326904,-0.124000005424023
1.69808164145011E+018,42.3651924,-71.1238399,21.1820011138916,-0.13000001013279
1.6980816415561E+018,42.3651924,-71.1238399,21.1040000915527,-0.208000004291534
1.69808164164911E+018,42.3651924,-71.1238399,21.1080017089844,-9.26600074768066
1.69808164175026E+018,42.3651924,-71.1238399,21.105001449585,-0.002000000094995
1.69808164184812E+018,42.3651924,-71.1238399,21.1060009002686,-0.001000000047497
1.69808164194899E+018,42.3651924,-71.1238399,21.1000003814697,-0.00800000037998
1.69808164204813E+018,42.3651924,-71.1238399,21.0880012512207,-0.019000001251698
1.69808164215122E+018,42.3651924,-71.1238399,20.1080017089844,-0.999000072479248
1.69808164224814E+018,42.3651924,-71.1238399,21.2520008087158,0.144000008702278
1.69808164234914E+018,42.3651924,-71.1238399,21.1870002746582,0.079000003635883
1.69808164244915E+018,42.3651924,-71.1238399,21.1760005950928,0.068000003695488
1.69808164255515E+018,42.3651924,-71.1238399,21.1910018920898,0.001000000047497
1.69808164264916E+018,42.3651924,-71.1238399,21.1780014038086,-0.010000000707805
1.69808164275016E+018,42.3651924,-71.1238399,21.1790008544922,-0.009000000543892
1.69808164284919E+018,42.3651924,-71.1238399,21.1680011749268,-0.02000000141561
1.69808164294951E+018,42.3651924,-71.1238399,21.1650009155273,-0.023000001907349
1.69808164304918E+018,42.3651924,-71.1238399,21.1470012664795,-0.041000001132488
1.69808164315218E+018,42.3651924,-71.1238399,21.1450004577637,-0.043000001460314
1.69808164325019E+018,42.3651924,-71.1238399,21.1360015869141,-0.052000001072884
1.69808164334919E+018,42.3651924,-71.1238399,21.1420001983643,-0.046000003814697
1.6980816434482E+018,42.3651924,-71.1238399,21.1410007476807,-0.047000002115965
1.6980816435552E+018,42.3651924,-71.1238399,21.1430015563965,-0.045000001788139
1.69808164364921E+018,42.3651924,-71.1238399,21.1350002288818,-0.053000003099442
1.69808164375048E+018,42.3651924,-71.1238399,21.1330013275146,-0.055000003427267
1.69808164384921E+018,42.3651924,-71.1238399,21.1240005493164,-0.064000003039837
1.69808164394922E+018,42.3651924,-71.1238399,21.121000289917,-0.06700000166893
1.69808164405032E+018,42.3651924,-71.1238399,21.1120014190674,-0.07600000500679
1.69808164415423E+018,42.3651924,-71.1238399,21.1080017089844,-0.081000000238419
1.69808164425023E+018,42.3651924,-71.1238399,21.0980014801025,-0.090000003576279
1.69808164434926E+018,42.3651924,-71.1238399,21.0960006713867,-0.092000007629395
1.69808164445025E+018,42.3651924,-71.1238399,21.0190010070801,-0.169000014662743
1.69808164455627E+018,42.3651924,-71.1238399,20.9790000915527,-0.209000006318092
1.69808164464948E+018,42.3651924,-71.1238399,20.9530010223389,-0.236000016331673
1.69808164474928E+018,42.3651924,-71.1238399,20.9150009155273,-0.273000001907349
1.69808164484832E+018,42.3651924,-71.1238399,20.8660011291504,-0.323000013828278
1.69808164494942E+018,42.3651924,-71.1238399,20.8330001831055,-0.355000019073486
1.69808164504927E+018,42.3651924,-71.1238399,20.8720016479492,0.046000003814697
1.69808164515227E+018,42.3651924,-71.1238399,21.0040016174316,0.179000005125999
1.69808164524928E+018,42.3651924,-71.1238399,21.0700016021728,0.245000004768372
1.69808164535028E+018,42.3651924,-71.1238399,21.0910015106201,0.265000015497208
1.69808164544829E+018,42.3651924,-71.1238399,21.0840015411377,0.25900000333786
1.69808164555629E+018,42.3651924,-71.1238399,21.0770015716553,0.252000004053116
1.69808164564929E+018,42.3651924,-71.1238399,21.0690002441406,0.244000017642975
1.6980816457493E+018,42.3651924,-71.1238399,21.0630016326904,0.238000005483627
1.69808164584931E+018,42.3651924,-71.1238399,21.0570011138916,0.231000006198883
1.69808164595032E+018,42.3651924,-71.1238399,21.0490016937256,0.224000006914139
1.69808164604932E+018,42.3651924,-71.1238399,21.0390014648438,0.214000016450882
1.69808164615241E+018,42.3651924,-71.1238399,21.0340003967285,0.209000006318092
1.69808164624932E+018,42.3651924,-71.1238399,21.0240001678467,0.199000015854836
1.69808164634932E+018,42.3651924,-71.1238399,21.0190010070801,0.194000005722046
1.69808164644985E+018,42.3651924,-71.1238399,21.0120010375977,0.186000004410744
1.69808164655533E+018,42.3651924,-71.1238399,21.0430011749268,0.217000007629395
1.69808164664933E+018,42.3651924,-71.1238399,21.0530014038086,0.22800001502037
1.69808164675034E+018,42.3651924,-71.1238399,21.0530014038086,0.22800001502037
1.69808164684936E+018,42.3651924,-71.1238399,21.0530014038086,0.22800001502037
1.69808164694934E+018,42.3651924,-71.1238399,21.052001953125,0.226000010967255
1.69808164704835E+018,42.3651924,-71.1238399,21.0450000762939,0.21900001168251
1.69808164715336E+018,42.3651924,-71.1238399,21.0480003356934,0.223000004887581
1.69808164725336E+018,42.3651924,-71.1238399,21.0360012054443,0.211000010371208
1.69808164735136E+018,42.3651924,-71.1238399,21.0310001373291,0.205000013113022
1.69808164745147E+018,42.3651924,-71.1238399,21.0700016021728,0.244000017642975
1.69808164755837E+018,42.3651924,-71.1238399,21.1180019378662,0.292000025510788
1.69808164765147E+018,42.3651924,-71.1238399,21.1260013580322,0.301000028848648
1.69808164775038E+018,42.3651924,-71.1238399,21.1250019073486,0.300000011920929
1.69808164784938E+018,42.3651924,-71.1238399,21.1340007781982,0.309000015258789
1.69808164794939E+018,42.3651924,-71.1238399,21.1360015869141,0.310000002384186
1.69808175405E+018,42.3651924,-71.1238399,21.1360015869141,0.310000002384186
1.69808175415287E+018,42.3651924,-71.1238399,21.1360015869141,0.310000002384186
1.69808175425089E+018,42.3651924,-71.1238399,21.1360015869141,0.310000002384186
1.69808175435187E+018,42.3651924,-71.1238399,21.1360015869141,0.310000002384186
1.69808175445189E+018,42.3651924,-71.1238399,21.1360015869141,0.310000002384186
1.69808175456489E+018,42.3651924,-71.1238399,21.1360015869141,0.310000002384186
1.69808175465144E+018,42.3651924,-71.1238399,21.1360015869141,0.310000002384186
1.69808175475189E+018,42.3651924,-71.1238399,21.1360015869141,0.310000002384186
1.69808175485091E+018,42.3651924,-71.1238399,21.1360015869141,0.310000002384186
1.6980817549509E+018,42.3651924,-71.1238399,21.1360015869141,0.310000002384186
1.69808175504991E+018,42.3651924,-71.1238399,21.1360015869141,0.310000002384186
1.69808175515491E+018,42.3651924,-71.1238399,21.1360015869141,0.310000002384186
1.69808175525092E+018,42.3651924,-71.1238399,21.1360015869141,0.310000002384186
1.69808175535192E+018,42.3651924,-71.1238399,21.1360015869141,0.310000002384186
1.69808175545092E+018,42.3651924,-71.1238399,21.1360015869141,0.310000002384186
1.69808175555625E+018,42.3651924,-71.1238399,21.1360015869141,0.310000002384186
1.69808175565127E+018,42.3651924,-71.1238399,21.1360015869141,0.310000002384186
1.69808175575094E+018,42.3651924,-71.1238399,21.1360015869141,0.310000002384186
1.69808175584994E+018,42.3651924,-71.1238399,21.1360015869141,0.310000002384186
1.69808175594895E+018,42.3651924,-71.1238399,21.1360015869141,0.310000002384186
1.69808175604996E+018,42.3651924,-71.1238399,21.1360015869141,0.310000002384186
1.69808175615396E+018,42.3651924,-71.1238399,21.1360015869141,0.310000002384186
1.69808175625099E+018,42.3651924,-71.1238399,21.1360015869141,0.310000002384186
1.69808175635299E+018,42.3651924,-71.1238399,21.1360015869141,0.310000002384186
1.698081756451E+018,42.3651924,-71.1238399,21.1360015869141,0.310000002384186
1.69808175655841E+018,42.3651924,-71.1238399,21.1360015869141,0.310000002384186
1.69808175665199E+018,42.3651924,-71.1238399,21.1360015869141,0.310000002384186
1.69808175675199E+018,42.3651924,-71.1238399,21.1360015869141,0.310000002384186
1.69808175685007E+018,42.3651924,-71.1238399,21.1360015869141,0.310000002384186
1.69808175695105E+018,42.3651924,-71.1238399,21.1360015869141,0.310000002384186
1.698081757051E+018,42.3651924,-71.1238399,21.1360015869141,0.310000002384186
1.69808175715503E+018,42.3651924,-71.1238399,21.1360015869141,0.310000002384186
1.69808175725301E+018,42.3651924,-71.1238399,21.1360015869141,0.310000002384186
1.69808175735207E+018,42.3651924,-71.1238399,21.1360015869141,0.310000002384186
1.69808175745202E+018,42.3651924,-71.1238399,21.1360015869141,0.310000002384186
1.69808175755804E+018,42.3651924,-71.1238399,21.1360015869141,0.310000002384186
1.69808175765203E+018,42.3651924,-71.1238399,21.1360015869141,0.310000002384186
1.69808175775126E+018,42.3651924,-71.1238399,21.1360015869141,0.310000002384186
1.69808175785104E+018,42.3651924,-71.1238399,21.1360015869141,0.310000002384186
1.69808175795104E+018,42.3651924,-71.1238399,21.1360015869141,0.310000002384186
1.6980817580514E+018,42.3651924,-71.1238399,21.1360015869141,0.310000002384186
1.69808175815505E+018,42.3651924,-71.1238399,21.1360015869141,0.310000002384186
1.69808175825108E+018,42.3651924,-71.1238399,21.1360015869141,0.310000002384186
1.69808175836006E+018,42.3651924,-71.1238399,21.1360015869141,0.310000002384186
1.69808175845206E+018,42.3651924,-71.1238399,21.1360015869141,0.310000002384186
1.69808175855807E+018,42.3651924,-71.1238399,21.1360015869141,0.310000002384186
1.69808175865137E+018,42.3651924,-71.1238399,21.1360015869141,0.310000002384186
1.69808175875222E+018,42.3651924,-71.1238399,21.1360015869141,0.310000002384186
1.69808175885139E+018,42.3651924,-71.1238399,21.1360015869141,0.310000002384186
1.69808175895112E+018,42.3651924,-71.1238399,21.1360015869141,0.310000002384186
1.69808175905109E+018,42.3651924,-71.1238399,21.1360015869141,0.310000002384186
1.69808175915514E+018,42.3651924,-71.1238399,21.1360015869141,0.310000002384186
1.6980817592521E+018,42.3651924,-71.1238399,21.1360015869141,0.310000002384186
1.6980817593521E+018,42.3651924,-71.1238399,21.1360015869141,0.310000002384186
1.69808175945211E+018,42.3651924,-71.1238399,21.1360015869141,0.310000002384186
1.69808175955713E+018,42.3651924,-71.1238399,21.1360015869141,0.310000002384186
1.69808175965214E+018,42.3651924,-71.1238399,21.1360015869141,0.310000002384186
1.69808175975212E+018,42.3651924,-71.1238399,21.1360015869141,0.310000002384186
1.69808175985113E+018,42.3651924,-71.1238399,21.1360015869141,0.310000002384186
1.69808175995113E+018,42.3651924,-71.1238399,21.1360015869141,0.310000002384186
1.69808176005114E+018,42.3651924,-71.1238399,21.1360015869141,0.310000002384186
1.69808176015414E+018,42.3651924,-71.1238399,21.1360015869141,0.310000002384186
1.69808176025414E+018,42.3651924,-71.1238399,21.1360015869141,0.310000002384186
1.69808176035121E+018,42.3651924,-71.1238399,21.1360015869141,0.310000002384186
1.69808176045015E+018,42.3651924,-71.1238399,21.1360015869141,0.310000002384186
1.69808176055216E+018,42.3651924,-71.1238399,21.1360015869141,0.310000002384186
1.69808176065116E+018,42.3651924,-71.1238399,21.1360015869141,0.310000002384186
1.69808176075351E+018,42.3651924,-71.1238399,21.1360015869141,0.310000002384186
1.69808176085218E+018,42.3651924,-71.1238399,21.1360015869141,0.310000002384186
1.69808176095118E+018,42.3651924,-71.1238399,21.1360015869141,0.310000002384186
1.69808176105118E+018,42.3651924,-71.1238399,21.1360015869141,0.310000002384186
1.69808176115619E+018,42.3651924,-71.1238399,21.1360015869141,0.310000002384186
1.6980817612512E+018,42.3651924,-71.1238399,21.1360015869141,0.310000002384186
1.69808176135024E+018,42.3651924,-71.1238399,21.1360015869141,0.310000002384186
1.69808176145264E+018,42.3651924,-71.1238399,21.1360015869141,0.310000002384186
1.69808176155022E+018,42.3651924,-71.1238399,21.1360015869141,0.310000002384186
1.69808176165121E+018,42.3651924,-71.1238399,21.1360015869141,0.310000002384186
1.69808176175222E+018,42.3651924,-71.1238399,21.1360015869141,0.310000002384186
1.6980817618503E+018,42.3651924,-71.1238399,21.1360015869141,0.310000002384186
1.69808176195122E+018,42.3651924,-71.1238399,21.1360015869141,0.310000002384186
1.69808176205224E+018,42.3651924,-71.1238399,21.1360015869141,0.310000002384186
1.69808176215423E+018,42.3651924,-71.1238399,21.1360015869141,0.310000002384186
1.69808176225024E+018,42.3651924,-71.1238399,21.1360015869141,0.310000002384186
1.69808176235925E+018,42.3651924,-71.1238399,21.1360015869141,0.310000002384186
1.69808176245025E+018,42.3651924,-71.1238399,21.1360015869141,0.310000002384186
1.69808176255125E+018,42.3651924,-71.1238399,21.1360015869141,0.310000002384186
1.69808176265132E+018,42.3651924,-71.1238399,21.1360015869141,0.310000002384186
1.69808176275026E+018,42.3651924,-71.1238399,21.1360015869141,0.310000002384186
1.69808176285026E+018,42.3651924,-71.1238399,21.1360015869141,0.310000002384186
1.69808176295129E+018,42.3651924,-71.1238399,21.1360015869141,0.310000002384186
1.69808176305027E+018,42.3651924,-71.1238399,21.1360015869141,0.310000002384186
1.69808176315528E+018,42.3651924,-71.1238399,21.1360015869141,0.310000002384186
1.69808176325228E+018,42.3651924,-71.1238399,21.1360015869141,0.310000002384186
1.6980817633513E+018,42.3651924,-71.1238399,21.1360015869141,0.310000002384186
1.69808176345129E+018,42.3651924,-71.1238399,21.1360015869141,0.310000002384186
1.6980817635593E+018,42.3651924,-71.1238399,21.1360015869141,0.310000002384186
1.6980817636513E+018,42.3651924,-71.1238399,21.1360015869141,0.310000002384186
1.69808176375237E+018,42.3651924,-71.1238399,21.1360015869141,0.310000002384186
1.69808176385137E+018,42.3651924,-71.1238399,21.1360015869141,0.310000002384186
1.69808176395048E+018,42.3651924,-71.1238399,21.1360015869141,0.310000002384186
1.69808176405032E+018,42.3651924,-71.1238399,21.1360015869141,0.310000002384186
1.69808176415432E+018,42.3651924,-71.1238399,21.1360015869141,0.310000002384186
1.69808176425069E+018,42.3651924,-71.1238399,21.1360015869141,0.310000002384186
1.69808176435234E+018,42.3651924,-71.1238399,21.1360015869141,0.310000002384186
1.6980817644525E+018,42.3651924,-71.1238399,21.1360015869141,0.310000002384186
1.69808176455734E+018,42.3651924,-71.1238399,21.1360015869141,0.310000002384186
1.69808176465234E+018,42.3651924,-71.1238399,21.1360015869141,0.310000002384186
1.69808176475235E+018,42.3651924,-71.1238399,21.1360015869141,0.310000002384186
1.69808176485036E+018,42.3651924,-71.1238399,21.1360015869141,0.310000002384186
1.69808176495036E+018,42.3651924,-71.1238399,21.1360015869141,0.310000002384186
1.69808176505136E+018,42.3651924,-71.1238399,21.1360015869141,0.310000002384186
1.69808176515439E+018,42.3651924,-71.1238399,21.1360015869141,0.310000002384186
1.69808176525176E+018,42.3651924,-71.1238399,21.1360015869141,0.310000002384186
1.69808176535238E+018,42.3651924,-71.1238399,21.1360015869141,0.310000002384186
1.69808176545038E+018,42.3651924,-71.1238399,21.1360015869141,0.310000002384186
1.69808176555639E+018,42.3651924,-71.1238399,21.1360015869141,0.310000002384186
1.69808176565239E+018,42.3651924,-71.1238399,21.1360015869141,0.310000002384186
1.6980817657504E+018,42.3651924,-71.1238399,21.1360015869141,0.310000002384186
1.69808176585044E+018,42.3651924,-71.1238399,21.1360015869141,0.310000002384186
1.69808176595041E+018,42.3651924,-71.1238399,21.1360015869141,0.310000002384186
1.69808176605041E+018,42.3651924,-71.1238399,21.1360015869141,0.310000002384186
1.69808176615542E+018,42.3651924,-71.1238399,21.1360015869141,0.310000002384186
1.69808176625142E+018,42.3651924,-71.1238399,21.1360015869141,0.310000002384186
1.69808176635142E+018,42.3651924,-71.1238399,21.1360015869141,0.310000002384186
1.69808176645243E+018,42.3651924,-71.1238399,21.1360015869141,0.310000002384186
1.69808176655943E+018,42.3651924,-71.1238399,21.1360015869141,0.310000002384186
1.69808176665144E+018,42.3651924,-71.1238399,21.1360015869141,0.310000002384186
1.69808176675144E+018,42.3651924,-71.1238399,21.1360015869141,0.310000002384186
1.69808176685245E+018,42.3651924,-71.1238399,21.1360015869141,0.310000002384186
1.69808176695145E+018,42.3651924,-71.1238399,21.1360015869141,0.310000002384186
1.69808176705246E+018,42.3651924,-71.1238399,21.1360015869141,0.310000002384186
1.69808176715746E+018,42.3651924,-71.1238399,21.1360015869141,0.310000002384186
1.69808176725251E+018,42.3651924,-71.1238399,21.1360015869141,0.310000002384186
1.69808176735247E+018,42.3651924,-71.1238399,21.1360015869141,0.310000002384186
1.69808176745249E+018,42.3651924,-71.1238399,21.1360015869141,0.310000002384186
1.69808176755248E+018,42.3651924,-71.1238399,21.1360015869141,0.310000002384186
1.69808176765148E+018,42.3651924,-71.1238399,21.1360015869141,0.310000002384186
1.69808176775264E+018,42.3651924,-71.1238399,21.1360015869141,0.310000002384186
1.69808176785151E+018,42.3651924,-71.1238399,21.1360015869141,0.310000002384186
1.6980817679525E+018,42.3651924,-71.1238399,21.1360015869141,0.310000002384186
1.6980817680525E+018,42.3651924,-71.1238399,21.1360015869141,0.310000002384186
1.69808176815551E+018,42.3651924,-71.1238399,21.1360015869141,0.310000002384186
1.69808176825151E+018,42.3651924,-71.1238399,21.1360015869141,0.310000002384186
1.69808176835251E+018,42.3651924,-71.1238399,21.1360015869141,0.310000002384186
1.69808176845252E+018,42.3651924,-71.1238399,21.1360015869141,0.310000002384186
1.69808176855153E+018,42.3651924,-71.1238399,21.1360015869141,0.310000002384186
1.69808176865258E+018,42.3651924,-71.1238399,21.1360015869141,0.310000002384186
1.69808176875253E+018,42.3651924,-71.1238399,21.1360015869141,0.310000002384186
1.69808176885253E+018,42.3651924,-71.1238399,21.1360015869141,0.310000002384186
1.69808176895256E+018,42.3651924,-71.1238399,21.1360015869141,0.310000002384186
1.69808176905155E+018,42.3651924,-71.1238399,21.1360015869141,0.310000002384186
1.69808176915655E+018,42.3651924,-71.1238399,21.1360015869141,0.310000002384186
1.69808176925378E+018,42.3651924,-71.1238399,21.1360015869141,0.310000002384186
1.69808176935285E+018,42.3651924,-71.1238399,21.1360015869141,0.310000002384186
1.6980817694519E+018,42.3651924,-71.1238399,21.1360015869141,0.310000002384186
1.69808176955857E+018,42.3651924,-71.1238399,21.1360015869141,0.310000002384186
1.69808176965059E+018,42.3651924,-71.1238399,21.1360015869141,0.310000002384186
1.69808176975158E+018,42.3651924,-71.1238399,21.1360015869141,0.310000002384186
1.6980817698516E+018,42.3651924,-71.1238399,21.1360015869141,0.310000002384186
1.69808176995058E+018,42.3651924,-71.1238399,21.1360015869141,0.310000002384186
1.69808177005058E+018,42.3651924,-71.1238399,21.1360015869141,0.310000002384186
1.69808177015559E+018,42.3651924,-71.1238399,21.1360015869141,0.310000002384186
1.69808177025104E+018,42.3651924,-71.1238399,21.1360015869141,0.310000002384186
1.6980817703506E+018,42.3651924,-71.1238399,21.1360015869141,0.310000002384186
1.69808177045171E+018,42.3651924,-71.1238399,21.1360015869141,0.310000002384186
1.69808177055723E+018,42.3651924,-71.1238399,21.1360015869141,0.310000002384186
1.69808177065161E+018,42.3651924,-71.1238399,21.1360015869141,0.310000002384186
1.69808177075167E+018,42.3651924,-71.1238399,21.1360015869141,0.310000002384186
1.69808177085071E+018,42.3651924,-71.1238399,21.1360015869141,0.310000002384186
1.69808177095063E+018,42.3651924,-71.1238399,21.1360015869141,0.310000002384186
1.69808177105063E+018,42.3651924,-71.1238399,21.1360015869141,0.310000002384186
1.69808177115463E+018,42.3651924,-71.1238399,21.1360015869141,0.310000002384186
1.69808177125064E+018,42.3651924,-71.1238399,21.1360015869141,0.310000002384186
1.69808177135265E+018,42.3651924,-71.1238399,21.1360015869141,0.310000002384186
1.69808177145165E+018,42.3651924,-71.1238399,21.1360015869141,0.310000002384186
1.69808177155865E+018,42.3651924,-71.1238399,21.1360015869141,0.310000002384186
1.69808177165365E+018,42.3651924,-71.1238399,21.1360015869141,0.310000002384186
1.69808177175266E+018,42.3651924,-71.1238399,21.1360015869141,0.310000002384186
1.69808177185166E+018,42.3651924,-71.1238399,21.1360015869141,0.310000002384186
1.69808177195268E+018,42.3651924,-71.1238399,21.1360015869141,0.310000002384186
1.69808177205067E+018,42.3651924,-71.1238399,21.1360015869141,0.310000002384186
1.69808177215367E+018,42.3651924,-71.1238399,21.1360015869141,0.310000002384186
1.69808177225168E+018,42.3651924,-71.1238399,21.1360015869141,0.310000002384186
1.69808177235069E+018,42.3651924,-71.1238399,21.1360015869141,0.310000002384186
1.69808177245169E+018,42.3651924,-71.1238399,21.1360015869141,0.310000002384186
1.69808177255769E+018,42.3651924,-71.1238399,21.1360015869141,0.310000002384186
1.69808177265069E+018,42.3651924,-71.1238399,21.1360015869141,0.310000002384186
1.69808177275172E+018,42.3651924,-71.1238399,21.1360015869141,0.310000002384186
1.69808177285171E+018,42.3651924,-71.1238399,21.1360015869141,0.310000002384186
1.69808177295071E+018,42.3651924,-71.1238399,21.1360015869141,0.310000002384186
1.69808177305072E+018,42.3651924,-71.1238399,21.1360015869141,0.310000002384186
1.69808177315575E+018,42.3651924,-71.1238399,21.1360015869141,0.310000002384186
1.69808177325279E+018,42.3651924,-71.1238399,21.1360015869141,0.310000002384186
1.69808177335374E+018,42.3651924,-71.1238399,21.1360015869141,0.310000002384186
1.69808177345376E+018,42.3651924,-71.1238399,21.1360015869141,0.310000002384186
1.69808177355874E+018,42.3651924,-71.1238399,21.1360015869141,0.310000002384186
1.69808177365274E+018,42.3651924,-71.1238399,21.1360015869141,0.310000002384186
1.69808177375374E+018,42.3651924,-71.1238399,21.1360015869141,0.310000002384186
1.69808177385275E+018,42.3651924,-71.1238399,21.1360015869141,0.310000002384186
1.69808177395176E+018,42.3651924,-71.1238399,21.1360015869141,0.310000002384186
1.69808177405275E+018,42.3651924,-71.1238399,21.1360015869141,0.310000002384186
1.69808177415576E+018,42.3651924,-71.1238399,21.1360015869141,0.310000002384186
1.6980817742528E+018,42.3651924,-71.1238399,21.1360015869141,0.310000002384186
1.69808177435278E+018,42.3651924,-71.1238399,21.1360015869141,0.310000002384186
1.69808177445177E+018,42.3651924,-71.1238399,21.1360015869141,0.310000002384186
1.69808177455778E+018,42.3651924,-71.1238399,21.1360015869141,0.310000002384186
1.69808177465316E+018,42.3651924,-71.1238399,21.1360015869141,0.310000002384186
1.6980817747518E+018,42.3651924,-71.1238399,21.1360015869141,0.310000002384186
1.69808177485079E+018,42.3651924,-71.1238399,21.1360015869141,0.310000002384186
1.6980817749518E+018,42.3651924,-71.1238399,21.1360015869141,0.310000002384186
1.69808177505182E+018,42.3651924,-71.1238399,21.1360015869141,0.310000002384186
1.69808177515581E+018,42.3651924,-71.1238399,21.1360015869141,0.310000002384186
1.69808177525281E+018,42.3651924,-71.1238399,21.1360015869141,0.310000002384186
1.69808177535283E+018,42.3651924,-71.1238399,21.1360015869141,0.310000002384186
1.69808177545182E+018,42.3651924,-71.1238399,21.1360015869141,0.310000002384186
1.69808177555982E+018,42.3651924,-71.1238399,21.1360015869141,0.310000002384186
1.69808177565084E+018,42.3651924,-71.1238399,21.1360015869141,0.310000002384186
1.69808177575085E+018,42.3651924,-71.1238399,21.1360015869141,0.310000002384186
1.69808177585198E+018,42.3651924,-71.1238399,21.1360015869141,0.310000002384186
1.6980817759509E+018,42.3651924,-71.1238399,21.1360015869141,0.310000002384186
1.69808177605185E+018,42.3651924,-71.1238399,21.1360015869141,0.310000002384186
1.69808177615685E+018,42.3651924,-71.1238399,21.1360015869141,0.310000002384186
1.69808177625086E+018,42.3651924,-71.1238399,21.1360015869141,0.310000002384186
1.69808177635193E+018,42.3651924,-71.1238399,21.1360015869141,0.310000002384186
1.69808177645186E+018,42.3651924,-71.1238399,21.1360015869141,0.310000002384186
1.69808177655689E+018,42.3651924,-71.1238399,21.1360015869141,0.310000002384186
1.69808177665087E+018,42.3651924,-71.1238399,21.1360015869141,0.310000002384186
1.69808177675287E+018,42.3651924,-71.1238399,21.1360015869141,0.310000002384186
1.69808177685088E+018,42.3651924,-71.1238399,21.1360015869141,0.310000002384186
1.69808177695088E+018,42.3651924,-71.1238399,21.1360015869141,0.310000002384186
1.69808177705189E+018,42.3651924,-71.1238399,21.1360015869141,0.310000002384186
1.69808177715489E+018,42.3651924,-71.1238399,21.1360015869141,0.310000002384186
1.69808177725189E+018,42.3651924,-71.1238399,21.1360015869141,0.310000002384186
1.698081777355E+018,42.3651924,-71.1238399,21.1360015869141,0.310000002384186
1.6980817774519E+018,42.3651924,-71.1238399,21.1360015869141,0.310000002384186
1.6980817775579E+018,42.3651924,-71.1238399,21.1360015869141,0.310000002384186
1.69808177765291E+018,42.3651924,-71.1238399,21.1360015869141,0.310000002384186
1.69808177775191E+018,42.3651924,-71.1238399,21.1360015869141,0.310000002384186
1.69808177785201E+018,42.3651924,-71.1238399,21.1360015869141,0.310000002384186
1.69808177795292E+018,42.3651924,-71.1238399,21.1360015869141,0.310000002384186
1.69808177805193E+018,42.3651924,-71.1238399,21.1360015869141,0.310000002384186
1.69808177815596E+018,42.3651924,-71.1238399,21.1360015869141,0.310000002384186
1.69808177825293E+018,42.3651924,-71.1238399,21.1360015869141,0.310000002384186
1.69808177835303E+018,42.3651924,-71.1238399,21.1360015869141,0.310000002384186
1.69808177845194E+018,42.3651924,-71.1238399,21.1360015869141,0.310000002384186
1.69808177855895E+018,42.3651924,-71.1238399,21.1360015869141,0.310000002384186
1.69808177865296E+018,42.3651924,-71.1238399,21.1360015869141,0.310000002384186
1.69808177875205E+018,42.3651924,-71.1238399,21.1360015869141,0.310000002384186
1.69808177885297E+018,42.3651924,-71.1238399,21.1360015869141,0.310000002384186
1.69808177895096E+018,42.3651924,-71.1238399,21.1360015869141,0.310000002384186
1.69808177905208E+018,42.3651924,-71.1238399,21.1360015869141,0.310000002384186
1.69808177915697E+018,42.3651924,-71.1238399,21.1360015869141,0.310000002384186
1.69808177925298E+018,42.3651924,-71.1238399,21.1360015869141,0.310000002384186
1.69808177935239E+018,42.3651924,-71.1238399,21.1360015869141,0.310000002384186
1.698081779453E+018,42.3651924,-71.1238399,21.1360015869141,0.310000002384186
1.69808177955802E+018,42.3651924,-71.1238399,21.1360015869141,0.310000002384186
1.698081779653E+018,42.3651924,-71.1238399,21.1360015869141,0.310000002384186
1.698081779754E+018,42.3651924,-71.1238399,21.1360015869141,0.310000002384186
1.69808177985101E+018,42.3651924,-71.1238399,21.1360015869141,0.310000002384186
1.69808177995243E+018,42.3651924,-71.1238399,21.1360015869141,0.310000002384186
1.69808178005303E+018,42.3651924,-71.1238399,21.1360015869141,0.310000002384186
1.69808178015502E+018,42.3651924,-71.1238399,21.1360015869141,0.310000002384186
1.69808178025103E+018,42.3651924,-71.1238399,21.1360015869141,0.310000002384186
1.69808178035303E+018,42.3651924,-71.1238399,21.1360015869141,0.310000002384186
1.69808178045206E+018,42.3651924,-71.1238399,21.1360015869141,0.310000002384186
1.69808178055904E+018,42.3651924,-71.1238399,21.1360015869141,0.310000002384186
1.69808178065305E+018,42.3651924,-71.1238399,21.1360015869141,0.310000002384186
1.69808178075206E+018,42.3651924,-71.1238399,21.1360015869141,0.310000002384186
1.69808178085205E+018,42.3651924,-71.1238399,21.1360015869141,0.310000002384186
1.69808178095306E+018,42.3651924,-71.1238399,21.1360015869141,0.310000002384186
1.69808178105106E+018,42.3651924,-71.1238399,21.1360015869141,0.310000002384186
1.69808178115406E+018,42.3651924,-71.1238399,21.1360015869141,0.310000002384186
1.69808178125308E+018,42.3651924,-71.1238399,21.1360015869141,0.310000002384186
1.69808178135207E+018,42.3651924,-71.1238399,21.1360015869141,0.310000002384186
1.69808178145207E+018,42.3651924,-71.1238399,21.1360015869141,0.310000002384186
1.69808178155908E+018,42.3651924,-71.1238399,21.1360015869141,0.310000002384186
1.69808178165224E+018,42.3651924,-71.1238399,21.1360015869141,0.310000002384186
1.69808178175209E+018,42.3651924,-71.1238399,21.1360015869141,0.310000002384186
1.6980817818521E+018,42.3651924,-71.1238399,21.1360015869141,0.310000002384186
1.69808178195109E+018,42.3651924,-71.1238399,21.1360015869141,0.310000002384186
1.6980817820511E+018,42.3651924,-71.1238399,21.1360015869141,0.310000002384186
1.69808178215623E+018,42.3651924,-71.1238399,21.1360015869141,0.310000002384186
1.69808178225311E+018,42.3651924,-71.1238399,21.1360015869141,0.310000002384186
1.69808178235411E+018,42.3651924,-71.1238399,21.1360015869141,0.310000002384186
1.69808178245412E+018,42.3651924,-71.1238399,21.1360015869141,0.310000002384186
1.69808178255912E+018,42.3651924,-71.1238399,21.1360015869141,0.310000002384186
1.69808178265315E+018,42.3651924,-71.1238399,21.1360015869141,0.310000002384186
1.69808178275413E+018,42.3651924,-71.1238399,21.1360015869141,0.310000002384186
1.69808178285313E+018,42.3651924,-71.1238399,21.1360015869141,0.310000002384186
1.69808178295214E+018,42.3651924,-71.1238399,21.1360015869141,0.310000002384186
1.69808178305315E+018,42.3651924,-71.1238399,21.1360015869141,0.310000002384186
1.69808178315615E+018,42.3651924,-71.1238399,21.1360015869141,0.310000002384186
1.69808178325415E+018,42.3651924,-71.1238399,21.1360015869141,0.310000002384186
1.69808178335416E+018,42.3651924,-71.1238399,21.1360015869141,0.310000002384186
1.69808178345216E+018,42.3651924,-71.1238399,21.1360015869141,0.310000002384186
1.69808178355917E+018,42.3651924,-71.1238399,21.1360015869141,0.310000002384186
1.69808178365318E+018,42.3651924,-71.1238399,21.1360015869141,0.310000002384186
1.69808178375217E+018,42.3651924,-71.1238399,21.1360015869141,0.310000002384186
1.69808178385218E+018,42.3651924,-71.1238399,21.1360015869141,0.310000002384186
1.69808178395319E+018,42.3651924,-71.1238399,21.1360015869141,0.310000002384186
1.69808178405495E+018,42.3651924,-71.1238399,21.1360015869141,0.310000002384186
1.69808178415621E+018,42.3651924,-71.1238399,21.1360015869141,0.310000002384186
1.69808178425419E+018,42.3651924,-71.1238399,21.1360015869141,0.310000002384186
1.6980817843522E+018,42.3651924,-71.1238399,21.1360015869141,0.310000002384186
1.6980817844532E+018,42.3651924,-71.1238399,21.1360015869141,0.310000002384186
1.69808178455921E+018,42.3651924,-71.1238399,21.1360015869141,0.310000002384186
1.69808178465175E+018,42.3651924,-71.1238399,21.1360015869141,0.310000002384186
1.69808178475122E+018,42.3651924,-71.1238399,21.1360015869141,0.310000002384186
1.69808178485224E+018,42.3651924,-71.1238399,21.1360015869141,0.310000002384186
1.69808178495138E+018,42.3651924,-71.1238399,21.1360015869141,0.310000002384186
1.69808178505223E+018,42.3651924,-71.1238399,21.1360015869141,0.310000002384186
1.69808178515623E+018,42.3651924,-71.1238399,21.1360015869141,0.310000002384186
1.69808178525224E+018,42.3651924,-71.1238399,21.1360015869141,0.310000002384186
1.69808178535324E+018,42.3651924,-71.1238399,21.1360015869141,0.310000002384186
1.69808178545325E+018,42.3651924,-71.1238399,21.1360015869141,0.310000002384186
1.69808178555725E+018,42.3651924,-71.1238399,21.1360015869141,0.310000002384186
1.69808178565226E+018,42.3651924,-71.1238399,21.1360015869141,0.310000002384186
1.69808178575326E+018,42.3651924,-71.1238399,21.1360015869141,0.310000002384186
1.69808178585126E+018,42.3651924,-71.1238399,21.1360015869141,0.310000002384186
1.69808178595229E+018,42.3651924,-71.1238399,21.1360015869141,0.310000002384186
1.69808178605327E+018,42.3651924,-71.1238399,21.1360015869141,0.310000002384186
1.69808178615547E+018,42.3651924,-71.1238399,21.1360015869141,0.310000002384186
1.69808178625228E+018,42.3651924,-71.1238399,21.1360015869141,0.310000002384186
1.69808178635332E+018,42.3651924,-71.1238399,21.1360015869141,0.310000002384186
1.69808178645129E+018,42.3651924,-71.1238399,21.1360015869141,0.310000002384186
1.69808178655631E+018,42.3651924,-71.1238399,21.1360015869141,0.310000002384186
1.6980817866523E+018,42.3651924,-71.1238399,21.1360015869141,0.310000002384186
1.6980817867513E+018,42.3651924,-71.1238399,21.1360015869141,0.310000002384186
1.69808178685131E+018,42.3651924,-71.1238399,21.1360015869141,0.310000002384186
1.69808178695233E+018,42.3651924,-71.1238399,21.1360015869141,0.310000002384186
1.69808178705032E+018,42.3651924,-71.1238399,21.1360015869141,0.310000002384186
1.69808178715534E+018,42.3651924,-71.1238399,21.1360015869141,0.310000002384186
1.69808178725337E+018,42.3651924,-71.1238399,21.1360015869141,0.310000002384186
1.69808178735935E+018,42.3651924,-71.1238399,21.1360015869141,0.310000002384186
1.69808178745134E+018,42.3651924,-71.1238399,21.1360015869141,0.310000002384186
1.69808178755334E+018,42.3651924,-71.1238399,21.1360015869141,0.310000002384186
1.69808178765251E+018,42.3651924,-71.1238399,21.1360015869141,0.310000002384186
1.69808178775235E+018,42.3651924,-71.1238399,21.1360015869141,0.310000002384186
1.69808178785236E+018,42.3651924,-71.1238399,21.1360015869141,0.310000002384186
1.69808178795136E+018,42.3651924,-71.1238399,21.1360015869141,0.310000002384186
1.69808178805236E+018,42.3651924,-71.1238399,21.1360015869141,0.310000002384186
1.698081788157E+018,42.3651924,-71.1238399,21.1360015869141,0.310000002384186
1.69808178825139E+018,42.3651924,-71.1238399,21.1360015869141,0.310000002384186
1.69808178835138E+018,42.3651924,-71.1238399,21.1360015869141,0.310000002384186
1.69808178845238E+018,42.3651924,-71.1238399,21.1360015869141,0.310000002384186
1.69808178855538E+018,42.3651924,-71.1238399,21.1360015869141,0.310000002384186
1.6980817886514E+018,42.3651924,-71.1238399,21.1360015869141,0.310000002384186
1.69808178875346E+018,42.3651924,-71.1238399,21.1360015869141,0.310000002384186
1.6980817888514E+018,42.3651924,-71.1238399,21.1360015869141,0.310000002384186
1.69808178895242E+018,42.3651924,-71.1238399,21.1360015869141,0.310000002384186
1.69808178905241E+018,42.3651924,-71.1238399,21.1360015869141,0.310000002384186
1.69808178915441E+018,42.3651924,-71.1238399,21.1360015869141,0.310000002384186
1.69808178925176E+018,42.3651924,-71.1238399,21.1360015869141,0.310000002384186
1.69808178935242E+018,42.3651924,-71.1238399,21.1360015869141,0.310000002384186
1.69808178945044E+018,42.3651924,-71.1238399,21.1360015869141,0.310000002384186
1.69808178955843E+018,42.3651924,-71.1238399,21.1360015869141,0.310000002384186
1.6980817896526E+018,42.3651924,-71.1238399,21.1360015869141,0.310000002384186
1.69808178975157E+018,42.3651924,-71.1238399,21.1360015869141,0.310000002384186
1.69808178985244E+018,42.3651924,-71.1238399,21.1360015869141,0.310000002384186
1.69808178995245E+018,42.3651924,-71.1238399,21.1360015869141,0.310000002384186
