1700599518121396480.000000,0.000000,-0.854889,1384.411133,-1768.077881,-9.569670,
1700599518157396480.000000,0.000000,-0.854887,1384.343384,-1768.158081,-9.567759,
1700599518193396480.000000,0.000000,-0.854859,1384.272705,-1768.241333,-9.566091,
1700599518220401664.000000,0.000000,-0.854873,1384.222290,-1768.301270,-9.564783,
1700599518256401664.000000,0.000000,-0.854729,1384.152344,-1768.384033,-9.563272,
1700599518292401664.000000,0.000000,-0.854870,1384.084961,-1768.463623,-9.562051,
1700599518328406272.000000,0.000000,-0.855005,1384.014038,-1768.546997,-9.561065,
1700599518355406336.000000,0.000000,-0.855407,1383.959961,-1768.610229,-9.560474,
1700599518391406080.000000,0.000000,-0.855475,1383.891235,-1768.690186,-9.559658,
1700599518418411776.000000,0.000000,-0.855388,1383.837036,-1768.753174,-9.558736,
1700599518454411776.000000,0.000000,-0.855467,1383.768311,-1768.832764,-9.557268,
1700599518490411776.000000,0.000000,-0.855746,1383.696655,-1768.915649,-9.555696,
1700599518526416896.000000,0.000000,-0.855787,1383.628296,-1768.995972,-9.553861,
1700599518553416960.000000,0.000000,-0.855974,1383.574219,-1769.059326,-9.552525,
1700599518589416960.000000,0.000000,-0.856241,1383.505615,-1769.139160,-9.550999,
1700599518625422336.000000,0.000000,-0.856468,1383.433838,-1769.222046,-9.549270,
1700599518652422400.000000,0.000000,-0.856834,1383.382202,-1769.281738,-9.547816,
1700599518688422400.000000,0.000000,-0.857108,1383.310425,-1769.364502,-9.546353,
1700599518724425984.000000,0.000000,-0.857308,1383.241333,-1769.443970,-9.544700,
1700599518760425984.000000,0.000000,-0.857589,1383.168701,-1769.526855,-9.543217,
1700599518787425792.000000,0.000000,-0.857603,1383.113403,-1769.589355,-9.542320,
1700599518823430656.000000,0.000000,-0.858006,1383.044556,-1769.667236,-9.541017,
1700599518859430912.000000,0.000000,-0.858301,1382.971802,-1769.749023,-9.539702,
1700599518886430720.000000,0.000000,-0.858341,1382.916504,-1769.810791,-9.538719,
1700599518921435648.000000,0.000000,-0.858152,1382.846558,-1769.888916,-9.536884,
1700599518958435584.000000,0.000000,-0.857999,1382.772827,-1769.970215,-9.535204,
1700599518993435648.000000,0.000000,-0.857932,1382.702026,-1770.048340,-9.533603,
1700599519020440064.000000,0.000000,-0.858072,1382.645752,-1770.110107,-9.532327,
1700599519056440064.000000,0.000000,-0.858512,1382.574097,-1770.188232,-9.530415,
1700599519092440064.000000,0.000000,-0.858417,1382.499390,-1770.269043,-9.528105,
1700599519119443456.000000,0.000000,-0.858729,1382.445557,-1770.327148,-9.526527,
1700599519155443712.000000,0.000000,-0.858768,1382.370728,-1770.408447,-9.524465,
1700599519191443456.000000,0.000000,-0.858966,1382.295532,-1770.489380,-9.522341,
1700599519227448320.000000,0.000000,-0.858743,1382.223877,-1770.567139,-9.520324,
1700599519254448128.000000,0.000000,-0.858735,1382.169678,-1770.625732,-9.518950,
1700599519290448128.000000,0.000000,-0.858656,1382.094360,-1770.706787,-9.517402,
1700599519326452992.000000,0.000000,-0.858350,1382.019409,-1770.787964,-9.516308,
1700599519353453056.000000,0.000000,-0.858053,1381.965454,-1770.846313,-9.515490,
1700599519389453056.000000,0.000000,-0.857807,1381.890137,-1770.927124,-9.514482,
1700599519425457920.000000,0.000000,-0.857032,1381.818237,-1771.005127,-9.513709,
1700599519452457984.000000,0.000000,-0.856864,1381.761353,-1771.066895,-9.513345,
1700599519488457984.000000,0.000000,-0.856517,1381.689087,-1771.144653,-9.513087,
1700599519524464128.000000,0.000000,-0.856562,1381.614014,-1771.225830,-9.513323,
1700599519551463936.000000,0.000000,-0.856765,1381.560181,-1771.284668,-9.513805,
1700599519587464192.000000,0.000000,-0.856845,1381.485229,-1771.366455,-9.514649,
1700599519623468544.000000,0.000000,-0.857583,1381.412964,-1771.445923,-9.515597,
1700599519659468800.000000,0.000000,-0.858606,1381.337646,-1771.528687,-9.516809,
1700599519690468608.000000,0.000000,-0.859105,1381.280518,-1771.591675,-9.517897,
1700599519722473216.000000,0.000000,-0.860099,1381.208130,-1771.671021,-9.519251,
1700599519758473216.000000,0.000000,-0.860685,1381.132324,-1771.753906,-9.520699,
1700599519794473216.000000,0.000000,-0.860700,1381.059570,-1771.833130,-9.521826,
1700599519821477888.000000,0.000000,-0.861202,1381.002441,-1771.896240,-9.522634,
1700599519857477888.000000,0.000000,-0.861505,1380.930664,-1771.976318,-9.523440,
1700599519893477888.000000,0.000000,-0.861743,1380.855469,-1772.059692,-9.523938,
1700599519920482560.000000,0.000000,-0.862229,1380.801270,-1772.119995,-9.524094,
1700599519960482560.000000,0.000000,-0.862265,1380.724976,-1772.204590,-9.524139,
1700599519992482560.000000,0.000000,-0.862482,1380.652466,-1772.284668,-9.523843,
1700599520019487232.000000,0.000000,-0.861984,1380.594971,-1772.348389,-9.523625,
1700599520054487040.000000,0.000000,-0.861239,1380.522339,-1772.429321,-9.523008,
1700599520090487040.000000,0.000000,-0.861073,1380.446533,-1772.513672,-9.522403,
1700599520126491648.000000,0.000000,-0.860600,1380.374146,-1772.594971,-9.521112,
1700599520153491712.000000,0.000000,-0.860278,1380.316895,-1772.659180,-9.520162,
1700599520189491712.000000,0.000000,-0.860158,1380.244019,-1772.740234,-9.518622,
1700599520225496320.000000,0.000000,-0.859694,1380.166870,-1772.824585,-9.517227,
1700599520261496320.000000,0.000000,-0.859755,1380.092651,-1772.905640,-9.515977,
1700599520288496384.000000,0.000000,-0.859842,1380.033936,-1772.969727,-9.514991,
1700599520324500992.000000,0.000000,-0.860427,1379.956543,-1773.055054,-9.514112,
1700599520360500992.000000,0.000000,-0.860758,1379.881714,-1773.137573,-9.513386,
1700599520387501056.000000,0.000000,-0.860891,1379.822266,-1773.202637,-9.512415,
1700599520423506944.000000,0.000000,-0.860918,1379.747437,-1773.284912,-9.511714,
1700599520459506688.000000,0.000000,-0.861057,1379.669678,-1773.370728,-9.511546,
1700599520486506752.000000,0.000000,-0.861336,1379.613647,-1773.432739,-9.511397,
1700599520522510336.000000,0.000000,-0.861384,1379.536011,-1773.519165,-9.511279,
1700599520558510336.000000,0.000000,-0.861740,1379.461792,-1773.602173,-9.511125,
1700599520594510336.000000,0.000000,-0.861731,1379.384277,-1773.688599,-9.510942,
1700599520621514752.000000,0.000000,-0.861933,1379.328491,-1773.751221,-9.510736,
1700599520657514752.000000,0.000000,-0.861882,1379.251099,-1773.838623,-9.510235,
1700599520684514816.000000,0.000000,-0.861869,1379.195435,-1773.901611,-9.509963,
1700599520720518912.000000,0.000000,-0.862559,1379.117554,-1773.989014,-9.509470,
1700599520756518912.000000,0.000000,-0.862880,1379.038940,-1774.076416,-9.509185,
1700599520792518912.000000,0.000000,-0.863227,1378.963257,-1774.160034,-9.509196,
1700599520828523008.000000,0.000000,-0.863698,1378.884033,-1774.247314,-9.509030,
1700599520854522880.000000,0.000000,-0.864104,1378.826904,-1774.310303,-9.508894,
1700599520890522880.000000,0.000000,-0.864384,1378.746826,-1774.397705,-9.508880,
1700599520926527232.000000,0.000000,-0.864308,1378.670044,-1774.481567,-9.508700,
1700599520953527296.000000,0.000000,-0.864305,1378.609375,-1774.547974,-9.508703,
1700599520989527296.000000,0.000000,-0.864035,1378.532471,-1774.631470,-9.508392,
1700599521025531904.000000,0.000000,-0.863326,1378.451904,-1774.717529,-9.508085,
1700599521061531904.000000,0.000000,-0.862715,1378.374268,-1774.800049,-9.507604,
1700599521088531968.000000,0.000000,-0.861809,1378.312744,-1774.865356,-9.507409,
1700599521124536320.000000,0.000000,-0.860230,1378.234009,-1774.949097,-9.507057,
1700599521160536320.000000,0.000000,-0.858228,1378.153076,-1775.035034,-9.506518,
1700599521187536384.000000,0.000000,-0.857087,1378.094849,-1775.096924,-9.506002,
1700599521223540736.000000,0.000000,-0.855129,1378.013916,-1775.183228,-9.505277,
1700599521259540992.000000,0.000000,-0.853543,1377.935913,-1775.265747,-9.504605,
1700599521286540800.000000,0.000000,-0.853138,1377.873657,-1775.331055,-9.504075,
1700599521322545152.000000,0.000000,-0.852431,1377.795288,-1775.413818,-9.503359,
1700599521358545152.000000,0.000000,-0.852196,1377.713867,-1775.500122,-9.502219,
1700599521385545216.000000,0.000000,-0.852020,1377.655273,-1775.562134,-9.501373,
1700599521421549568.000000,0.000000,-0.851894,1377.573853,-1775.648071,-9.499854,
1700599521457549568.000000,0.000000,-0.852593,1377.492310,-1775.733887,-9.498326,
1700599521493549568.000000,0.000000,-0.853041,1377.413208,-1775.816040,-9.496620,
1700599521520555264.000000,0.000000,-0.853814,1377.350220,-1775.881470,-9.495267,
1700599521556555264.000000,0.000000,-0.854454,1377.270142,-1775.964111,-9.493592,
1700599521592555264.000000,0.000000,-0.854718,1377.186768,-1776.049927,-9.491683,
1700599521619560448.000000,0.000000,-0.855377,1377.127197,-1776.111816,-9.490113,
1700599521655560704.000000,0.000000,-0.856097,1377.044556,-1776.197632,-9.488159,
1700599521691560448.000000,0.000000,-0.856273,1376.964600,-1776.280151,-9.486034,
1700599521718565376.000000,0.000000,-0.857128,1376.901123,-1776.345459,-9.484326,
1700599521754565376.000000,0.000000,-0.857623,1376.821045,-1776.427856,-9.482087,
1700599521790565376.000000,0.000000,-0.857644,1376.737671,-1776.513306,-9.479730,
1700599521825571072.000000,0.000000,-0.857783,1376.654541,-1776.599121,-9.477696,
1700599521853571072.000000,0.000000,-0.857375,1376.594604,-1776.660522,-9.475997,
1700599521888571136.000000,0.000000,-0.856762,1376.511108,-1776.745483,-9.473785,
1700599521924575488.000000,0.000000,-0.856251,1376.431030,-1776.826660,-9.471421,
1700599521960575488.000000,0.000000,-0.856116,1376.347534,-1776.911133,-9.469028,
1700599521987575296.000000,0.000000,-0.855914,1376.287476,-1776.971924,-9.467314,
1700599522023581184.000000,0.000000,-0.855940,1376.203857,-1777.056519,-9.464744,
1700599522059580928.000000,0.000000,-0.856613,1376.123779,-1777.138062,-9.462298,
1700599522086580992.000000,0.000000,-0.856813,1376.060425,-1777.202271,-9.460711,
1700599522122586368.000000,0.000000,-0.857560,1375.981323,-1777.283325,-9.458415,
1700599522158586368.000000,0.000000,-0.858292,1375.898804,-1777.367310,-9.456362,
1700599522185586432.000000,0.000000,-0.858509,1375.839478,-1777.427734,-9.454899,
1700599522221591808.000000,0.000000,-0.858918,1375.757080,-1777.512085,-9.452893,
1700599522257591808.000000,0.000000,-0.858851,1375.676880,-1777.594238,-9.451219,
1700599522293591808.000000,0.000000,-0.858767,1375.594482,-1777.678711,-9.449986,
1700599522320595968.000000,0.000000,-0.859034,1375.535522,-1777.739868,-9.448877,
1700599522356595968.000000,0.000000,-0.859228,1375.453491,-1777.825073,-9.447684,
1700599522392595968.000000,0.000000,-0.859294,1375.374512,-1777.906616,-9.446698,
1700599522419601408.000000,0.000000,-0.859211,1375.312378,-1777.971436,-9.446402,
1700599522455601664.000000,0.000000,-0.859357,1375.233765,-1778.053467,-9.446228,
1700599522491601408.000000,0.000000,-0.859304,1375.151855,-1778.138794,-9.446433,
1700599522527606784.000000,0.000000,-0.859406,1375.069946,-1778.224243,-9.446689,
1700599522554606592.000000,0.000000,-0.859245,1375.010620,-1778.285767,-9.447016,
1700599522590606592.000000,0.000000,-0.859444,1374.928467,-1778.371094,-9.447713,
1700599522626611968.000000,0.000000,-0.859790,1374.849854,-1778.453857,-9.448295,
1700599522653612032.000000,0.000000,-0.860086,1374.787720,-1778.519531,-9.448803,
1700599522689612032.000000,0.000000,-0.860285,1374.709106,-1778.602539,-9.449397,
1700599522725618176.000000,0.000000,-0.860747,1374.627319,-1778.688232,-9.449858,
1700599522761618176.000000,0.000000,-0.861480,1374.548706,-1778.770264,-9.450090,
1700599522787618304.000000,0.000000,-0.861691,1374.486572,-1778.835205,-9.450384,
1700599522823623168.000000,0.000000,-0.862112,1374.408325,-1778.917236,-9.450297,
1700599522859623424.000000,0.000000,-0.862472,1374.326904,-1779.002686,-9.450181,
1700599522886623232.000000,0.000000,-0.862645,1374.268555,-1779.064209,-9.450021,
1700599522922628608.000000,0.000000,-0.862632,1374.187378,-1779.150269,-9.449739,
1700599522958628608.000000,0.000000,-0.861877,1374.106567,-1779.236206,-9.449346,
1700599522985628672.000000,0.000000,-0.861642,1374.047974,-1779.298096,-9.448884,
1700599523021633792.000000,0.000000,-0.861135,1373.967285,-1779.384033,-9.448148,
1700599523057633792.000000,0.000000,-0.860601,1373.889893,-1779.466553,-9.447268,
1700599523084633856.000000,0.000000,-0.860378,1373.828369,-1779.531738,-9.446528,
1700599523120639232.000000,0.000000,-0.860032,1373.750732,-1779.614014,-9.445796,
1700599523156639232.000000,0.000000,-0.859729,1373.669556,-1779.699951,-9.445431,
1700599523192639232.000000,0.000000,-0.859876,1373.591431,-1779.781982,-9.445084,
1700599523228643840.000000,0.000000,-0.860291,1373.510376,-1779.866821,-9.445202,
1700599523255643648.000000,0.000000,-0.860572,1373.452148,-1779.927612,-9.445431,
1700599523291643904.000000,0.000000,-0.861310,1373.371216,-1780.012085,-9.445691,
1700599523327649280.000000,0.000000,-0.862254,1373.290283,-1780.096924,-9.445861,
1700599523354649088.000000,0.000000,-0.863075,1373.231934,-1780.158081,-9.445893,
1700599523391649280.000000,0.000000,-0.863418,1373.150513,-1780.242920,-9.445964,
1700599523426654976.000000,0.000000,-0.863832,1373.071289,-1780.325317,-9.445956,
1700599523453655040.000000,0.000000,-0.864438,1373.012695,-1780.385742,-9.445751,
1700599523489655040.000000,0.000000,-0.864700,1372.931274,-1780.469604,-9.445583,
1700599523525660160.000000,0.000000,-0.865561,1372.853149,-1780.550171,-9.444928,
1700599523552660224.000000,0.000000,-0.865902,1372.791260,-1780.613525,-9.444728,
1700599523588660224.000000,0.000000,-0.865831,1372.713135,-1780.693115,-9.444257,
1700599523624665600.000000,0.000000,-0.866209,1372.631470,-1780.776245,-9.444145,
1700599523651665408.000000,0.000000,-0.866512,1372.572510,-1780.835815,-9.444191,
1700599523687665664.000000,0.000000,-0.866443,1372.490112,-1780.917725,-9.444201,
1700599523723671040.000000,0.000000,-0.866440,1372.408081,-1780.999756,-9.444330,
1700599523758670848.000000,0.000000,-0.866672,1372.329468,-1781.077881,-9.444468,
1700599523786670848.000000,0.000000,-0.866666,1372.267334,-1781.139282,-9.444520,
1700599523821676544.000000,0.000000,-0.866513,1372.188965,-1781.217041,-9.444532,
1700599523857676544.000000,0.000000,-0.865662,1372.106689,-1781.297363,-9.444329,
1700599523893676544.000000,0.000000,-0.865317,1372.027344,-1781.374023,-9.443884,
1700599523920681728.000000,0.000000,-0.864532,1371.964722,-1781.434448,-9.443788,
1700599523956681728.000000,0.000000,-0.863564,1371.885620,-1781.510620,-9.443395,
1700599523992681728.000000,0.000000,-0.863136,1371.803223,-1781.589722,-9.442711,
1700599524019686400.000000,0.000000,-0.862079,1371.743896,-1781.646851,-9.442111,
1700599524055686144.000000,0.000000,-0.861146,1371.661377,-1781.725464,-9.441382,
1700599524091686400.000000,0.000000,-0.860750,1371.578857,-1781.803711,-9.440529,
1700599524127691264.000000,0.000000,-0.860184,1371.499512,-1781.879272,-9.439580,
1700599524154691328.000000,0.000000,-0.859872,1371.436768,-1781.939087,-9.438742,
1700599524190691328.000000,0.000000,-0.859968,1371.357056,-1782.014526,-9.437682,
1700599524226696448.000000,0.000000,-0.860368,1371.274658,-1782.093140,-9.436563,
1700599524253696512.000000,0.000000,-0.860959,1371.215698,-1782.149902,-9.435786,
1700599524289696512.000000,0.000000,-0.861508,1371.133789,-1782.228149,-9.434739,
1700599524325701632.000000,0.000000,-0.862387,1371.055542,-1782.303589,-9.434103,
1700599524352701696.000000,0.000000,-0.862802,1370.993286,-1782.363037,-9.433819,
1700599524388701696.000000,0.000000,-0.862909,1370.914673,-1782.438232,-9.433296,
1700599524424706816.000000,0.000000,-0.862945,1370.833984,-1782.516357,-9.432884,
1700599524460706816.000000,0.000000,-0.862715,1370.753540,-1782.594116,-9.432574,
1700599524487706624.000000,0.000000,-0.862369,1370.695679,-1782.650146,-9.432426,
1700599524523713024.000000,0.000000,-0.862366,1370.615112,-1782.728149,-9.432744,
1700599524559713280.000000,0.000000,-0.862627,1370.536499,-1782.804321,-9.433430,
1700599524586713088.000000,0.000000,-0.862701,1370.478271,-1782.860474,-9.433958,
1700599524622719488.000000,0.000000,-0.862727,1370.397583,-1782.938232,-9.435018,
1700599524658719488.000000,0.000000,-0.862969,1370.320190,-1783.012939,-9.436446,
1700599524693719552.000000,0.000000,-0.863189,1370.239258,-1783.090454,-9.438158,
1700599524721724672.000000,0.000000,-0.864091,1370.177979,-1783.149536,-9.439248,
1700599524756724736.000000,0.000000,-0.864806,1370.100708,-1783.224121,-9.440742,
1700599524792724736.000000,0.000000,-0.865216,1370.019775,-1783.301636,-9.442492,
1700599524819729920.000000,0.000000,-0.866257,1369.962280,-1783.357300,-9.443572,
1700599524855729664.000000,0.000000,-0.867137,1369.882690,-1783.434692,-9.445250,
1700599524891729920.000000,0.000000,-0.867420,1369.806152,-1783.508911,-9.446651,
1700599524927734784.000000,0.000000,-0.868073,1369.726685,-1783.586670,-9.447824,
1700599524954734848.000000,0.000000,-0.868840,1369.669312,-1783.642700,-9.448666,
1700599524990734848.000000,0.000000,-0.868909,1369.589844,-1783.720459,-9.449790,
1700599525026739712.000000,0.000000,-0.869553,1369.514404,-1783.794922,-9.450669,
1700599525053739776.000000,0.000000,-0.870051,1369.454590,-1783.853638,-9.451340,
1700599525089739776.000000,0.000000,-0.870193,1369.375732,-1783.930786,-9.451776,
1700599525125744896.000000,0.000000,-0.869847,1369.300903,-1784.004150,-9.451647,
1700599525152744960.000000,0.000000,-0.869625,1369.241821,-1784.062134,-9.451385,
1700599525188744960.000000,0.000000,-0.869561,1369.167114,-1784.135376,-9.450848,
1700599525224751360.000000,0.000000,-0.869216,1369.089478,-1784.211670,-9.450228,
1700599525251751424.000000,0.000000,-0.868956,1369.033447,-1784.266602,-9.449506,
1700599525287751168.000000,0.000000,-0.868706,1368.955566,-1784.342896,-9.448452,
1700599525323756032.000000,0.000000,-0.867779,1368.880859,-1784.416016,-9.447186,
1700599525359756288.000000,0.000000,-0.866691,1368.803955,-1784.491455,-9.445376,
1700599525386756096.000000,0.000000,-0.866377,1368.748413,-1784.545654,-9.443922,
1700599525422760960.000000,0.000000,-0.865655,1368.671021,-1784.620850,-9.442061,
1700599525458760960.000000,0.000000,-0.865231,1368.593628,-1784.695557,-9.440136,
1700599525485761024.000000,0.000000,-0.865470,1368.537964,-1784.749023,-9.438726,
1700599525521765888.000000,0.000000,-0.865482,1368.460815,-1784.823242,-9.436331,
1700599525557765888.000000,0.000000,-0.866046,1368.386719,-1784.894287,-9.433993,
1700599525584765952.000000,0.000000,-0.866382,1368.328003,-1784.949951,-9.431933,
1700599525620770560.000000,0.000000,-0.866824,1368.254761,-1785.020508,-9.429074,
1700599525656770560.000000,0.000000,-0.867760,1368.178223,-1785.094116,-9.426623,
1700599525691770368.000000,0.000000,-0.868135,1368.105225,-1785.163940,-9.423554,
1700599525727775232.000000,0.000000,-0.868743,1368.028076,-1785.237671,-9.420918,
1700599525754775040.000000,0.000000,-0.869241,1367.973145,-1785.290039,-9.418888,
1700599525790775040.000000,0.000000,-0.869481,1367.896851,-1785.362671,-9.416147,
1700599525817779712.000000,0.000000,-0.869905,1367.842163,-1785.415283,-9.414279,
1700599525853779712.000000,0.000000,-0.869976,1367.766846,-1785.488037,-9.411977,
1700599525889779712.000000,0.000000,-0.870071,1367.694580,-1785.557739,-9.409581,
1700599525925784320.000000,0.000000,-0.869567,1367.619263,-1785.630249,-9.407034,
1700599525952784384.000000,0.000000,-0.869363,1367.565430,-1785.682495,-9.404754,
1700599525988784384.000000,0.000000,-0.869406,1367.491089,-1785.754761,-9.401867,
1700599526024791296.000000,0.000000,-0.869687,1367.420044,-1785.823853,-9.398221,
1700599526051791360.000000,0.000000,-0.869927,1367.364380,-1785.878296,-9.394607,
1700599526087791104.000000,0.000000,-0.869717,1367.294556,-1785.947144,-9.390386,
1700599526123797504.000000,0.000000,-0.869534,1367.221558,-1786.018188,-9.385729,
1700599526159797248.000000,0.000000,-0.869222,1367.148682,-1786.088745,-9.381229,
1700599526186797312.000000,0.000000,-0.869344,1367.096680,-1786.139282,-9.377847,
1700599526222802432.000000,0.000000,-0.869411,1367.024414,-1786.209229,-9.373196,
1700599526258802432.000000,0.000000,-0.869674,1366.955566,-1786.276123,-9.368020,
1700599526285802496.000000,0.000000,-0.870065,1366.901367,-1786.328735,-9.363974,
1700599526321807104.000000,0.000000,-0.870310,1366.833496,-1786.395142,-9.358288,
1700599526357807104.000000,0.000000,-0.870191,1366.763306,-1786.464233,-9.352470,
1700599526384807168.000000,0.000000,-0.870263,1366.712769,-1786.513306,-9.347660,
1700599526420811776.000000,0.000000,-0.870170,1366.643555,-1786.580933,-9.341620,
1700599526456811776.000000,0.000000,-0.870526,1366.578003,-1786.645020,-9.335266,
1700599526492811776.000000,0.000000,-0.870626,1366.510620,-1786.710449,-9.328523,
1700599526519816704.000000,0.000000,-0.870512,1366.463623,-1786.756104,-9.324152,
1700599526555816960.000000,0.000000,-0.869745,1366.399780,-1786.817749,-9.318310,
1700599526591816704.000000,0.000000,-0.869602,1366.337524,-1786.877686,-9.312905,
1700599526618822144.000000,0.000000,-0.868862,1366.294434,-1786.919189,-9.309334,
1700599526653822208.000000,0.000000,-0.868546,1366.236328,-1786.974854,-9.304866,
1700599526689822208.000000,0.000000,-0.868208,1366.182739,-1787.025757,-9.300727,
1700599526725826816.000000,0.000000,-0.868352,1366.130005,-1787.075928,-9.297083,
1700599526752826880.000000,0.000000,-0.868793,1366.093750,-1787.110352,-9.294572,
1700599526788826880.000000,0.000000,-0.868926,1366.045410,-1787.155640,-9.291645,
1700599526824831744.000000,0.000000,-0.869335,1366.001831,-1787.196655,-9.289500,
1700599526860831744.000000,0.000000,-0.870304,1365.958130,-1787.237427,-9.287821,
1700599526887831552.000000,0.000000,-0.870609,1365.928833,-1787.264648,-9.286610,
1700599526923835904.000000,0.000000,-0.871728,1365.890381,-1787.301147,-9.285669,
1700599526959836160.000000,0.000000,-0.872088,1365.855957,-1787.333740,-9.284955,
1700599526986835968.000000,0.000000,-0.872013,1365.829834,-1787.358032,-9.284450,
1700599527022841600.000000,0.000000,-0.871442,1365.799072,-1787.387573,-9.283531,
1700599527058841600.000000,0.000000,-0.870176,1365.769287,-1787.416382,-9.282438,
1700599527094841600.000000,0.000000,-0.869975,1365.742310,-1787.442261,-9.281013,
1700599527121846784.000000,0.000000,-0.869072,1365.722290,-1787.462280,-9.279996,
1700599527157846784.000000,0.000000,-0.869413,1365.698486,-1787.486328,-9.278423,
1700599527193846784.000000,0.000000,-0.868836,1365.675049,-1787.509033,-9.276308,
1700599527220851200.000000,0.000000,-0.868807,1365.659668,-1787.525513,-9.274776,
1700599527256851200.000000,0.000000,-0.868481,1365.639648,-1787.546753,-9.271860,
1700599527292851200.000000,0.000000,-0.868525,1365.621094,-1787.566162,-9.268871,
1700599527319855104.000000,0.000000,-0.868423,1365.608765,-1787.579834,-9.266915,
1700599527355854848.000000,0.000000,-0.868633,1365.592651,-1787.597534,-9.264648,
1700599527391855104.000000,0.000000,-0.868637,1365.578369,-1787.613159,-9.262673,
1700599527418859776.000000,0.000000,-0.868802,1365.567749,-1787.624634,-9.261436,
1700599527454859776.000000,0.000000,-0.868926,1365.555298,-1787.638428,-9.260236,
1700599527490859776.000000,0.000000,-0.869357,1365.543213,-1787.651123,-9.259434,
1700599527526864128.000000,0.000000,-0.869919,1365.532593,-1787.663696,-9.259229,
1700599527552864256.000000,0.000000,-0.871448,1365.524780,-1787.672485,-9.259249,
1700599527589864192.000000,0.000000,-0.872429,1365.515259,-1787.682739,-9.259500,
1700599527624868864.000000,0.000000,-0.874352,1365.506958,-1787.693604,-9.260052,
1700599527660868864.000000,0.000000,-0.876192,1365.499756,-1787.703369,-9.261485,
1700599527687868928.000000,0.000000,-0.877268,1365.495117,-1787.710205,-9.263127,
1700599527723873792.000000,0.000000,-0.878888,1365.490112,-1787.719482,-9.266193,
1700599527759874048.000000,0.000000,-0.880217,1365.486206,-1787.727661,-9.270267,
1700599527786873856.000000,0.000000,-0.880838,1365.483521,-1787.733643,-9.274211,
1700599527822879232.000000,0.000000,-0.881781,1365.481201,-1787.741577,-9.279783,
1700599527858879232.000000,0.000000,-0.883010,1365.479126,-1787.748657,-9.286776,
1700599527885879296.000000,0.000000,-0.883279,1365.478149,-1787.753418,-9.292537,
1700599527921883648.000000,0.000000,-0.883342,1365.477905,-1787.760010,-9.301450,
1700599527957883648.000000,0.000000,-0.882916,1365.478271,-1787.765381,-9.310404,
1700599527993883648.000000,0.000000,-0.882663,1365.479004,-1787.770386,-9.321792,
1700599528020888320.000000,0.000000,-0.881936,1365.480347,-1787.773804,-9.330529,
1700599528056888320.000000,0.000000,-0.881279,1365.482666,-1787.778076,-9.342973,
1700599528092888320.000000,0.000000,-0.881109,1365.485596,-1787.781860,-9.355936,
1700599528119892992.000000,0.000000,-0.880423,1365.488159,-1787.783936,-9.365851,
1700599528155893248.000000,0.000000,-0.879813,1365.492065,-1787.785889,-9.377835,
1700599528191892992.000000,0.000000,-0.879552,1365.496216,-1787.787476,-9.391448,
1700599528218898944.000000,0.000000,-0.878685,1365.500122,-1787.789307,-9.399479,
1700599528254898944.000000,0.000000,-0.878733,1365.505859,-1787.792114,-9.410936,
1700599528281899008.000000,0.000000,-0.878610,1365.510376,-1787.793945,-9.418545,
1700599528326903040.000000,0.000000,-0.878389,1365.518066,-1787.797241,-9.431110,
1700599528353903104.000000,0.000000,-0.877883,1365.522217,-1787.799438,-9.438640,
1700599528389903104.000000,0.000000,-0.877201,1365.527222,-1787.802612,-9.446499,
1700599528425908224.000000,0.000000,-0.876074,1365.531860,-1787.806152,-9.454596,
1700599528452908288.000000,0.000000,-0.874580,1365.535156,-1787.808472,-9.459666,
1700599528488908288.000000,0.000000,-0.873577,1365.538330,-1787.812012,-9.466149,
1700599528524912640.000000,0.000000,-0.871689,1365.541626,-1787.816650,-9.471326,
1700599528559912448.000000,0.000000,-0.870630,1365.543945,-1787.822021,-9.476301,
1700599528587912704.000000,0.000000,-0.870313,1365.545288,-1787.826050,-9.479018,
1700599528622918144.000000,0.000000,-0.869570,1365.546997,-1787.832031,-9.483875,
1700599528658918144.000000,0.000000,-0.870057,1365.547607,-1787.838135,-9.487125,
1700599528685918208.000000,0.000000,-0.870362,1365.547363,-1787.843140,-9.490033,
1700599528721924864.000000,0.000000,-0.871190,1365.546753,-1787.850708,-9.494000,
1700599528757924864.000000,0.000000,-0.872112,1365.545166,-1787.858765,-9.497390,
1700599528793924864.000000,0.000000,-0.872305,1365.542358,-1787.867676,-9.500943,
1700599528820930560.000000,0.000000,-0.872147,1365.540161,-1787.874268,-9.503860,
1700599528856930560.000000,0.000000,-0.871506,1365.536377,-1787.883667,-9.508553,
1700599528892930560.000000,0.000000,-0.871500,1365.531372,-1787.893188,-9.512972,
1700599528919936000.000000,0.000000,-0.870721,1365.527832,-1787.899902,-9.517257,
1700599528955935744.000000,0.000000,-0.869761,1365.522339,-1787.908691,-9.523521,
1700599528991936000.000000,0.000000,-0.869256,1365.515137,-1787.918579,-9.529689,
1700599529027939328.000000,0.000000,-0.868406,1365.507568,-1787.928589,-9.535600,
1700599529054939392.000000,0.000000,-0.868385,1365.500854,-1787.937134,-9.541459,
1700599529090939392.000000,0.000000,-0.868339,1365.491089,-1787.948975,-9.548700,
1700599529126944768.000000,0.000000,-0.868530,1365.480835,-1787.960693,-9.556170,
1700599529153944832.000000,0.000000,-0.868646,1365.472290,-1787.970703,-9.562894,
1700599529189944832.000000,0.000000,-0.868640,1365.460205,-1787.984253,-9.571742,
1700599529225949952.000000,0.000000,-0.868905,1365.447144,-1787.997681,-9.580725,
1700599529252950016.000000,0.000000,-0.868383,1365.435913,-1788.008545,-9.587983,
1700599529288950016.000000,0.000000,-0.868221,1365.420410,-1788.023315,-9.596958,
1700599529324955392.000000,0.000000,-0.867765,1365.403198,-1788.039551,-9.607395,
1700599529360955392.000000,0.000000,-0.866962,1365.384644,-1788.056885,-9.617115,
1700599529387955200.000000,0.000000,-0.866541,1365.370483,-1788.069946,-9.624452,
1700599529423960576.000000,0.000000,-0.865685,1365.350708,-1788.088745,-9.633399,
1700599529459960320.000000,0.000000,-0.865276,1365.330811,-1788.107666,-9.640723,
1700599529486960384.000000,0.000000,-0.864909,1365.314209,-1788.123169,-9.647011,
1700599529521965568.000000,0.000000,-0.864672,1365.292603,-1788.143066,-9.653016,
1700599529557965568.000000,0.000000,-0.864249,1365.268921,-1788.164917,-9.659451,
1700599529593965568.000000,0.000000,-0.863949,1365.244995,-1788.186523,-9.665005,
1700599529620970752.000000,0.000000,-0.863522,1365.225220,-1788.203613,-9.669225,
1700599529656970752.000000,0.000000,-0.863496,1365.199097,-1788.225708,-9.673623,
1700599529692970752.000000,0.000000,-0.863557,1365.170776,-1788.249878,-9.677845,
1700599529719975936.000000,0.000000,-0.863055,1365.149780,-1788.267456,-9.680252,
1700599529755975680.000000,0.000000,-0.862830,1365.119751,-1788.292603,-9.684235,
1700599529791975936.000000,0.000000,-0.862791,1365.089600,-1788.317749,-9.686470,
1700599529818980864.000000,0.000000,-0.862652,1365.064697,-1788.338745,-9.690009,
1700599529854980864.000000,0.000000,-0.863112,1365.030762,-1788.367065,-9.693038,
1700599529890980864.000000,0.000000,-0.863270,1364.997070,-1788.395264,-9.694963,
1700599529926985984.000000,0.000000,-0.863818,1364.961304,-1788.424438,-9.698061,
1700599529953986048.000000,0.000000,-0.863646,1364.934937,-1788.445557,-9.699846,
1700599529989986048.000000,0.000000,-0.863352,1364.897583,-1788.475830,-9.702421,
1700599530025990656.000000,0.000000,-0.862877,1364.860718,-1788.505005,-9.705123,
1700599530052990720.000000,0.000000,-0.862612,1364.830933,-1788.528809,-9.707458,
1700599530088990720.000000,0.000000,-0.862563,1364.792358,-1788.559570,-9.709839,
1700599530124996096.000000,0.000000,-0.862428,1364.751465,-1788.592285,-9.713052,
1700599530151995904.000000,0.000000,-0.862075,1364.721313,-1788.616455,-9.715038,
1700599530187996160.000000,0.000000,-0.861668,1364.678467,-1788.650757,-9.718366,
1700599530224002048.000000,0.000000,-0.861392,1364.634521,-1788.685425,-9.721031,
1700599530260001792.000000,0.000000,-0.861202,1364.591553,-1788.719238,-9.723804,
1700599530287001856.000000,0.000000,-0.861366,1364.556763,-1788.746826,-9.725892,
1700599530323007232.000000,0.000000,-0.861767,1364.513062,-1788.780273,-9.728061,
1700599530359007232.000000,0.000000,-0.862525,1364.466309,-1788.816406,-9.730939,
1700599530395007232.000000,0.000000,-0.863087,1364.418823,-1788.853149,-9.733530,
1700599530421012736.000000,0.000000,-0.864368,1364.382812,-1788.879395,-9.735972,
1700599530458012672.000000,0.000000,-0.865706,1364.332642,-1788.917114,-9.739972,
1700599530493012736.000000,0.000000,-0.866143,1364.283691,-1788.953857,-9.743332,
1700599530520017920.000000,0.000000,-0.867076,1364.243652,-1788.983398,-9.746820,
1700599530556018176.000000,0.000000,-0.867854,1364.192261,-1789.020874,-9.750536,
1700599530592017920.000000,0.000000,-0.867894,1364.138794,-1789.061035,-9.754361,
1700599530619022848.000000,0.000000,-0.867682,1364.099365,-1789.089600,-9.757825,
1700599530655022848.000000,0.000000,-0.867055,1364.044556,-1789.129883,-9.762331,
1700599530691022848.000000,0.000000,-0.866765,1363.991333,-1789.169434,-9.766942,
1700599530718027776.000000,0.000000,-0.866152,1363.948242,-1789.200684,-9.771544,
1700599530754027776.000000,0.000000,-0.866007,1363.890869,-1789.242188,-9.777514,
1700599530790027776.000000,0.000000,-0.865838,1363.835693,-1789.283081,-9.783288,
1700599530826033920.000000,0.000000,-0.865848,1363.777710,-1789.325684,-9.789737,
1700599530862033920.000000,0.000000,-0.865957,1363.721436,-1789.366821,-9.795691,
1700599530889033984.000000,0.000000,-0.865940,1363.676880,-1789.400269,-9.800819,
1700599530925039104.000000,0.000000,-0.866383,1363.619873,-1789.441650,-9.807415,
1700599530961039104.000000,0.000000,-0.866697,1363.559692,-1789.484863,-9.814539,
1700599530988039168.000000,0.000000,-0.867021,1363.516479,-1789.516113,-9.819064,
1700599531024043008.000000,0.000000,-0.867848,1363.456177,-1789.559448,-9.825201,
1700599531060042752.000000,0.000000,-0.868768,1363.398071,-1789.601685,-9.831280,
1700599531087042816.000000,0.000000,-0.869015,1363.351929,-1789.635498,-9.835478,
1700599531123048192.000000,0.000000,-0.869566,1363.292114,-1789.677734,-9.841377,
1700599531159048192.000000,0.000000,-0.870017,1363.230225,-1789.722290,-9.847159,
1700599531195048192.000000,0.000000,-0.870176,1363.168823,-1789.767456,-9.852414,
1700599531222053120.000000,0.000000,-0.870486,1363.124390,-1789.800049,-9.856121,
1700599531258053120.000000,0.000000,-0.871177,1363.062988,-1789.845825,-9.861147,
1700599531285053184.000000,0.000000,-0.871623,1363.019043,-1789.879028,-9.864750,
1700599531321058304.000000,0.000000,-0.872321,1362.957764,-1789.925171,-9.869804,
1700599531357058304.000000,0.000000,-0.872321,1362.898926,-1789.969604,-9.874223,
1700599531393058304.000000,0.000000,-0.872150,1362.838135,-1790.016113,-9.879477,
1700599531419062528.000000,0.000000,-0.872210,1362.793701,-1790.048950,-9.883463,
1700599531455062528.000000,0.000000,-0.872424,1362.733276,-1790.093994,-9.888972,
1700599531491062528.000000,0.000000,-0.872755,1362.674927,-1790.138184,-9.895156,
1700599531518067968.000000,0.000000,-0.873040,1362.629272,-1790.172241,-9.900064,
1700599531554067968.000000,0.000000,-0.873772,1362.571533,-1790.215088,-9.906759,
1700599531590067968.000000,0.000000,-0.874078,1362.511841,-1790.260132,-9.913904,
1700599531626072832.000000,0.000000,-0.874067,1362.453613,-1790.303101,-9.920651,
1700599531662072832.000000,0.000000,-0.873409,1362.393555,-1790.347778,-9.928133,
1700599531689072896.000000,0.000000,-0.873227,1362.350342,-1790.379761,-9.933429,
1700599531725077760.000000,0.000000,-0.872666,1362.290527,-1790.423340,-9.940946,
1700599531761077760.000000,0.000000,-0.872582,1362.230835,-1790.466919,-9.948331,
1700599531788077568.000000,0.000000,-0.872794,1362.187988,-1790.497925,-9.952537,
1700599531824082944.000000,0.000000,-0.873264,1362.129150,-1790.540894,-9.959157,
1700599531860082688.000000,0.000000,-0.873440,1362.073486,-1790.580933,-9.964407,
1700599531887082752.000000,0.000000,-0.873585,1362.030518,-1790.612427,-9.967497,
1700599531923087616.000000,0.000000,-0.874068,1361.977661,-1790.650879,-9.972075,
1700599531959087616.000000,0.000000,-0.874398,1361.924805,-1790.689941,-9.975387,
1700599531986087680.000000,0.000000,-0.874451,1361.887939,-1790.717041,-9.977261,
1700599532022090752.000000,0.000000,-0.875014,1361.838989,-1790.753296,-9.979794,
1700599532058090752.000000,0.000000,-0.875358,1361.794067,-1790.786255,-9.981009,
1700599532094090752.000000,0.000000,-0.875504,1361.749756,-1790.819580,-9.981595,
1700599532121095680.000000,0.000000,-0.875527,1361.718872,-1790.841797,-9.982430,
1700599532157095680.000000,0.000000,-0.876359,1361.677979,-1790.871582,-9.983275,
1700599532193095680.000000,0.000000,-0.876334,1361.639893,-1790.899902,-9.983675,
1700599532220100096.000000,0.000000,-0.876781,1361.613159,-1790.919678,-9.984235,
1700599532256099840.000000,0.000000,-0.877092,1361.578735,-1790.945923,-9.985415,
1700599532292100096.000000,0.000000,-0.876870,1361.547729,-1790.969727,-9.986007,
1700599532328104448.000000,0.000000,-0.875684,1361.517334,-1790.992920,-9.987360,
1700599532354104576.000000,0.000000,-0.874469,1361.496582,-1791.008789,-9.988957,
1700599532390104576.000000,0.000000,-0.873977,1361.469482,-1791.029541,-9.990491,
1700599532426109184.000000,0.000000,-0.872779,1361.444092,-1791.047852,-9.992979,
1700599532462109184.000000,0.000000,-0.872180,1361.418823,-1791.065552,-9.996237,
1700599532489109248.000000,0.000000,-0.872283,1361.401367,-1791.077148,-9.997880,
1700599532525113856.000000,0.000000,-0.873089,1361.376953,-1791.091919,-10.000695,
1700599532561113856.000000,0.000000,-0.874023,1361.352783,-1791.104858,-10.003778,
1700599532588113920.000000,0.000000,-0.874683,1361.335571,-1791.112915,-10.005531,
1700599532624118784.000000,0.000000,-0.875805,1361.311768,-1791.122314,-10.008544,
1700599532660118528.000000,0.000000,-0.876605,1361.287964,-1791.130615,-10.011208,
1700599532687118592.000000,0.000000,-0.877071,1361.271118,-1791.135376,-10.013225,
1700599532723122944.000000,0.000000,-0.878062,1361.247192,-1791.140625,-10.016223,
1700599532759122944.000000,0.000000,-0.878541,1361.224121,-1791.143921,-10.018132,
1700599532795122944.000000,0.000000,-0.878558,1361.200562,-1791.145142,-10.020746,
1700599532822128896.000000,0.000000,-0.878343,1361.182495,-1791.145264,-10.022878,
1700599532858128896.000000,0.000000,-0.878258,1361.158936,-1791.144165,-10.025203,
1700599532894128896.000000,0.000000,-0.878230,1361.134888,-1791.141602,-10.027818,
1700599532921133312.000000,0.000000,-0.878105,1361.117798,-1791.139648,-10.029445,
1700599532957133312.000000,0.000000,-0.878498,1361.094482,-1791.135864,-10.031754,
1700599532993133312.000000,0.000000,-0.878357,1361.072266,-1791.131104,-10.032802,
1700599533020137472.000000,0.000000,-0.878442,1361.055664,-1791.126953,-10.033909,
1700599533056137728.000000,0.000000,-0.878551,1361.035156,-1791.121216,-10.035387,
1700599533092137472.000000,0.000000,-0.878889,1361.014526,-1791.114380,-10.035985,
1700599533128142336.000000,0.000000,-0.879232,1360.996094,-1791.108276,-10.037148,
1700599533155142144.000000,0.000000,-0.879729,1360.982178,-1791.103027,-10.038291,
1700599533191142144.000000,0.000000,-0.879999,1360.965454,-1791.095947,-10.038869,
1700599533227146240.000000,0.000000,-0.880123,1360.950073,-1791.088867,-10.039904,
1700599533254146304.000000,0.000000,-0.879985,1360.940186,-1791.083740,-10.039996,
1700599533289146368.000000,0.000000,-0.879800,1360.926758,-1791.076904,-10.040333,
1700599533325150976.000000,0.000000,-0.879493,1360.914307,-1791.069824,-10.041373,
1700599533361150976.000000,0.000000,-0.878500,1360.903687,-1791.062988,-10.041339,
1700599533388150784.000000,0.000000,-0.878235,1360.895508,-1791.057495,-10.041859,
1700599533424155136.000000,0.000000,-0.877390,1360.885864,-1791.050659,-10.042774,
1700599533460155392.000000,0.000000,-0.876975,1360.876587,-1791.043945,-10.043972,
1700599533487155200.000000,0.000000,-0.876942,1360.870483,-1791.039551,-10.045153,
1700599533523159808.000000,0.000000,-0.877309,1360.862671,-1791.033203,-10.047216,
1700599533559159808.000000,0.000000,-0.877839,1360.856201,-1791.026855,-10.049626,
1700599533586159872.000000,0.000000,-0.877625,1360.851318,-1791.021851,-10.052157,
1700599533622164480.000000,0.000000,-0.877872,1360.845825,-1791.015381,-10.055526,
1700599533658164480.000000,0.000000,-0.877939,1360.840088,-1791.009155,-10.060313,
1700599533694164480.000000,0.000000,-0.877735,1360.834473,-1791.003052,-10.065660,
1700599533721168896.000000,0.000000,-0.877300,1360.830444,-1790.998535,-10.069676,
1700599533762168832.000000,0.000000,-0.876199,1360.824829,-1790.992676,-10.076523,
1700599533793168896.000000,0.000000,-0.875975,1360.819336,-1790.987915,-10.082294,
1700599533820173312.000000,0.000000,-0.875893,1360.814941,-1790.984619,-10.087061,
1700599533856173056.000000,0.000000,-0.876160,1360.808838,-1790.980835,-10.094097,
1700599533892173312.000000,0.000000,-0.876109,1360.802612,-1790.978027,-10.101104,
1700599533919179520.000000,0.000000,-0.876072,1360.797363,-1790.976318,-10.106279,
1700599533955179520.000000,0.000000,-0.876149,1360.790161,-1790.974731,-10.113198,
1700599533991179520.000000,0.000000,-0.875842,1360.781982,-1790.974243,-10.119142,
1700599534018184448.000000,0.000000,-0.875872,1360.775635,-1790.974243,-10.123917,
1700599534054184448.000000,0.000000,-0.875993,1360.767090,-1790.975220,-10.128969,
1700599534090184448.000000,0.000000,-0.876151,1360.757690,-1790.977173,-10.134528,
1700599534126189056.000000,0.000000,-0.876891,1360.747803,-1790.979614,-10.138659,
1700599534153189120.000000,0.000000,-0.877906,1360.739868,-1790.982056,-10.142342,
1700599534189189120.000000,0.000000,-0.878433,1360.729126,-1790.985962,-10.146045,
1700599534224193536.000000,0.000000,-0.878909,1360.718018,-1790.989990,-10.149203,
1700599534261193728.000000,0.000000,-0.879366,1360.706665,-1790.995117,-10.152423,
1700599534287193600.000000,0.000000,-0.878988,1360.697876,-1790.999390,-10.154416,
1700599534323197952.000000,0.000000,-0.878679,1360.685425,-1791.004883,-10.157359,
1700599534359197952.000000,0.000000,-0.877805,1360.672485,-1791.010986,-10.160445,
1700599534386198016.000000,0.000000,-0.877369,1360.661865,-1791.016357,-10.162221,
1700599534422203392.000000,0.000000,-0.876047,1360.647705,-1791.023315,-10.164181,
1700599534458203392.000000,0.000000,-0.874266,1360.632202,-1791.031250,-10.166707,
1700599534494203392.000000,0.000000,-0.873598,1360.616577,-1791.039673,-10.167809,
1700599534521208832.000000,0.000000,-0.872099,1360.604248,-1791.046753,-10.169518,
1700599534557208832.000000,0.000000,-0.871540,1360.588623,-1791.056519,-10.170847,
1700599534593208832.000000,0.000000,-0.871393,1360.571045,-1791.067383,-10.172539,
1700599534620214272.000000,0.000000,-0.871554,1360.558472,-1791.075195,-10.173850,
1700599534656214528.000000,0.000000,-0.871921,1360.540283,-1791.086060,-10.174716,
1700599534692214272.000000,0.000000,-0.872051,1360.521362,-1791.098267,-10.175775,
1700599534728218624.000000,0.000000,-0.872477,1360.502563,-1791.110596,-10.177549,
1700599534755218432.000000,0.000000,-0.872760,1360.487061,-1791.121094,-10.178235,
1700599534791218432.000000,0.000000,-0.873101,1360.467285,-1791.135010,-10.179790,
1700599534818224128.000000,0.000000,-0.873398,1360.450928,-1791.146362,-10.180491,
1700599534854224128.000000,0.000000,-0.873925,1360.430176,-1791.161133,-10.180808,
1700599534890224128.000000,0.000000,-0.874014,1360.407837,-1791.177368,-10.181723,
1700599534926228224.000000,0.000000,-0.874328,1360.385498,-1791.192749,-10.182275,
1700599534953228288.000000,0.000000,-0.874900,1360.368286,-1791.204224,-10.182845,
1700599534989228288.000000,0.000000,-0.874993,1360.344360,-1791.221069,-10.183526,
1700599535025233152.000000,0.000000,-0.875456,1360.319824,-1791.238403,-10.184770,
1700599535061233152.000000,0.000000,-0.875846,1360.296387,-1791.255981,-10.185552,
1700599535088232960.000000,0.000000,-0.875834,1360.276733,-1791.270386,-10.186406,
1700599535124238336.000000,0.000000,-0.875607,1360.251953,-1791.287964,-10.187043,
1700599535160238592.000000,0.000000,-0.875026,1360.225952,-1791.306885,-10.188078,
1700599535196238336.000000,0.000000,-0.874707,1360.200317,-1791.325439,-10.187582,
1700599535223244032.000000,0.000000,-0.873936,1360.179565,-1791.340698,-10.188562,
1700599535258244096.000000,0.000000,-0.873689,1360.152954,-1791.360229,-10.188620,
1700599535294244096.000000,0.000000,-0.873261,1360.124756,-1791.380615,-10.188790,
1700599535321249536.000000,0.000000,-0.873022,1360.104248,-1791.395508,-10.189218,
1700599535357249536.000000,0.000000,-0.872759,1360.075317,-1791.416870,-10.189852,
1700599535393249536.000000,0.000000,-0.872641,1360.045898,-1791.438477,-10.190638,
1700599535420254720.000000,0.000000,-0.872291,1360.024414,-1791.454712,-10.191286,
1700599535456254976.000000,0.000000,-0.872543,1359.993774,-1791.477173,-10.192547,
1700599535492254720.000000,0.000000,-0.872611,1359.963989,-1791.499146,-10.193002,
1700599535528259584.000000,0.000000,-0.872216,1359.932983,-1791.521851,-10.194387,
1700599535555259392.000000,0.000000,-0.871519,1359.910645,-1791.537964,-10.194785,
1700599535591259392.000000,0.000000,-0.871452,1359.878662,-1791.561157,-10.195874,
1700599535627264768.000000,0.000000,-0.870692,1359.847900,-1791.583008,-10.196457,
1700599535654264832.000000,0.000000,-0.870786,1359.823608,-1791.600708,-10.198071,
1700599535690264832.000000,0.000000,-0.870771,1359.792847,-1791.623169,-10.198290,
1700599535726270208.000000,0.000000,-0.870732,1359.760864,-1791.646606,-10.198863,
1700599535753270272.000000,0.000000,-0.870211,1359.735962,-1791.664551,-10.199998,
1700599535789270272.000000,0.000000,-0.870072,1359.704224,-1791.687256,-10.199635,
1700599535825275648.000000,0.000000,-0.870065,1359.670532,-1791.711304,-10.200544,
1700599535852275712.000000,0.000000,-0.870086,1359.645996,-1791.728882,-10.201093,
1700599535888275456.000000,0.000000,-0.870253,1359.611938,-1791.753662,-10.202021,
1700599535924279808.000000,0.000000,-0.870482,1359.579590,-1791.777222,-10.202841,
1700599535960280064.000000,0.000000,-0.871217,1359.546021,-1791.802246,-10.203799,
1700599535987279872.000000,0.000000,-0.871512,1359.521729,-1791.820557,-10.203916,
1700599536023284224.000000,0.000000,-0.872193,1359.487671,-1791.846436,-10.205282,
1700599536059284224.000000,0.000000,-0.872936,1359.453979,-1791.871338,-10.205945,
1700599536095284224.000000,0.000000,-0.873231,1359.419556,-1791.897705,-10.208227,
1700599536122289408.000000,0.000000,-0.874186,1359.394775,-1791.916382,-10.210257,
1700599536157289472.000000,0.000000,-0.874615,1359.360596,-1791.942505,-10.214137,
1700599536194289408.000000,0.000000,-0.874874,1359.327759,-1791.968140,-10.218164,
1700599536221294592.000000,0.000000,-0.875070,1359.301270,-1791.988281,-10.222315,
1700599536256294400.000000,0.000000,-0.875457,1359.267578,-1792.014038,-10.228377,
1700599536292294656.000000,0.000000,-0.875513,1359.232666,-1792.041016,-10.235675,
1700599536319299584.000000,0.000000,-0.874937,1359.207520,-1792.060791,-10.241087,
1700599536355299584.000000,0.000000,-0.873936,1359.172729,-1792.088257,-10.249943,
1700599536391299584.000000,0.000000,-0.873402,1359.138184,-1792.115723,-10.258546,
1700599536427304960.000000,0.000000,-0.872324,1359.104980,-1792.142090,-10.266845,
1700599536454305024.000000,0.000000,-0.871676,1359.078735,-1792.162964,-10.274443,
1700599536490305024.000000,0.000000,-0.871470,1359.046021,-1792.189331,-10.283683,
1700599536526310144.000000,0.000000,-0.871446,1359.011597,-1792.216797,-10.294201,
1700599536553310208.000000,0.000000,-0.871613,1358.987061,-1792.236572,-10.301299,
1700599536589310208.000000,0.000000,-0.871712,1358.952881,-1792.264038,-10.311625,
1700599536625315584.000000,0.000000,-0.871749,1358.919067,-1792.290405,-10.320961,
1700599536652315648.000000,0.000000,-0.872394,1358.892090,-1792.311157,-10.328224,
1700599536688315392.000000,0.000000,-0.872671,1358.857910,-1792.337769,-10.337157,
1700599536724320768.000000,0.000000,-0.873885,1358.821899,-1792.364990,-10.346476,
1700599536760320512.000000,0.000000,-0.874906,1358.785889,-1792.391968,-10.355201,
1700599536787320576.000000,0.000000,-0.875260,1358.760254,-1792.411011,-10.361356,
1700599536823326208.000000,0.000000,-0.875878,1358.723999,-1792.437256,-10.368844,
1700599536859326208.000000,0.000000,-0.876602,1358.689087,-1792.462280,-10.374976,
1700599536886326272.000000,0.000000,-0.876802,1358.661621,-1792.482422,-10.380128,
1700599536922332160.000000,0.000000,-0.876995,1358.626831,-1792.507812,-10.385688,
1700599536958332160.000000,0.000000,-0.877055,1358.589966,-1792.534424,-10.391646,
1700599536994332160.000000,0.000000,-0.876470,1358.554688,-1792.560303,-10.396012,
1700599537021336576.000000,0.000000,-0.875986,1358.526978,-1792.580200,-10.399547,
1700599537057336576.000000,0.000000,-0.874922,1358.491821,-1792.604858,-10.403033,
1700599537093336576.000000,0.000000,-0.874293,1358.454712,-1792.630859,-10.405828,
1700599537120341504.000000,0.000000,-0.872828,1358.427979,-1792.649536,-10.407585,
1700599537155341312.000000,0.000000,-0.870777,1358.390381,-1792.675293,-10.409362,
1700599537191341312.000000,0.000000,-0.870106,1358.352905,-1792.701050,-10.409405,
1700599537218347008.000000,0.000000,-0.868910,1358.325317,-1792.719482,-10.409967,
1700599537254347008.000000,0.000000,-0.867644,1358.289185,-1792.743408,-10.409166,
1700599537290347008.000000,0.000000,-0.867563,1358.251831,-1792.768311,-10.406851,
1700599537326352896.000000,0.000000,-0.867270,1358.216187,-1792.791870,-10.405207,
1700599537353352960.000000,0.000000,-0.867783,1358.188232,-1792.810791,-10.402879,
1700599537389352960.000000,0.000000,-0.867834,1358.150635,-1792.835693,-10.399189,
1700599537425358080.000000,0.000000,-0.867932,1358.114014,-1792.859619,-10.396067,
1700599537452358144.000000,0.000000,-0.867681,1358.084961,-1792.878540,-10.392640,
1700599537488357888.000000,0.000000,-0.867561,1358.048340,-1792.902588,-10.386892,
1700599537524362752.000000,0.000000,-0.867277,1358.010132,-1792.927246,-10.381602,
1700599537560363008.000000,0.000000,-0.866612,1357.972656,-1792.951050,-10.375695,
1700599537587362816.000000,0.000000,-0.866514,1357.942993,-1792.969727,-10.370235,
1700599537623368192.000000,0.000000,-0.866012,1357.905151,-1792.992310,-10.362710,
1700599537659368192.000000,0.000000,-0.866060,1357.865967,-1793.016113,-10.354112,
1700599537686368256.000000,0.000000,-0.866409,1357.837769,-1793.033081,-10.346294,
1700599537722372608.000000,0.000000,-0.867520,1357.798584,-1793.056396,-10.335601,
1700599537758372608.000000,0.000000,-0.869722,1357.759399,-1793.079834,-10.325065,
1700599537794372608.000000,0.000000,-0.871241,1357.722168,-1793.102295,-10.312690,
1700599537821377536.000000,0.000000,-0.872996,1357.693481,-1793.119385,-10.304100,
1700599537857377536.000000,0.000000,-0.874552,1357.658447,-1793.140503,-10.292843,
1700599537893377536.000000,0.000000,-0.875332,1357.623169,-1793.161987,-10.280370,
1700599537920382464.000000,0.000000,-0.876148,1357.598389,-1793.176270,-10.271857,
1700599537956382720.000000,0.000000,-0.876351,1357.565186,-1793.194702,-10.260392,
1700599537992382464.000000,0.000000,-0.876440,1357.534546,-1793.211182,-10.249524,
1700599538028386304.000000,0.000000,-0.875658,1357.504517,-1793.226929,-10.239325,
1700599538055386368.000000,0.000000,-0.874797,1357.484253,-1793.237305,-10.231359,
1700599538091386368.000000,0.000000,-0.874750,1357.457397,-1793.250854,-10.221414,
1700599538126391040.000000,0.000000,-0.874861,1357.432251,-1793.263550,-10.211949,
1700599538154391040.000000,0.000000,-0.876134,1357.415039,-1793.271973,-10.205179,
1700599538189391104.000000,0.000000,-0.877180,1357.392212,-1793.282837,-10.196823,
1700599538225395968.000000,0.000000,-0.879951,1357.371216,-1793.292603,-10.188494,
1700599538252396032.000000,0.000000,-0.882750,1357.355591,-1793.300171,-10.182670,
1700599538288395776.000000,0.000000,-0.884343,1357.336792,-1793.308960,-10.174967,
1700599538324401152.000000,0.000000,-0.886952,1357.319336,-1793.317749,-10.167383,
1700599538360400896.000000,0.000000,-0.889404,1357.303101,-1793.325806,-10.160251,
1700599538387400960.000000,0.000000,-0.890789,1357.291992,-1793.331299,-10.154912,
1700599538423407104.000000,0.000000,-0.893560,1357.276978,-1793.339355,-10.147842,
1700599538459407104.000000,0.000000,-0.895900,1357.263550,-1793.346680,-10.140885,
1700599538486407168.000000,0.000000,-0.896601,1357.253540,-1793.352173,-10.134819,
1700599538522411520.000000,0.000000,-0.897865,1357.240967,-1793.358521,-10.127292,
1700599538558411520.000000,0.000000,-0.898342,1357.228882,-1793.364868,-10.119251,
1700599538585411584.000000,0.000000,-0.898428,1357.220825,-1793.368896,-10.112769,
1700599538621416192.000000,0.000000,-0.898051,1357.210083,-1793.374146,-10.104333,
1700599538657416192.000000,0.000000,-0.897527,1357.200562,-1793.379028,-10.094608,
1700599538693416192.000000,0.000000,-0.897036,1357.191406,-1793.383423,-10.084430,
1700599538720420864.000000,0.000000,-0.896154,1357.184937,-1793.386108,-10.076642,
1700599538756420608.000000,0.000000,-0.895103,1357.177124,-1793.389404,-10.065640,
1700599538792420864.000000,0.000000,-0.894432,1357.169556,-1793.391968,-10.054306,
1700599538819426816.000000,0.000000,-0.893562,1357.164429,-1793.394043,-10.045465,
1700599538855426816.000000,0.000000,-0.893734,1357.157471,-1793.396973,-10.033298,
1700599538891426816.000000,0.000000,-0.893514,1357.151978,-1793.399292,-10.021220,
1700599538927431680.000000,0.000000,-0.893605,1357.146729,-1793.400879,-10.008782,
1700599538954431744.000000,0.000000,-0.893294,1357.143066,-1793.401978,-9.999981,
1700599538990431744.000000,0.000000,-0.893218,1357.138306,-1793.403320,-9.988050,
1700599539026435840.000000,0.000000,-0.893350,1357.134644,-1793.404541,-9.976294,
1700599539062435840.000000,0.000000,-0.893341,1357.131714,-1793.404785,-9.965255,
1700599539088435712.000000,0.000000,-0.893061,1357.129517,-1793.404785,-9.956723,
1700599539124440576.000000,0.000000,-0.892552,1357.126709,-1793.404785,-9.945886,
1700599539160440832.000000,0.000000,-0.892493,1357.123657,-1793.404785,-9.934772,
1700599539187440640.000000,0.000000,-0.892543,1357.121460,-1793.404785,-9.925949,
1700599539223445248.000000,0.000000,-0.892138,1357.117920,-1793.404907,-9.914874,
1700599539259445248.000000,0.000000,-0.891655,1357.114502,-1793.404175,-9.903718,
1700599539286445312.000000,0.000000,-0.891330,1357.111084,-1793.403320,-9.895094,
1700599539322451200.000000,0.000000,-0.890181,1357.107422,-1793.402344,-9.884495,
1700599539358451200.000000,0.000000,-0.889151,1357.103394,-1793.401245,-9.873631,
1700599539394451200.000000,0.000000,-0.888784,1357.098511,-1793.400269,-9.862623,
1700599539421455872.000000,0.000000,-0.888253,1357.094849,-1793.399414,-9.854559,
1700599539457455872.000000,0.000000,-0.887739,1357.089844,-1793.397217,-9.843604,
1700599539493455872.000000,0.000000,-0.887770,1357.084229,-1793.394775,-9.832767,
1700599539520460288.000000,0.000000,-0.887942,1357.079712,-1793.393188,-9.824665,
1700599539556460544.000000,0.000000,-0.887945,1357.072876,-1793.390747,-9.814479,
1700599539592460288.000000,0.000000,-0.888049,1357.065552,-1793.388550,-9.804181,
1700599539628464640.000000,0.000000,-0.887686,1357.057983,-1793.387329,-9.792974,
1700599539655464704.000000,0.000000,-0.887286,1357.051880,-1793.386597,-9.784945,
1700599539691464704.000000,0.000000,-0.887147,1357.042847,-1793.385010,-9.773975,
1700599539718470656.000000,0.000000,-0.886799,1357.036377,-1793.383911,-9.765567,
1700599539754470656.000000,0.000000,-0.886419,1357.027100,-1793.383179,-9.754695,
1700599539790470656.000000,0.000000,-0.886461,1357.016968,-1793.382690,-9.743621,
1700599539826475008.000000,0.000000,-0.886230,1357.007202,-1793.382202,-9.732853,
1700599539853475072.000000,0.000000,-0.886417,1356.999023,-1793.382202,-9.724878,
1700599539889475072.000000,0.000000,-0.886455,1356.988037,-1793.382202,-9.714135,
1700599539925479424.000000,0.000000,-0.886143,1356.976929,-1793.383179,-9.704313,
1700599539961479424.000000,0.000000,-0.885443,1356.965576,-1793.384155,-9.694714,
1700599539988479488.000000,0.000000,-0.884883,1356.956177,-1793.385376,-9.687970,
1700599540024483840.000000,0.000000,-0.884173,1356.943726,-1793.387329,-9.679271,
1700599540059483904.000000,0.000000,-0.883267,1356.930420,-1793.389404,-9.670515,
1700599540087483904.000000,0.000000,-0.882954,1356.920654,-1793.391357,-9.664510,
1700599540122489088.000000,0.000000,-0.882098,1356.906372,-1793.393921,-9.657031,
1700599540158489088.000000,0.000000,-0.881668,1356.891724,-1793.396606,-9.649653,
1700599540185489152.000000,0.000000,-0.881480,1356.881104,-1793.398926,-9.644646,
1700599540221493504.000000,0.000000,-0.881187,1356.865479,-1793.402466,-9.637838,
1700599540257493504.000000,0.000000,-0.881228,1356.850708,-1793.406128,-9.631078,
1700599540293493504.000000,0.000000,-0.881254,1356.834839,-1793.410889,-9.624825,
1700599540320497664.000000,0.000000,-0.881572,1356.823730,-1793.414307,-9.619279,
1700599540356497408.000000,0.000000,-0.881845,1356.807007,-1793.419312,-9.612632,
1700599540392497664.000000,0.000000,-0.882100,1356.790894,-1793.424683,-9.606085,
1700599540419502848.000000,0.000000,-0.882102,1356.777954,-1793.428711,-9.601754,
1700599540455502848.000000,0.000000,-0.882471,1356.761841,-1793.433594,-9.595911,
1700599540491502848.000000,0.000000,-0.882709,1356.743896,-1793.439819,-9.589892,
1700599540518508544.000000,0.000000,-0.883400,1356.730713,-1793.444214,-9.585484,
1700599540554508544.000000,0.000000,-0.883223,1356.711792,-1793.451050,-9.579616,
1700599540590508544.000000,0.000000,-0.883052,1356.692627,-1793.458618,-9.573739,
1700599540626512640.000000,0.000000,-0.882831,1356.673950,-1793.465210,-9.568514,
1700599540653512704.000000,0.000000,-0.882081,1356.658813,-1793.470215,-9.564072,
1700599540689512704.000000,0.000000,-0.882145,1356.639526,-1793.477051,-9.558025,
1700599540725518080.000000,0.000000,-0.881647,1356.620483,-1793.484131,-9.552286,
1700599540761518080.000000,0.000000,-0.881440,1356.600586,-1793.492188,-9.546072,
1700599540788517888.000000,0.000000,-0.881454,1356.586304,-1793.498047,-9.541504,
1700599540824522240.000000,0.000000,-0.881005,1356.565918,-1793.506226,-9.535187,
1700599540860521984.000000,0.000000,-0.880624,1356.545410,-1793.514404,-9.528932,
1700599540887522048.000000,0.000000,-0.880361,1356.530273,-1793.520264,-9.524312,
1700599540923528192.000000,0.000000,-0.879933,1356.509399,-1793.528076,-9.517488,
1700599540959528192.000000,0.000000,-0.879401,1356.490112,-1793.535400,-9.510898,
1700599540985528320.000000,0.000000,-0.879248,1356.474365,-1793.541626,-9.506116,
1700599541021532672.000000,0.000000,-0.879174,1356.454224,-1793.549927,-9.499924,
1700599541057532672.000000,0.000000,-0.879649,1356.432861,-1793.558594,-9.494487,
1700599541093532672.000000,0.000000,-0.880076,1356.412354,-1793.567139,-9.488318,
1700599541120536576.000000,0.000000,-0.880628,1356.395874,-1793.573975,-9.483624,
1700599541156536832.000000,0.000000,-0.881273,1356.374878,-1793.582764,-9.477740,
1700599541192536576.000000,0.000000,-0.881667,1356.353027,-1793.592651,-9.471733,
1700599541219541760.000000,0.000000,-0.882039,1356.337036,-1793.599609,-9.468240,
1700599541255541760.000000,0.000000,-0.882449,1356.314697,-1793.609619,-9.463068,
1700599541291541760.000000,0.000000,-0.882711,1356.292236,-1793.619629,-9.458501,
1700599541327547136.000000,0.000000,-0.883154,1356.270752,-1793.629517,-9.454832,
1700599541354547200.000000,0.000000,-0.883292,1356.253662,-1793.637207,-9.451984,
1700599541390547200.000000,0.000000,-0.883045,1356.232178,-1793.646973,-9.447994,
1700599541426552576.000000,0.000000,-0.882828,1356.209717,-1793.656738,-9.443874,
1700599541462552576.000000,0.000000,-0.882627,1356.188110,-1793.666260,-9.439467,
1700599541489552640.000000,0.000000,-0.882436,1356.170898,-1793.673706,-9.436570,
1700599541525558016.000000,0.000000,-0.882695,1356.149414,-1793.682617,-9.432195,
1700599541561558016.000000,0.000000,-0.882967,1356.126709,-1793.692139,-9.428153,
1700599541588557824.000000,0.000000,-0.882979,1356.110229,-1793.699097,-9.425160,
1700599541624562176.000000,0.000000,-0.882946,1356.086426,-1793.708496,-9.420628,
1700599541660562432.000000,0.000000,-0.882758,1356.062622,-1793.718018,-9.416743,
1700599541687562240.000000,0.000000,-0.882823,1356.045410,-1793.724976,-9.413657,
1700599541723567616.000000,0.000000,-0.882562,1356.022095,-1793.734985,-9.409698,
1700599541759567616.000000,0.000000,-0.881763,1355.999512,-1793.744751,-9.405807,
1700599541786567680.000000,0.000000,-0.881404,1355.981812,-1793.752441,-9.402588,
1700599541822573824.000000,0.000000,-0.880122,1355.959351,-1793.762329,-9.398593,
1700599541858573824.000000,0.000000,-0.878829,1355.935791,-1793.772583,-9.394840,
1700599541894573824.000000,0.000000,-0.878025,1355.913330,-1793.782227,-9.391131,
1700599541921579520.000000,0.000000,-0.876747,1355.896118,-1793.789185,-9.388879,
1700599541956579328.000000,0.000000,-0.876057,1355.872437,-1793.799561,-9.385475,
1700599541992579584.000000,0.000000,-0.875693,1355.848633,-1793.810181,-9.382338,
1700599542019585280.000000,0.000000,-0.874935,1355.831421,-1793.818115,-9.380330,
1700599542055585280.000000,0.000000,-0.874237,1355.807617,-1793.829346,-9.377853,
1700599542091585280.000000,0.000000,-0.874145,1355.784668,-1793.840088,-9.375689,
1700599542118591232.000000,0.000000,-0.873891,1355.766357,-1793.848633,-9.374157,
1700599542154591232.000000,0.000000,-0.873861,1355.742920,-1793.860107,-9.372186,
1700599542190591232.000000,0.000000,-0.873922,1355.718506,-1793.872314,-9.370449,
1700599542226596608.000000,0.000000,-0.874052,1355.694580,-1793.885132,-9.369066,
1700599542253596672.000000,0.000000,-0.874291,1355.677368,-1793.894653,-9.368145,
1700599542289596672.000000,0.000000,-0.874420,1355.654419,-1793.907349,-9.367077,
1700599542325602304.000000,0.000000,-0.874747,1355.630249,-1793.921753,-9.366170,
1700599542352602112.000000,0.000000,-0.875509,1355.612061,-1793.932617,-9.365701,
1700599542388602368.000000,0.000000,-0.875203,1355.589111,-1793.946655,-9.364921,
1700599542424606208.000000,0.000000,-0.875304,1355.564941,-1793.961548,-9.364117,
1700599542460605952.000000,0.000000,-0.875464,1355.541016,-1793.975708,-9.363245,
1700599542487606016.000000,0.000000,-0.875639,1355.522095,-1793.987671,-9.362706,
1700599542523610112.000000,0.000000,-0.876239,1355.497681,-1794.002808,-9.362451,
1700599542559610112.000000,0.000000,-0.876034,1355.472290,-1794.018555,-9.362609,
1700599542595610112.000000,0.000000,-0.876049,1355.447876,-1794.034302,-9.362951,
1700599542622616064.000000,0.000000,-0.875904,1355.428101,-1794.046997,-9.363764,
1700599542658616064.000000,0.000000,-0.875827,1355.401733,-1794.063843,-9.365344,
1700599542694616064.000000,0.000000,-0.875930,1355.376343,-1794.080566,-9.366664,
1700599542721621248.000000,0.000000,-0.875810,1355.357300,-1794.093384,-9.367837,
1700599542757621248.000000,0.000000,-0.876183,1355.330200,-1794.111206,-9.369253,
1700599542793621248.000000,0.000000,-0.876020,1355.302734,-1794.129028,-9.370699,
1700599542820624384.000000,0.000000,-0.876288,1355.282959,-1794.142456,-9.371970,
1700599542855624192.000000,0.000000,-0.876170,1355.254761,-1794.161255,-9.373819,
1700599542892624384.000000,0.000000,-0.876240,1355.227417,-1794.179321,-9.375493,
1700599542927628288.000000,0.000000,-0.876293,1355.198975,-1794.198486,-9.377584,
1700599542954628352.000000,0.000000,-0.875980,1355.177856,-1794.212769,-9.379212,
1700599542990628352.000000,0.000000,-0.876103,1355.148193,-1794.232910,-9.381409,
1700599543026632448.000000,0.000000,-0.875997,1355.119995,-1794.251953,-9.383674,
1700599543053632512.000000,0.000000,-0.876303,1355.096924,-1794.267090,-9.385672,
1700599543089632512.000000,0.000000,-0.876346,1355.067627,-1794.286987,-9.388034,
1700599543125637376.000000,0.000000,-0.876370,1355.037109,-1794.307617,-9.390599,
1700599543161637376.000000,0.000000,-0.876438,1355.008179,-1794.327637,-9.393290,
1700599543188637184.000000,0.000000,-0.876053,1354.985229,-1794.343628,-9.395170,
1700599543224642560.000000,0.000000,-0.875910,1354.955811,-1794.364380,-9.397618,
1700599543260642304.000000,0.000000,-0.875763,1354.924927,-1794.386230,-9.400174,
1700599543287642368.000000,0.000000,-0.875484,1354.902588,-1794.401978,-9.402099,
1700599543323646464.000000,0.000000,-0.875269,1354.871216,-1794.423462,-9.405114,
1700599543359646464.000000,0.000000,-0.875339,1354.840942,-1794.443970,-9.408161,
1700599543395646464.000000,0.000000,-0.875137,1354.809814,-1794.466431,-9.411790,
1700599543422651648.000000,0.000000,-0.874709,1354.787109,-1794.482544,-9.414494,
1700599543458651648.000000,0.000000,-0.874853,1354.755371,-1794.505371,-9.418272,
1700599543494651648.000000,0.000000,-0.874964,1354.723022,-1794.528320,-9.422523,
1700599543521656320.000000,0.000000,-0.875253,1354.699707,-1794.544556,-9.425547,
1700599543557656320.000000,0.000000,-0.875221,1354.667236,-1794.567017,-9.430041,
1700599543593656320.000000,0.000000,-0.875162,1354.635986,-1794.588501,-9.434593,
1700599543620661248.000000,0.000000,-0.875163,1354.611206,-1794.605469,-9.437695,
1700599543656661504.000000,0.000000,-0.875543,1354.579956,-1794.626953,-9.441470,
1700599543692661248.000000,0.000000,-0.875836,1354.546875,-1794.649414,-9.445338,
1700599543719665408.000000,0.000000,-0.876589,1354.522705,-1794.665894,-9.447548,
1700599543755665408.000000,0.000000,-0.877396,1354.489258,-1794.688843,-9.451226,
1700599543791665408.000000,0.000000,-0.878210,1354.457275,-1794.710815,-9.453781,
1700599543826670592.000000,0.000000,-0.878677,1354.424194,-1794.733398,-9.456650,
1700599543853670656.000000,0.000000,-0.879098,1354.400391,-1794.749756,-9.458510,
1700599543889670656.000000,0.000000,-0.879004,1354.367432,-1794.772705,-9.461123,
1700599543925676288.000000,0.000000,-0.878928,1354.334351,-1794.795898,-9.463985,
1700599543961676288.000000,0.000000,-0.878799,1354.302612,-1794.818359,-9.466519,
1700599543988676096.000000,0.000000,-0.878581,1354.277344,-1794.836182,-9.468734,
1700599544024680448.000000,0.000000,-0.879391,1354.244995,-1794.859009,-9.471353,
1700599544060680192.000000,0.000000,-0.880955,1354.210449,-1794.882935,-9.474060,
1700599544087680256.000000,0.000000,-0.881964,1354.185669,-1794.900146,-9.476005,
1700599544119684608.000000,0.000000,-0.884865,1354.159302,-1794.918213,-9.478068,
1700599544159684608.000000,0.000000,-0.892507,1354.117798,-1794.945801,-9.480927,
1700599544186684672.000000,0.000000,-0.897229,1354.093384,-1794.962646,-9.482853,
1700599544222691072.000000,0.000000,-0.906527,1354.060547,-1794.985107,-9.485884,
1700599544258691072.000000,0.000000,-0.917668,1354.028564,-1795.006958,-9.489041,
1700599544285691136.000000,0.000000,-0.924246,1354.005859,-1795.022339,-9.491292,
1700599544321695488.000000,0.000000,-0.937248,1353.975708,-1795.042358,-9.494600,
1700599544357695488.000000,0.000000,-0.950139,1353.947754,-1795.060913,-9.497764,
1700599544393695488.000000,0.000000,-0.958337,1353.919434,-1795.079712,-9.500909,
1700599544420702208.000000,0.000000,-0.972905,1353.899658,-1795.092651,-9.503167,
1700599544456701952.000000,0.000000,-0.985783,1353.873047,-1795.110229,-9.506756,
1700599544492702208.000000,0.000000,-0.993917,1353.848877,-1795.126343,-9.509582,
1700599544519706368.000000,0.000000,-1.007825,1353.830322,-1795.138794,-9.512517,
1700599544555706368.000000,0.000000,-1.021890,1353.808228,-1795.154297,-9.515698,
1700599544591706368.000000,0.000000,-1.028127,1353.786743,-1795.169556,-9.518858,
1700599544627710464.000000,0.000000,-1.041486,1353.765137,-1795.184570,-9.522771,
1700599544654710528.000000,0.000000,-1.054105,1353.750366,-1795.195068,-9.525449,
1700599544690710528.000000,0.000000,-1.059434,1353.731445,-1795.208740,-9.529449,
1700599544726715392.000000,0.000000,-1.070857,1353.714233,-1795.221802,-9.533695,
1700599544752715264.000000,0.000000,-1.082295,1353.701416,-1795.231812,-9.537530,
1700599544789715456.000000,0.000000,-1.088993,1353.685913,-1795.243896,-9.542439,
1700599544825721600.000000,0.000000,-1.100705,1353.670532,-1795.256348,-9.547808,
1700599544860721664.000000,0.000000,-1.110639,1353.656372,-1795.267578,-9.552913,
1700599544887721472.000000,0.000000,-1.116311,1353.645996,-1795.276367,-9.557330,
1700599544923725568.000000,0.000000,-1.126151,1353.632446,-1795.286865,-9.562756,
1700599544959725568.000000,0.000000,-1.136023,1353.619141,-1795.297241,-9.568873,
1700599544995725568.000000,0.000000,-1.140341,1353.606201,-1795.306885,-9.575099,
1700599545022729984.000000,0.000000,-1.149689,1353.596802,-1795.314331,-9.579739,
1700599545058729984.000000,0.000000,-1.159031,1353.583496,-1795.323853,-9.586437,
1700599545094729984.000000,0.000000,-1.162962,1353.570801,-1795.332642,-9.592814,
1700599545121734656.000000,0.000000,-1.172201,1353.560181,-1795.339233,-9.597932,
1700599545157734656.000000,0.000000,-1.182660,1353.546509,-1795.347046,-9.604326,
1700599545193734656.000000,0.000000,-1.186554,1353.531738,-1795.354492,-9.610718,
1700599545220739072.000000,0.000000,-1.195420,1353.521118,-1795.360352,-9.615216,
1700599545256739328.000000,0.000000,-1.203771,1353.505615,-1795.368408,-9.621096,
1700599545292739072.000000,0.000000,-1.207542,1353.490234,-1795.375977,-9.626556,
1700599545319744000.000000,0.000000,-1.215947,1353.477783,-1795.381958,-9.631057,
1700599545355744000.000000,0.000000,-1.224723,1353.461914,-1795.389282,-9.636237,
1700599545391744000.000000,0.000000,-1.228397,1353.444702,-1795.396851,-9.641701,
1700599545418750720.000000,0.000000,-1.235839,1353.432129,-1795.402832,-9.645205,
1700599545454750720.000000,0.000000,-1.241241,1353.414307,-1795.411743,-9.649964,
1700599545490750720.000000,0.000000,-1.243162,1353.396851,-1795.420410,-9.654461,
1700599545526755328.000000,0.000000,-1.244517,1353.378540,-1795.429321,-9.659177,
1700599545553755392.000000,0.000000,-1.243782,1353.364746,-1795.435547,-9.662419,
1700599545589755392.000000,0.000000,-1.242972,1353.345459,-1795.444214,-9.667265,
1700599545625760000.000000,0.000000,-1.240571,1353.327148,-1795.451782,-9.671925,
1700599545661760000.000000,0.000000,-1.237221,1353.307861,-1795.459351,-9.676902,
1700599545688759808.000000,0.000000,-1.235379,1353.293579,-1795.464844,-9.680547,
1700599545724763648.000000,0.000000,-1.231139,1353.273193,-1795.473145,-9.685731,
1700599545760763904.000000,0.000000,-1.226894,1353.252441,-1795.481201,-9.691310,
1700599545786763776.000000,0.000000,-1.224659,1353.236694,-1795.487427,-9.695161,
1700599545822768384.000000,0.000000,-1.221852,1353.215332,-1795.495605,-9.701633,
1700599545859768320.000000,0.000000,-1.218746,1353.194092,-1795.503418,-9.707928,
1700599545885768448.000000,0.000000,-1.217575,1353.177124,-1795.509277,-9.713080,
1700599545921775360.000000,0.000000,-1.215512,1353.156738,-1795.516602,-9.720067,
1700599545957775360.000000,0.000000,-1.214103,1353.135254,-1795.524170,-9.727985,
1700599545993775360.000000,0.000000,-1.213569,1353.114624,-1795.531494,-9.735482,
1700599546020780032.000000,0.000000,-1.213185,1353.098267,-1795.536743,-9.741508,
1700599546056779776.000000,0.000000,-1.213090,1353.077759,-1795.543091,-9.748234,
1700599546092780032.000000,0.000000,-1.213439,1353.055786,-1795.549072,-9.755699,
1700599546119785216.000000,0.000000,-1.214268,1353.040771,-1795.553101,-9.760702,
1700599546155785216.000000,0.000000,-1.215359,1353.020264,-1795.558838,-9.768269,
1700599546191785216.000000,0.000000,-1.216107,1353.000610,-1795.564575,-9.776558,
1700599546227789824.000000,0.000000,-1.217071,1352.982666,-1795.570312,-9.784056,
1700599546254789888.000000,0.000000,-1.217678,1352.968750,-1795.574951,-9.790809,
1700599546290789888.000000,0.000000,-1.217735,1352.951904,-1795.580688,-9.799191,
1700599546326794240.000000,0.000000,-1.217962,1352.934937,-1795.585938,-9.808265,
1700599546362794240.000000,0.000000,-1.217356,1352.919312,-1795.590820,-9.816735,
1700599546389794304.000000,0.000000,-1.216884,1352.907227,-1795.595093,-9.823880,
1700599546425798400.000000,0.000000,-1.215578,1352.893433,-1795.600098,-9.832568,
1700599546461798400.000000,0.000000,-1.214096,1352.879272,-1795.605713,-9.841675,
1700599546488798208.000000,0.000000,-1.213288,1352.869751,-1795.609253,-9.847873,
1700599546524804608.000000,0.000000,-1.212144,1352.856201,-1795.613525,-9.857181,
1700599546560804864.000000,0.000000,-1.211145,1352.843506,-1795.617432,-9.865806,
1700599546587804672.000000,0.000000,-1.210751,1352.833984,-1795.620483,-9.872627,
1700599546623811072.000000,0.000000,-1.209745,1352.822632,-1795.623779,-9.881717,
1700599546659811072.000000,0.000000,-1.209034,1352.811401,-1795.626953,-9.890943,
1700599546694811136.000000,0.000000,-1.208675,1352.801636,-1795.629883,-9.899319,
1700599546721815552.000000,0.000000,-1.208188,1352.793945,-1795.631836,-9.906494,
1700599546758815488.000000,0.000000,-1.207801,1352.784302,-1795.633911,-9.915496,
1700599546793815552.000000,0.000000,-1.207475,1352.776001,-1795.635864,-9.923762,
1700599546820819456.000000,0.000000,-1.206995,1352.769043,-1795.637207,-9.931176,
1700599546856819712.000000,0.000000,-1.206654,1352.760742,-1795.638184,-9.940281,
1700599546892819456.000000,0.000000,-1.205916,1352.752563,-1795.639648,-9.949933,
1700599546919826688.000000,0.000000,-1.204326,1352.746582,-1795.640503,-9.956833,
1700599546955826688.000000,0.000000,-1.202158,1352.738281,-1795.642090,-9.966464,
1700599546991826688.000000,0.000000,-1.201129,1352.731445,-1795.643555,-9.975282,
1700599547027830784.000000,0.000000,-1.199434,1352.723389,-1795.645142,-9.984438,
1700599547054830848.000000,0.000000,-1.198049,1352.717163,-1795.646240,-9.991389,
1700599547090830848.000000,0.000000,-1.197455,1352.708618,-1795.647705,-10.000682,
1700599547126838016.000000,0.000000,-1.196438,1352.700317,-1795.649536,-10.009733,
1700599547153838080.000000,0.000000,-1.195926,1352.693604,-1795.651123,-10.016994,
1700599547189838080.000000,0.000000,-1.195687,1352.684326,-1795.653809,-10.025441,
1700599547225841152.000000,0.000000,-1.195301,1352.674316,-1795.657104,-10.034602,
1700599547252840960.000000,0.000000,-1.195205,1352.666260,-1795.659668,-10.041642,
1700599547288841216.000000,0.000000,-1.195266,1352.656006,-1795.663574,-10.050385,
1700599547324846080.000000,0.000000,-1.194878,1352.644531,-1795.667725,-10.059728,
1700599547360845824.000000,0.000000,-1.194187,1352.633057,-1795.671997,-10.068137,
1700599547387845888.000000,0.000000,-1.193762,1352.623413,-1795.675903,-10.074872,
1700599547423849216.000000,0.000000,-1.192792,1352.610840,-1795.680786,-10.083710,
1700599547459849216.000000,0.000000,-1.192006,1352.596924,-1795.686768,-10.092873,
1700599547486849280.000000,0.000000,-1.191865,1352.586304,-1795.691162,-10.099647,
1700599547522854656.000000,0.000000,-1.191597,1352.571777,-1795.697754,-10.108717,
1700599547558854656.000000,0.000000,-1.191431,1352.557129,-1795.704590,-10.117211,
1700599547594854656.000000,0.000000,-1.191115,1352.541138,-1795.712280,-10.126063,
1700599547620860416.000000,0.000000,-1.190231,1352.529785,-1795.717651,-10.131472,
1700599547657860352.000000,0.000000,-1.189561,1352.512695,-1795.725342,-10.138899,
1700599547693860352.000000,0.000000,-1.188875,1352.495605,-1795.733154,-10.145515,
1700599547719863296.000000,0.000000,-1.186387,1352.481323,-1795.738892,-10.150620,
1700599547755863296.000000,0.000000,-1.182562,1352.462646,-1795.746582,-10.156172,
1700599547791863296.000000,0.000000,-1.180749,1352.442505,-1795.754761,-10.160420,
1700599547827867648.000000,0.000000,-1.175857,1352.421021,-1795.762451,-10.163642,
1700599547854867712.000000,0.000000,-1.170274,1352.404907,-1795.767944,-10.164751,
1700599547890867712.000000,0.000000,-1.167017,1352.381714,-1795.775513,-10.163952,
1700599547926872576.000000,0.000000,-1.162097,1352.359253,-1795.782471,-10.162496,
1700599547953872640.000000,0.000000,-1.157370,1352.341064,-1795.787842,-10.160253,
1700599547989872640.000000,0.000000,-1.155281,1352.317139,-1795.795166,-10.156028,
1700599548025876736.000000,0.000000,-1.152763,1352.291870,-1795.802612,-10.151457,
1700599548061876736.000000,0.000000,-1.151473,1352.267090,-1795.809814,-10.145562,
1700599548088876544.000000,0.000000,-1.151737,1352.246948,-1795.816284,-10.140088,
1700599548124881920.000000,0.000000,-1.153508,1352.220947,-1795.824585,-10.133460,
1700599548160882176.000000,0.000000,-1.157481,1352.192993,-1795.834351,-10.125986,
1700599548187881984.000000,0.000000,-1.159738,1352.172241,-1795.841675,-10.120307,
1700599548223887360.000000,0.000000,-1.165382,1352.143799,-1795.851440,-10.112496,
1700599548259887360.000000,0.000000,-1.170847,1352.116455,-1795.861084,-10.104411,
1700599548286887424.000000,0.000000,-1.173118,1352.094727,-1795.868896,-10.097914,
1700599548322892800.000000,0.000000,-1.177748,1352.065674,-1795.878418,-10.089649,
1700599548358892800.000000,0.000000,-1.179861,1352.037354,-1795.887207,-10.082574,
1700599548394892800.000000,0.000000,-1.180554,1352.007812,-1795.896484,-10.075552,
1700599548421896960.000000,0.000000,-1.180845,1351.986572,-1795.902100,-10.071068,
1700599548457896960.000000,0.000000,-1.180006,1351.957153,-1795.910278,-10.065846,
1700599548493896960.000000,0.000000,-1.179051,1351.928833,-1795.917358,-10.060885,
1700599548520902144.000000,0.000000,-1.176764,1351.906494,-1795.922852,-10.057705,
1700599548556902400.000000,0.000000,-1.174893,1351.878174,-1795.928833,-10.053961,
1700599548592902144.000000,0.000000,-1.173778,1351.848633,-1795.935425,-10.051126,
1700599548619907328.000000,0.000000,-1.171798,1351.827393,-1795.939331,-10.049814,
1700599548654907392.000000,0.000000,-1.169714,1351.797852,-1795.944580,-10.048199,
1700599548691907328.000000,0.000000,-1.168899,1351.768311,-1795.949707,-10.047621,
1700599548726912768.000000,0.000000,-1.168180,1351.739258,-1795.955200,-10.047074,
1700599548753912832.000000,0.000000,-1.168323,1351.717651,-1795.959351,-10.046428,
1700599548789912832.000000,0.000000,-1.168544,1351.687256,-1795.965454,-10.046692,
1700599548825918208.000000,0.000000,-1.169312,1351.657471,-1795.971680,-10.046457,
1700599548852918272.000000,0.000000,-1.170202,1351.633911,-1795.976807,-10.046583,
1700599548888918016.000000,0.000000,-1.170717,1351.604126,-1795.983521,-10.046744,
1700599548924923392.000000,0.000000,-1.171354,1351.573120,-1795.990967,-10.045865,
1700599548960923648.000000,0.000000,-1.171906,1351.542114,-1795.998901,-10.044729,
1700599548987923456.000000,0.000000,-1.172141,1351.520020,-1796.004761,-10.043582,
1700599549023927296.000000,0.000000,-1.172242,1351.491211,-1796.012085,-10.041779,
1700599549059927296.000000,0.000000,-1.172289,1351.461914,-1796.019287,-10.040384,
1700599549086927360.000000,0.000000,-1.172094,1351.441162,-1796.024414,-10.038929,
1700599549122932736.000000,0.000000,-1.171395,1351.413330,-1796.031128,-10.037043,
1700599549158932736.000000,0.000000,-1.170668,1351.386719,-1796.038086,-10.035236,
1700599549194932736.000000,0.000000,-1.170610,1351.362427,-1796.044189,-10.033167,
1700599549221938176.000000,0.000000,-1.170259,1351.343628,-1796.048950,-10.032043,
1700599549257938176.000000,0.000000,-1.170049,1351.320679,-1796.054810,-10.030440,
1700599549293938176.000000,0.000000,-1.169803,1351.297852,-1796.060547,-10.029526,
1700599549320943616.000000,0.000000,-1.169808,1351.282104,-1796.063843,-10.029522,
1700599549356943360.000000,0.000000,-1.169990,1351.261719,-1796.068481,-10.029580,
1700599549392943616.000000,0.000000,-1.170111,1351.243408,-1796.072876,-10.029776,
1700599549428948480.000000,0.000000,-1.170657,1351.224609,-1796.076660,-10.030681,
1700599549455948288.000000,0.000000,-1.170852,1351.211426,-1796.079468,-10.031195,
1700599549491948288.000000,0.000000,-1.170932,1351.193970,-1796.082886,-10.033163,
1700599549527953664.000000,0.000000,-1.171232,1351.177368,-1796.085938,-10.035104,
1700599549554953728.000000,0.000000,-1.170763,1351.165894,-1796.088135,-10.036328,
1700599549590953728.000000,0.000000,-1.169942,1351.150391,-1796.090332,-10.038707,
1700599549625957632.000000,0.000000,-1.169176,1351.135986,-1796.092651,-10.040703,
1700599549661957632.000000,0.000000,-1.167524,1351.121704,-1796.095215,-10.043414,
1700599549688957440.000000,0.000000,-1.166676,1351.111816,-1796.097046,-10.045231,
1700599549724962816.000000,0.000000,-1.165146,1351.097412,-1796.099976,-10.047870,
1700599549760962560.000000,0.000000,-1.163782,1351.083862,-1796.103027,-10.049719,
1700599549787962624.000000,0.000000,-1.162939,1351.073730,-1796.105347,-10.051029,
1700599549823966976.000000,0.000000,-1.162199,1351.060669,-1796.109009,-10.051805,
1700599549859966976.000000,0.000000,-1.161467,1351.046997,-1796.113281,-10.052193,
1700599549886967040.000000,0.000000,-1.161051,1351.036865,-1796.116699,-10.051700,
1700599549922970880.000000,0.000000,-1.161099,1351.023804,-1796.121948,-10.051402,
1700599549958970880.000000,0.000000,-1.161514,1351.009888,-1796.127808,-10.050374,
1700599549985970944.000000,0.000000,-1.161874,1350.999512,-1796.132324,-10.048848,
1700599550021975296.000000,0.000000,-1.161956,1350.985229,-1796.138916,-10.046696,
1700599550057975296.000000,0.000000,-1.161797,1350.970947,-1796.146484,-10.043343,
1700599550093975296.000000,0.000000,-1.161142,1350.956421,-1796.153564,-10.039542,
1700599550120980480.000000,0.000000,-1.160839,1350.944946,-1796.159790,-10.037052,
1700599550156980224.000000,0.000000,-1.160030,1350.929443,-1796.167725,-10.033921,
1700599550192980480.000000,0.000000,-1.159484,1350.913696,-1796.176758,-10.030406,
1700599550228983808.000000,0.000000,-1.158612,1350.898560,-1796.186401,-10.027451,
1700599550255983616.000000,0.000000,-1.157433,1350.886230,-1796.194214,-10.025358,
1700599550291983616.000000,0.000000,-1.156839,1350.870605,-1796.204956,-10.022847,
1700599550327988736.000000,0.000000,-1.156095,1350.854370,-1796.216309,-10.020843,
1700599550354988800.000000,0.000000,-1.155505,1350.842651,-1796.225098,-10.020073,
1700599550390988800.000000,0.000000,-1.155013,1350.826416,-1796.237671,-10.019197,
1700599550426993920.000000,0.000000,-1.154715,1350.810913,-1796.250122,-10.019087,
1700599550453993984.000000,0.000000,-1.154565,1350.799927,-1796.259277,-10.019522,
1700599550489993984.000000,0.000000,-1.154804,1350.784668,-1796.272583,-10.020440,
1700599550524999168.000000,0.000000,-1.155020,1350.769897,-1796.286987,-10.021308,
1700599550560998912.000000,0.000000,-1.155256,1350.755249,-1796.302734,-10.022806,
1700599550587998976.000000,0.000000,-1.155251,1350.744995,-1796.314331,-10.023973,
1700599550624003840.000000,0.000000,-1.155588,1350.730835,-1796.331177,-10.026066,
1700599550660003840.000000,0.000000,-1.155591,1350.717407,-1796.348267,-10.028198,
1700599550687003904.000000,0.000000,-1.155610,1350.707275,-1796.362427,-10.030157,
1700599550723009024.000000,0.000000,-1.155651,1350.694092,-1796.381226,-10.032491,
1700599550759009024.000000,0.000000,-1.155367,1350.680176,-1796.401489,-10.034738,
1700599550795009024.000000,0.000000,-1.155138,1350.666992,-1796.422729,-10.037386,
1700599550822013952.000000,0.000000,-1.154888,1350.657593,-1796.439209,-10.038512,
1700599550858013952.000000,0.000000,-1.154465,1350.644775,-1796.463135,-10.039859,
1700599550894013952.000000,0.000000,-1.154673,1350.633179,-1796.487061,-10.040988,
1700599550921018880.000000,0.000000,-1.154491,1350.623901,-1796.506592,-10.041758,
1700599550957018624.000000,0.000000,-1.154437,1350.612671,-1796.531982,-10.042359,
1700599550993018880.000000,0.000000,-1.154533,1350.601562,-1796.558960,-10.043182,
1700599551020023552.000000,0.000000,-1.154634,1350.594116,-1796.579102,-10.043448,
1700599551056023552.000000,0.000000,-1.154548,1350.584473,-1796.606079,-10.043340,
1700599551092023552.000000,0.000000,-1.154616,1350.575317,-1796.634644,-10.043045,
1700599551128028160.000000,0.000000,-1.154682,1350.566040,-1796.664307,-10.041885,
1700599551155028224.000000,0.000000,-1.154576,1350.559082,-1796.686646,-10.040772,
1700599551191028224.000000,0.000000,-1.154538,1350.550171,-1796.717896,-10.038490,
1700599551227033344.000000,0.000000,-1.153844,1350.541992,-1796.748291,-10.036304,
1700599551254033408.000000,0.000000,-1.153460,1350.534790,-1796.772827,-10.034522,
1700599551290033408.000000,0.000000,-1.153526,1350.526489,-1796.804565,-10.031500,
1700599551326038272.000000,0.000000,-1.154161,1350.516846,-1796.837891,-10.028764,
1700599551353038336.000000,0.000000,-1.154859,1350.509521,-1796.862427,-10.026665,
1700599551389038080.000000,0.000000,-1.155430,1350.499023,-1796.896484,-10.024238,
1700599551425042944.000000,0.000000,-1.157103,1350.487549,-1796.930542,-10.022794,
1700599551460042752.000000,0.000000,-1.159237,1350.475708,-1796.966064,-10.022051,
1700599551497042944.000000,0.000000,-1.160395,1350.463013,-1797.001953,-10.022158,
1700599551523047424.000000,0.000000,-1.161991,1350.453369,-1797.028320,-10.022606,
1700599551559047424.000000,0.000000,-1.163705,1350.439697,-1797.064941,-10.024230,
1700599551595047424.000000,0.000000,-1.164296,1350.425659,-1797.099731,-10.027122,
1700599551622052096.000000,0.000000,-1.165422,1350.414062,-1797.127319,-10.029829,
1700599551658052096.000000,0.000000,-1.165732,1350.398804,-1797.162231,-10.034232,
1700599551694052096.000000,0.000000,-1.166021,1350.382324,-1797.199219,-10.040200,
1700599551721056768.000000,0.000000,-1.165415,1350.369751,-1797.225952,-10.044622,
1700599551757056512.000000,0.000000,-1.164611,1350.351440,-1797.263306,-10.051717,
1700599551793056768.000000,0.000000,-1.164195,1350.333130,-1797.298462,-10.059451,
1700599551829061120.000000,0.000000,-1.162986,1350.313354,-1797.334595,-10.067382,
1700599551856061184.000000,0.000000,-1.162063,1350.298828,-1797.360474,-10.073520,
1700599551892061184.000000,0.000000,-1.161690,1350.277710,-1797.396484,-10.082318,
1700599551928065536.000000,0.000000,-1.160943,1350.255371,-1797.431519,-10.090692,
1700599551955065600.000000,0.000000,-1.159660,1350.238647,-1797.456421,-10.096145,
1700599551991065600.000000,0.000000,-1.158761,1350.214600,-1797.490967,-10.103240,
1700599552027069952.000000,0.000000,-1.157513,1350.189941,-1797.523926,-10.109398,
1700599552063069952.000000,0.000000,-1.156527,1350.162964,-1797.558472,-10.114614,
1700599552090070016.000000,0.000000,-1.155980,1350.142944,-1797.582642,-10.117869,
1700599552126074368.000000,0.000000,-1.154599,1350.115112,-1797.615967,-10.121450,
1700599552162074368.000000,0.000000,-1.153141,1350.088257,-1797.647217,-10.123432,
1700599552189074432.000000,0.000000,-1.152470,1350.067627,-1797.670410,-10.124495,
1700599552225078784.000000,0.000000,-1.150678,1350.040283,-1797.701050,-10.126057,
1700599552261078528.000000,0.000000,-1.148736,1350.013306,-1797.729980,-10.127273,
1700599552288078592.000000,0.000000,-1.147857,1349.993896,-1797.750122,-10.127540,
1700599552324082688.000000,0.000000,-1.146075,1349.967529,-1797.777100,-10.128550,
1700599552360082688.000000,0.000000,-1.144696,1349.943237,-1797.801758,-10.129289,
1700599552387082752.000000,0.000000,-1.144147,1349.924561,-1797.820190,-10.129687,
1700599552423087104.000000,0.000000,-1.143407,1349.901733,-1797.841919,-10.130054,
1700599552458087168.000000,0.000000,-1.142625,1349.878662,-1797.863770,-10.131319,
1700599552494087168.000000,0.000000,-1.142239,1349.857178,-1797.883545,-10.131818,
1700599552521091072.000000,0.000000,-1.141966,1349.840698,-1797.898438,-10.133137,
1700599552557091328.000000,0.000000,-1.141602,1349.820312,-1797.916138,-10.134938,
1700599552593091072.000000,0.000000,-1.141365,1349.799927,-1797.933350,-10.136718,
1700599552620095488.000000,0.000000,-1.141462,1349.785645,-1797.945801,-10.138227,
1700599552656095488.000000,0.000000,-1.141928,1349.766357,-1797.962646,-10.140662,
1700599552692095488.000000,0.000000,-1.142138,1349.747559,-1797.978027,-10.143455,
1700599552719099904.000000,0.000000,-1.143231,1349.734497,-1797.989014,-10.145844,
1700599552755099904.000000,0.000000,-1.144334,1349.716675,-1798.003174,-10.149384,
1700599552791099904.000000,0.000000,-1.144747,1349.699585,-1798.015869,-10.153213,
1700599552827104512.000000,0.000000,-1.145239,1349.682129,-1798.027710,-10.157858,
1700599552863104512.000000,0.000000,-1.145955,1349.665405,-1798.038208,-10.162308,
1700599552890104576.000000,0.000000,-1.146075,1349.652222,-1798.045532,-10.166653,
1700599552926108928.000000,0.000000,-1.146832,1349.634277,-1798.055176,-10.171104,
1700599552962108928.000000,0.000000,-1.147436,1349.615601,-1798.064453,-10.176143,
1700599552989108736.000000,0.000000,-1.147486,1349.602051,-1798.070679,-10.179691,
1700599553025111552.000000,0.000000,-1.147521,1349.583252,-1798.079346,-10.184466,
1700599553061111296.000000,0.000000,-1.147408,1349.563477,-1798.088379,-10.189013,
1700599553088111360.000000,0.000000,-1.147184,1349.549194,-1798.094849,-10.192078,
