1698769664838105344.000000,0.000000,1.821355,1.004297,-7.097363,6.871217,
1698769664874105344.000000,0.000000,1.810901,0.968677,-7.095624,6.872004,
1698769664910105344.000000,0.000000,1.802252,0.933306,-7.093924,6.872786,
1698769664938108928.000000,0.000000,1.797590,0.906946,-7.092558,6.873462,
1698769664974108928.000000,0.000000,1.789077,0.872017,-7.090470,6.874388,
1698769665010108928.000000,0.000000,1.781483,0.837219,-7.087978,6.875174,
1698769665037117184.000000,0.000000,1.778567,0.811243,-7.085721,6.875711,
1698769665075117056.000000,0.000000,1.771087,0.776634,-7.082280,6.876441,
1698769665111117056.000000,0.000000,1.765165,0.741489,-7.078181,6.876987,
1698769665138124544.000000,0.000000,1.762598,0.715344,-7.075033,6.877526,
1698769665169124608.000000,0.000000,1.754823,0.686208,-7.071246,6.878027,
1698769665205124608.000000,0.000000,1.747911,0.651068,-7.066206,6.878507,
1698769665241128192.000000,0.000000,1.743836,0.615888,-7.061062,6.878815,
1698769665268128256.000000,0.000000,1.736877,0.589403,-7.056913,6.878974,
1698769665309128192.000000,0.000000,1.730609,0.554081,-7.051082,6.879246,
1698769665345134592.000000,0.000000,1.727782,0.518541,-7.044578,6.879306,
1698769665372134400.000000,0.000000,1.719804,0.491990,-7.039561,6.879335,
1698769665405134592.000000,0.000000,1.713311,0.456685,-7.032737,6.879465,
1698769665442142464.000000,0.000000,1.710755,0.421595,-7.025615,6.879723,
1698769665478142464.000000,0.000000,1.704295,0.386587,-7.018382,6.880088,
1698769665505142528.000000,0.000000,1.698112,0.360383,-7.012908,6.880333,
1698769665543150592.000000,0.000000,1.695243,0.325294,-7.005769,6.880653,
1698769665579150592.000000,0.000000,1.688479,0.290174,-6.998787,6.880830,
1698769665606150656.000000,0.000000,1.680225,0.263820,-6.993380,6.880807,
1698769665642158080.000000,0.000000,1.677317,0.228676,-6.986034,6.880761,
1698769665669158144.000000,0.000000,1.669454,0.202341,-6.980350,6.880569,
1698769665706158080.000000,0.000000,1.662581,0.167216,-6.972467,6.880240,
1698769665742160896.000000,0.000000,1.658242,0.132387,-6.964481,6.880291,
1698769665769160960.000000,0.000000,1.650011,0.106232,-6.958392,6.880335,
1698769665807160832.000000,0.000000,1.641628,0.071206,-6.950074,6.880328,
1698769665843168256.000000,0.000000,1.638293,0.035569,-6.941765,6.880100,
1698769665870168320.000000,0.000000,1.630406,0.008822,-6.935394,6.879835,
1698769665906168320.000000,0.000000,1.620235,-0.026954,-6.926772,6.879326,
1698769665943170560.000000,0.000000,1.616645,-0.062373,-6.918111,6.878640,
1698769665979170560.000000,0.000000,1.608771,-0.097672,-6.909382,6.877849,
1698769666006170624.000000,0.000000,1.599681,-0.124137,-6.902833,6.877232,
1698769666042169856.000000,0.000000,1.595374,-0.159418,-6.893885,6.876379,
1698769666074169856.000000,0.000000,1.586944,-0.185794,-6.887059,6.875739,
1698769666110169856.000000,0.000000,1.577434,-0.220687,-6.877843,6.874839,
1698769666137176832.000000,0.000000,1.573544,-0.246441,-6.870903,6.874083,
1698769666170176768.000000,0.000000,1.562404,-0.280554,-6.861542,6.872928,
1698769666207176704.000000,0.000000,1.554932,-0.314444,-6.852029,6.871623,
1698769666243185920.000000,0.000000,1.549081,-0.348448,-6.842442,6.870144,
1698769666270185984.000000,0.000000,1.541226,-0.373914,-6.835016,6.869026,
1698769666308186112.000000,0.000000,1.534938,-0.408347,-6.824911,6.867576,
1698769666344193024.000000,0.000000,1.530501,-0.442463,-6.814689,6.866365,
1698769666371192832.000000,0.000000,1.523991,-0.468111,-6.806713,6.865499,
1698769666398192896.000000,0.000000,1.517000,-0.493774,-6.798474,6.864784,
1698769666438200576.000000,0.000000,1.514320,-0.527833,-6.787382,6.864052,
1698769666474200576.000000,0.000000,1.507309,-0.561950,-6.775954,6.863558,
1698769666507200512.000000,0.000000,1.501799,-0.596208,-6.764054,6.863121,
1698769666534206464.000000,0.000000,1.499287,-0.622000,-6.754791,6.862844,
1698769666575206400.000000,0.000000,1.493481,-0.656466,-6.741976,6.862498,
1698769666608206336.000000,0.000000,1.486435,-0.691113,-6.728673,6.862244,
1698769666644213760.000000,0.000000,1.482606,-0.726028,-6.714276,6.862063,
1698769666675213568.000000,0.000000,1.475212,-0.752292,-6.703247,6.862043,
1698769666702213632.000000,0.000000,1.467001,-0.778602,-6.691991,6.862039,
1698769666738220800.000000,0.000000,1.463493,-0.813585,-6.677149,6.862138,
1698769666771220736.000000,0.000000,1.453635,-0.848574,-6.662150,6.862289,
1698769666812220928.000000,0.000000,1.445607,-0.883683,-6.646975,6.862507,
1698769666845223424.000000,0.000000,1.442009,-0.918841,-6.631572,6.862628,
1698769666872223232.000000,0.000000,1.432606,-0.945087,-6.619908,6.862828,
1698769666908223488.000000,0.000000,1.422849,-0.979826,-6.604233,6.863259,
1698769666937230336.000000,0.000000,1.417695,-1.005614,-6.592601,6.863605,
1698769666972230144.000000,0.000000,1.408197,-1.039685,-6.576990,6.864041,
1698769667009230336.000000,0.000000,1.397712,-1.073445,-6.561153,6.864418,
1698769667044233728.000000,0.000000,1.391807,-1.107346,-6.545246,6.864946,
1698769667073233920.000000,0.000000,1.383035,-1.132745,-6.533137,6.865348,
1698769667109233920.000000,0.000000,1.373549,-1.166426,-6.516746,6.865851,
1698769667145241600.000000,0.000000,1.369915,-1.199734,-6.499585,6.865815,
1698769667172241408.000000,0.000000,1.360516,-1.224679,-6.486449,6.865754,
1698769667204241408.000000,0.000000,1.353598,-1.249528,-6.473058,6.865620,
1698769667240249344.000000,0.000000,1.350341,-1.282409,-6.454898,6.865587,
1698769667276249088.000000,0.000000,1.342512,-1.314798,-6.436201,6.865551,
1698769667309249280.000000,0.000000,1.332790,-1.346689,-6.416744,6.865392,
1698769667337255936.000000,0.000000,1.330217,-1.370475,-6.401706,6.865461,
1698769667373255936.000000,0.000000,1.321282,-1.401984,-6.380831,6.865534,
1698769667409255936.000000,0.000000,1.314668,-1.433126,-6.359115,6.865597,
1698769667436262912.000000,0.000000,1.311690,-1.456559,-6.342327,6.865551,
1698769667474262784.000000,0.000000,1.304299,-1.487799,-6.318874,6.865506,
1698769667510262784.000000,0.000000,1.297709,-1.518232,-6.294994,6.865498,
1698769667537269760.000000,0.000000,1.293672,-1.540481,-6.276605,6.865457,
1698769667574269696.000000,0.000000,1.285726,-1.569839,-6.251775,6.865743,
1698769667610269696.000000,0.000000,1.278957,-1.598848,-6.226547,6.866266,
1698769667646270976.000000,0.000000,1.274436,-1.627730,-6.201310,6.866666,
1698769667675270912.000000,0.000000,1.266003,-1.649243,-6.182120,6.867021,
1698769667702270976.000000,0.000000,1.258031,-1.670661,-6.162864,6.867479,
1698769667738277888.000000,0.000000,1.253191,-1.698991,-6.137080,6.867924,
1698769667774277888.000000,0.000000,1.243554,-1.727107,-6.111232,6.868335,
1698769667802277888.000000,0.000000,1.234757,-1.748016,-6.091705,6.868546,
1698769667838283776.000000,0.000000,1.229633,-1.775815,-6.065479,6.869112,
1698769667874283776.000000,0.000000,1.220613,-1.803563,-6.038898,6.869433,
1698769667910283776.000000,0.000000,1.212414,-1.831182,-6.012177,6.869432,
1698769667942290432.000000,0.000000,1.208926,-1.851769,-5.992457,6.869345,
1698769667978290432.000000,0.000000,1.200920,-1.879173,-5.965883,6.868906,
1698769668005290496.000000,0.000000,1.192273,-1.899799,-5.945788,6.868382,
1698769668041296896.000000,0.000000,1.187881,-1.927096,-5.918709,6.867284,
1698769668077296896.000000,0.000000,1.179530,-1.955327,-5.890028,6.865770,
1698769668104296960.000000,0.000000,1.170337,-1.975507,-5.869104,6.864583,
1698769668140299776.000000,0.000000,1.166746,-2.002123,-5.840731,6.863086,
1698769668176299520.000000,0.000000,1.158705,-2.028358,-5.812133,6.861715,
1698769668207299584.000000,0.000000,1.150915,-2.047873,-5.790410,6.860760,
1698769668243308800.000000,0.000000,1.147847,-2.073560,-5.761610,6.859649,
1698769668270308864.000000,0.000000,1.141745,-2.092591,-5.739985,6.858959,
1698769668312308736.000000,0.000000,1.136349,-2.124061,-5.703773,6.858044,
1698769668341320704.000000,0.000000,1.133233,-2.142514,-5.682172,6.857780,
1698769668377320704.000000,0.000000,1.126908,-2.167026,-5.653140,6.857629,
1698769668404320768.000000,0.000000,1.120233,-2.185223,-5.631279,6.857512,
1698769668440322560.000000,0.000000,1.116886,-2.209189,-5.602023,6.857485,
1698769668471322624.000000,0.000000,1.110424,-2.227164,-5.580056,6.857649,
1698769668507322624.000000,0.000000,1.102920,-2.251111,-5.550704,6.857872,
1698769668543324928.000000,0.000000,1.099851,-2.274590,-5.521693,6.858245,
1698769668570324992.000000,0.000000,1.090648,-2.292214,-5.500083,6.858612,
1698769668608325120.000000,0.000000,1.081386,-2.317725,-5.468919,6.859287,
1698769668644333568.000000,0.000000,1.076378,-2.340904,-5.440275,6.860186,
1698769668672333824.000000,0.000000,1.067562,-2.358574,-5.418555,6.860914,
1698769668708333568.000000,0.000000,1.059019,-2.381754,-5.390125,6.861756,
1698769668744340992.000000,0.000000,1.052982,-2.404669,-5.361833,6.862299,
1698769668771341056.000000,0.000000,1.042039,-2.421928,-5.340724,6.862648,
1698769668809341184.000000,0.000000,1.033925,-2.444968,-5.312613,6.862916,
1698769668836342272.000000,0.000000,1.027234,-2.462460,-5.291648,6.863092,
1698769668872342016.000000,0.000000,1.018799,-2.486090,-5.263669,6.863187,
1698769668908342272.000000,0.000000,1.011552,-2.509757,-5.235586,6.863059,
1698769668945345280.000000,0.000000,1.009403,-2.533522,-5.207865,6.863358,
1698769668972345344.000000,0.000000,1.002162,-2.551389,-5.187154,6.863637,
1698769669008345088.000000,0.000000,0.995594,-2.575363,-5.159420,6.863984,
1698769669044347904.000000,0.000000,0.992356,-2.598929,-5.131444,6.864369,
1698769669074347776.000000,0.000000,0.986027,-2.616419,-5.110340,6.864682,
1698769669110347776.000000,0.000000,0.979814,-2.639541,-5.082318,6.865025,
1698769669137349376.000000,0.000000,0.976120,-2.657055,-5.061696,6.865204,
1698769669173349376.000000,0.000000,0.969255,-2.680463,-5.034017,6.865227,
1698769669210349312.000000,0.000000,0.961500,-2.703683,-5.006362,6.865108,
1698769669236355584.000000,0.000000,0.957944,-2.721158,-4.985441,6.864902,
1698769669272355840.000000,0.000000,0.948169,-2.744710,-4.957472,6.864574,
1698769669310355712.000000,0.000000,0.938323,-2.768091,-4.929477,6.864048,
1698769669337363712.000000,0.000000,0.933927,-2.785609,-4.908758,6.863879,
1698769669373363712.000000,0.000000,0.923935,-2.808943,-4.880963,6.863459,
1698769669409363712.000000,0.000000,0.914354,-2.832045,-4.853256,6.862936,
1698769669446365952.000000,0.000000,0.909217,-2.855190,-4.825258,6.862424,
1698769669475365888.000000,0.000000,0.901617,-2.873513,-4.802938,6.861932,
1698769669511365888.000000,0.000000,0.892862,-2.896805,-4.774565,6.861202,
1698769669538373888.000000,0.000000,0.888683,-2.914276,-4.753000,6.860816,
1698769669565373952.000000,0.000000,0.880147,-2.931764,-4.731299,6.860257,
1698769669606373888.000000,0.000000,0.872494,-2.957270,-4.699710,6.859345,
1698769669642381824.000000,0.000000,0.869243,-2.981039,-4.670638,6.858694,
1698769669678381824.000000,0.000000,0.860826,-3.004997,-4.641359,6.857946,
1698769669709381888.000000,0.000000,0.852125,-3.024997,-4.616693,6.857182,
1698769669745389824.000000,0.000000,0.847347,-3.048787,-4.586424,6.856037,
1698769669772389888.000000,0.000000,0.838824,-3.066624,-4.563538,6.855131,
1698769669808389632.000000,0.000000,0.831542,-3.090488,-4.532656,6.853776,
1698769669840398336.000000,0.000000,0.827991,-3.110557,-4.506403,6.852338,
1698769669876398592.000000,0.000000,0.820613,-3.134950,-4.474160,6.850713,
1698769669912398336.000000,0.000000,0.814914,-3.159072,-4.442206,6.849174,
1698769669943406848.000000,0.000000,0.811265,-3.178927,-4.415465,6.847863,
1698769669970406912.000000,0.000000,0.804378,-3.196785,-4.391276,6.846816,
1698769670006406912.000000,0.000000,0.796639,-3.220724,-4.358882,6.845552,
1698769670042414592.000000,0.000000,0.793265,-3.244931,-4.326657,6.844388,
1698769670074414592.000000,0.000000,0.784466,-3.265178,-4.299746,6.843536,
1698769670110414592.000000,0.000000,0.775917,-3.289320,-4.267614,6.842681,
1698769670137422336.000000,0.000000,0.772282,-3.307221,-4.243153,6.842192,
1698769670173422336.000000,0.000000,0.762766,-3.330796,-4.210673,6.841669,
1698769670204422144.000000,0.000000,0.752795,-3.350243,-4.183772,6.841254,
1698769670240430080.000000,0.000000,0.747731,-3.373435,-4.151375,6.841056,
1698769670276430336.000000,0.000000,0.737071,-3.396269,-4.118991,6.840812,
1698769670303430144.000000,0.000000,0.727939,-3.413239,-4.094767,6.840619,
1698769670344436224.000000,0.000000,0.722758,-3.437394,-4.060130,6.839838,
1698769670371436288.000000,0.000000,0.712790,-3.453941,-4.036150,6.839233,
1698769670407436288.000000,0.000000,0.704714,-3.475546,-4.004250,6.838266,
1698769670434438400.000000,0.000000,0.700026,-3.491626,-3.980290,6.837594,
1698769670474438400.000000,0.000000,0.690486,-3.514339,-3.945562,6.836453,
1698769670510438400.000000,0.000000,0.682239,-3.535055,-3.913233,6.835216,
1698769670537439744.000000,0.000000,0.677666,-3.550126,-3.888465,6.834362,
1698769670569439744.000000,0.000000,0.669735,-3.566416,-3.860766,6.833140,
1698769670605439744.000000,0.000000,0.660162,-3.585520,-3.827130,6.831587,
1698769670641447168.000000,0.000000,0.656743,-3.604308,-3.793306,6.829934,
1698769670677447168.000000,0.000000,0.647536,-3.622602,-3.759046,6.828151,
1698769670705447168.000000,0.000000,0.639023,-3.635782,-3.733038,6.826752,
1698769670741454848.000000,0.000000,0.635607,-3.652880,-3.697996,6.824859,
1698769670777454848.000000,0.000000,0.627514,-3.669389,-3.662619,6.822974,
1698769670804454912.000000,0.000000,0.619658,-3.681324,-3.635804,6.821558,
1698769670842461440.000000,0.000000,0.616646,-3.696413,-3.599309,6.819846,
1698769670878461440.000000,0.000000,0.608977,-3.710763,-3.562307,6.818343,
1698769670905461504.000000,0.000000,0.601903,-3.721101,-3.534396,6.817342,
1698769670941463808.000000,0.000000,0.598987,-3.734591,-3.497285,6.816317,
1698769670972463616.000000,0.000000,0.591163,-3.744449,-3.469368,6.815722,
1698769671008463872.000000,0.000000,0.584208,-3.757206,-3.432095,6.815233,
1698769671044471808.000000,0.000000,0.580934,-3.769423,-3.394312,6.815075,
1698769671077471744.000000,0.000000,0.572269,-3.781135,-3.357378,6.815179,
1698769671104471552.000000,0.000000,0.565397,-3.789948,-3.328817,6.815422,
1698769671140480512.000000,0.000000,0.562518,-3.801397,-3.291358,6.815729,
1698769671176480256.000000,0.000000,0.555131,-3.812549,-3.254296,6.816324,
1698769671205480448.000000,0.000000,0.548181,-3.820752,-3.226721,6.816924,
1698769671241488128.000000,0.000000,0.545278,-3.831831,-3.190203,6.817845,
1698769671277488128.000000,0.000000,0.537768,-3.842805,-3.153858,6.818709,
1698769671308488192.000000,0.000000,0.530253,-3.850764,-3.126795,6.819265,
1698769671341495296.000000,0.000000,0.525842,-3.860573,-3.090699,6.820210,
1698769671377495296.000000,0.000000,0.518717,-3.869937,-3.055031,6.821056,
1698769671404495360.000000,0.000000,0.511806,-3.876852,-3.028545,6.821434,
1698769671442502912.000000,0.000000,0.508810,-3.885877,-2.993577,6.822021,
1698769671469502976.000000,0.000000,0.501648,-3.892568,-2.967491,6.822365,
1698769671505502976.000000,0.000000,0.492690,-3.901305,-2.933079,6.822469,
1698769671541511168.000000,0.000000,0.489308,-3.910368,-2.899231,6.822464,
1698769671569511168.000000,0.000000,0.481297,-3.917551,-2.872614,6.822182,
1698769671610511104.000000,0.000000,0.470768,-3.927329,-2.836337,6.821539,
1698769671637519104.000000,0.000000,0.466818,-3.934015,-2.811373,6.821149,
1698769671673519104.000000,0.000000,0.457046,-3.942947,-2.778088,6.820352,
1698769671710519040.000000,0.000000,0.448501,-3.951988,-2.744792,6.819298,
1698769671737526016.000000,0.000000,0.444373,-3.959110,-2.719452,6.818669,
1698769671773526016.000000,0.000000,0.433387,-3.968583,-2.685470,6.817663,
1698769671809526016.000000,0.000000,0.424434,-3.978097,-2.651326,6.816459,
1698769671838536960.000000,0.000000,0.418449,-3.984941,-2.626075,6.815659,
1698769671874536960.000000,0.000000,0.408846,-3.993959,-2.592263,6.814532,
1698769671910536960.000000,0.000000,0.400324,-4.002737,-2.558238,6.813419,
1698769671937543936.000000,0.000000,0.397203,-4.008884,-2.532121,6.812822,
1698769671975543808.000000,0.000000,0.390856,-4.016767,-2.497078,6.812078,
1698769672010543872.000000,0.000000,0.385376,-4.024299,-2.461827,6.811415,
1698769672038549760.000000,0.000000,0.382444,-4.029905,-2.435419,6.811148,
1698769672074549760.000000,0.000000,0.376872,-4.037221,-2.400063,6.810965,
1698769672105549824.000000,0.000000,0.370726,-4.043056,-2.370351,6.810788,
1698769672141557504.000000,0.000000,0.368436,-4.049630,-2.334768,6.810941,
1698769672177557504.000000,0.000000,0.362233,-4.055808,-2.298949,6.811129,
1698769672204557312.000000,0.000000,0.355944,-4.060188,-2.271892,6.811257,
1698769672240558080.000000,0.000000,0.352388,-4.065381,-2.235955,6.811336,
1698769672272558080.000000,0.000000,0.346023,-4.069155,-2.208390,6.811268,
1698769672308557824.000000,0.000000,0.339881,-4.073929,-2.171416,6.811169,
1698769672344563712.000000,0.000000,0.336549,-4.078279,-2.134321,6.811318,
1698769672377563904.000000,0.000000,0.328113,-4.082386,-2.096982,6.811375,
1698769672408563712.000000,0.000000,0.321786,-4.085302,-2.068897,6.811373,
1698769672441570816.000000,0.000000,0.317636,-4.088974,-2.031723,6.811196,
1698769672477570816.000000,0.000000,0.309811,-4.092333,-1.994423,6.810757,
1698769672504570880.000000,0.000000,0.302976,-4.094629,-1.966359,6.810214,
1698769672545572096.000000,0.000000,0.301027,-4.097412,-1.928772,6.809384,
1698769672572572160.000000,0.000000,0.293016,-4.099282,-1.900517,6.808601,
1698769672608571904.000000,0.000000,0.286641,-4.101547,-1.862854,6.807351,
1698769672641579008.000000,0.000000,0.282469,-4.103327,-1.825013,6.805930,
1698769672672579072.000000,0.000000,0.274921,-4.104569,-1.796625,6.804746,
1698769672705579008.000000,0.000000,0.267005,-4.106092,-1.758668,6.803091,
1698769672741586176.000000,0.000000,0.263846,-4.107277,-1.720911,6.801762,
1698769672777586176.000000,0.000000,0.256647,-4.108155,-1.683119,6.800429,
1698769672806586112.000000,0.000000,0.249743,-4.108638,-1.654653,6.799392,
1698769672842591744.000000,0.000000,0.246944,-4.109158,-1.616553,6.798287,
1698769672878591744.000000,0.000000,0.239328,-4.109533,-1.578115,6.797268,
1698769672905591808.000000,0.000000,0.231459,-4.109707,-1.549079,6.796494,
1698769672942594304.000000,0.000000,0.228065,-4.109678,-1.510253,6.795776,
1698769672969594368.000000,0.000000,0.219299,-4.109503,-1.481050,6.795341,
1698769673005594368.000000,0.000000,0.211255,-4.109134,-1.441960,6.794820,
1698769673032600576.000000,0.000000,0.208028,-4.108807,-1.412610,6.794472,
1698769673073600768.000000,0.000000,0.200134,-4.108247,-1.373358,6.794156,
1698769673109600768.000000,0.000000,0.192863,-4.107602,-1.333969,6.793921,
1698769673145607424.000000,0.000000,0.188335,-4.106382,-1.294663,6.793894,
1698769673173607424.000000,0.000000,0.179459,-4.105416,-1.265148,6.793952,
1698769673206607360.000000,0.000000,0.171354,-4.104057,-1.225706,6.794227,
1698769673242615808.000000,0.000000,0.166888,-4.102452,-1.186240,6.794666,
1698769673278615808.000000,0.000000,0.158969,-4.100726,-1.146797,6.795315,
1698769673307615744.000000,0.000000,0.152064,-4.099433,-1.117264,6.795901,
1698769673343620864.000000,0.000000,0.148417,-4.097579,-1.077734,6.796911,
1698769673370620928.000000,0.000000,0.141238,-4.096191,-1.048081,6.797737,
1698769673406620928.000000,0.000000,0.131762,-4.094388,-1.008617,6.798867,
1698769673437627648.000000,0.000000,0.128114,-4.092831,-0.978706,6.799670,
1698769673470627584.000000,0.000000,0.118988,-4.090678,-0.939661,6.800571,
1698769673506627584.000000,0.000000,0.111505,-4.088347,-0.900631,6.801332,
1698769673544634880.000000,0.000000,0.108085,-4.085580,-0.861611,6.802243,
1698769673571634944.000000,0.000000,0.100353,-4.083355,-0.832373,6.802893,
1698769673607634944.000000,0.000000,0.091018,-4.080293,-0.793409,6.803672,
1698769673643640576.000000,0.000000,0.087133,-4.077015,-0.754590,6.804224,
1698769673671640576.000000,0.000000,0.079278,-4.074323,-0.725451,6.804476,
1698769673707640576.000000,0.000000,0.069553,-4.070568,-0.686581,6.804522,
1698769673743649024.000000,0.000000,0.066034,-4.066471,-0.647781,6.804330,
1698769673770649088.000000,0.000000,0.058274,-4.063249,-0.618716,6.804052,
1698769673802649088.000000,0.000000,0.050270,-4.059923,-0.589564,6.803669,
1698769673838657536.000000,0.000000,0.047142,-4.055045,-0.550627,6.803127,
1698769673871657472.000000,0.000000,0.038893,-4.049884,-0.511583,6.802448,
1698769673907657472.000000,0.000000,0.032494,-4.044548,-0.472644,6.801603,
1698769673938662912.000000,0.000000,0.030195,-4.040267,-0.443615,6.800807,
1698769673971662848.000000,0.000000,0.023795,-4.034443,-0.404859,6.799698,
1698769674007662848.000000,0.000000,0.017112,-4.028490,-0.365999,6.798511,
1698769674034670336.000000,0.000000,0.014252,-4.023857,-0.336825,6.797969,
1698769674075670272.000000,0.000000,0.008591,-4.017501,-0.297987,6.797398,
1698769674102670336.000000,0.000000,0.002466,-4.012705,-0.268954,6.796942,
1698769674144676352.000000,0.000000,-0.000059,-4.004450,-0.220723,6.796340,
1698769674171676416.000000,0.000000,-0.007384,-3.999372,-0.191951,6.796017,
1698769674208676352.000000,0.000000,-0.013927,-3.992438,-0.153664,6.795673,
1698769674244684288.000000,0.000000,-0.018954,-3.985165,-0.115454,6.795370,
1698769674271684096.000000,0.000000,-0.027690,-3.979566,-0.086876,6.795216,
1698769674298684160.000000,0.000000,-0.035595,-3.973812,-0.058364,6.795183,
1698769674339685120.000000,0.000000,-0.039443,-3.965732,-0.020325,6.795555,
1698769674375685120.000000,0.000000,-0.049738,-3.957482,0.017709,6.796129,
1698769674408685056.000000,0.000000,-0.057668,-3.949112,0.055638,6.796803,
1698769674439693312.000000,0.000000,-0.061092,-3.942557,0.083889,6.797493,
1698769674472693248.000000,0.000000,-0.068442,-3.933462,0.121330,6.798570,
1698769674508693504.000000,0.000000,-0.077011,-3.923984,0.158723,6.799707,
1698769674544697856.000000,0.000000,-0.080690,-3.914356,0.195420,6.800797,
1698769674576697856.000000,0.000000,-0.086956,-3.906828,0.222997,6.801717,
1698769674603697664.000000,0.000000,-0.093150,-3.899015,0.250585,6.802663,
1698769674639700224.000000,0.000000,-0.095516,-3.888057,0.288110,6.803994,
1698769674672700416.000000,0.000000,-0.102262,-3.877288,0.323681,6.805095,
1698769674708700160.000000,0.000000,-0.107531,-3.865546,0.360946,6.806103,
1698769674744709632.000000,0.000000,-0.110663,-3.852947,0.398436,6.806836,
1698769674771709696.000000,0.000000,-0.116911,-3.843056,0.426687,6.807235,
1698769674803709696.000000,0.000000,-0.122429,-3.832946,0.455108,6.807466,
1698769674839716608.000000,0.000000,-0.125491,-3.818967,0.492834,6.807452,
1698769674875716608.000000,0.000000,-0.131126,-3.804572,0.530772,6.807125,
1698769674901716736.000000,0.000000,-0.137876,-3.793503,0.559276,6.806723,
1698769674941723648.000000,0.000000,-0.141030,-3.776710,0.602476,6.806087,
1698769674976723456.000000,0.000000,-0.148725,-3.761366,0.641007,6.805240,
1698769675004723712.000000,0.000000,-0.156810,-3.749594,0.669885,6.804436,
1698769675041730560.000000,0.000000,-0.161151,-3.733428,0.708161,6.803468,
1698769675077730560.000000,0.000000,-0.169261,-3.716778,0.746136,6.802623,
1698769675104730624.000000,0.000000,-0.179102,-3.704235,0.774515,6.801914,
1698769675140737024.000000,0.000000,-0.183170,-3.687283,0.811846,6.801202,
1698769675172737024.000000,0.000000,-0.193259,-3.674440,0.839681,6.800755,
1698769675205737216.000000,0.000000,-0.202598,-3.657281,0.876553,6.800240,
1698769675241743872.000000,0.000000,-0.206226,-3.639948,0.913121,6.800075,
1698769675277743872.000000,0.000000,-0.214694,-3.622614,0.949386,6.800138,
1698769675308743680.000000,0.000000,-0.222235,-3.609587,0.976399,6.800269,
1698769675344750592.000000,0.000000,-0.226043,-3.592438,1.011988,6.800485,
1698769675371750400.000000,0.000000,-0.234512,-3.579632,1.038523,6.800762,
1698769675404750336.000000,0.000000,-0.242315,-3.562608,1.073587,6.801304,
1698769675442758912.000000,0.000000,-0.245359,-3.545407,1.108164,6.801797,
1698769675469758976.000000,0.000000,-0.253022,-3.532513,1.133953,6.802217,
1698769675505758976.000000,0.000000,-0.260876,-3.515229,1.168123,6.802886,
1698769675541765888.000000,0.000000,-0.264045,-3.498134,1.202303,6.803968,
1698769675569765888.000000,0.000000,-0.271482,-3.485325,1.227838,6.804924,
1698769675605765888.000000,0.000000,-0.280820,-3.468238,1.261739,6.806258,
1698769675641767424.000000,0.000000,-0.284283,-3.450657,1.295324,6.807680,
1698769675677767424.000000,0.000000,-0.292280,-3.432935,1.328607,6.809105,
1698769675706767360.000000,0.000000,-0.302726,-3.419692,1.353474,6.810140,
1698769675742768640.000000,0.000000,-0.306415,-3.402248,1.386263,6.811257,
1698769675769768704.000000,0.000000,-0.314593,-3.389210,1.410682,6.811965,
1698769675805768704.000000,0.000000,-0.322457,-3.371731,1.443011,6.812747,
1698769675845770752.000000,0.000000,-0.325504,-3.354092,1.475601,6.813406,
1698769675872770560.000000,0.000000,-0.332570,-3.341000,1.499525,6.813748,
1698769675908770816.000000,0.000000,-0.338514,-3.323394,1.531216,6.814013,
1698769675937777408.000000,0.000000,-0.342036,-3.308450,1.557473,6.814369,
1698769675973777408.000000,0.000000,-0.348721,-3.290345,1.588701,6.814610,
1698769676009777408.000000,0.000000,-0.355240,-3.272118,1.619767,6.814566,
1698769676037777920.000000,0.000000,-0.358700,-3.258428,1.642766,6.814497,
1698769676073777920.000000,0.000000,-0.365089,-3.240051,1.673250,6.814281,
1698769676109777920.000000,0.000000,-0.371352,-3.221446,1.703555,6.813829,
1698769676145778688.000000,0.000000,-0.374185,-3.202080,1.733710,6.813526,
1698769676174778624.000000,0.000000,-0.382713,-3.187436,1.756190,6.813197,
1698769676210778624.000000,0.000000,-0.389333,-3.167792,1.786085,6.812696,
1698769676246780160.000000,0.000000,-0.392848,-3.148414,1.815649,6.812039,
1698769676273780224.000000,0.000000,-0.399423,-3.133900,1.837776,6.811542,
1698769676310780160.000000,0.000000,-0.405604,-3.114321,1.867165,6.810954,
1698769676337786368.000000,0.000000,-0.408525,-3.099118,1.888803,6.810712,
1698769676373786368.000000,0.000000,-0.416133,-3.078615,1.917610,6.810586,
1698769676409786368.000000,0.000000,-0.422101,-3.057837,1.946320,6.810806,
1698769676441795840.000000,0.000000,-0.425723,-3.040414,1.970538,6.811344,
1698769676477795840.000000,0.000000,-0.433226,-3.019316,1.999440,6.812360,
1698769676504795648.000000,0.000000,-0.440437,-3.003379,2.021032,6.813316,
1698769676540796928.000000,0.000000,-0.443294,-2.981885,2.049528,6.814699,
1698769676571796736.000000,0.000000,-0.449758,-2.965595,2.070852,6.815882,
1698769676607796736.000000,0.000000,-0.455123,-2.943651,2.099140,6.817718,
1698769676643803136.000000,0.000000,-0.458752,-2.921779,2.127094,6.819784,
1698769676676803072.000000,0.000000,-0.465035,-2.899710,2.155070,6.822051,
1698769676705803264.000000,0.000000,-0.472544,-2.883017,2.176061,6.823849,
1698769676741805312.000000,0.000000,-0.476190,-2.860518,2.204059,6.826159,
1698769676777805312.000000,0.000000,-0.483161,-2.837795,2.232044,6.828496,
1698769676804805120.000000,0.000000,-0.491058,-2.820610,2.253089,6.830278,
1698769676844809216.000000,0.000000,-0.494913,-2.797455,2.281162,6.833060,
1698769676871809024.000000,0.000000,-0.501316,-2.779936,2.302262,6.835098,
1698769676907809024.000000,0.000000,-0.507300,-2.756317,2.330332,6.837759,
1698769676931815168.000000,0.000000,-0.510944,-2.738328,2.351530,6.839828,
1698769676978815232.000000,0.000000,-0.518213,-2.708152,2.386592,6.843066,
1698769677005815296.000000,0.000000,-0.525354,-2.689909,2.407559,6.844901,
1698769677042823168.000000,0.000000,-0.528280,-2.665089,2.435312,6.847405,
1698769677078823168.000000,0.000000,-0.534611,-2.640392,2.462543,6.849798,
1698769677105823232.000000,0.000000,-0.542328,-2.621677,2.482923,6.851464,
1698769677141830912.000000,0.000000,-0.545026,-2.596415,2.510214,6.853579,
1698769677173830912.000000,0.000000,-0.551800,-2.577335,2.530594,6.855036,
1698769677209830912.000000,0.000000,-0.557957,-2.551792,2.557596,6.856857,
1698769677242838272.000000,0.000000,-0.561678,-2.526030,2.584202,6.858699,
1698769677278838272.000000,0.000000,-0.568813,-2.500111,2.610572,6.860491,
1698769677306838272.000000,0.000000,-0.575544,-2.480572,2.630195,6.861765,
1698769677343844864.000000,0.000000,-0.578211,-2.454870,2.656040,6.863565,
1698769677379844864.000000,0.000000,-0.585584,-2.429239,2.681453,6.865274,
1698769677405844992.000000,0.000000,-0.591885,-2.409960,2.700288,6.866468,
1698769677443852032.000000,0.000000,-0.594597,-2.383868,2.725188,6.868208,
1698769677479852032.000000,0.000000,-0.600932,-2.357534,2.749824,6.869974,
1698769677506852096.000000,0.000000,-0.605053,-2.337763,2.768117,6.871307,
1698769677542857728.000000,0.000000,-0.610905,-2.311414,2.792444,6.873010,
1698769677571857664.000000,0.000000,-0.616640,-2.291545,2.810481,6.874253,
1698769677607857664.000000,0.000000,-0.623813,-2.264950,2.834342,6.875891,
1698769677643863296.000000,0.000000,-0.626477,-2.238197,2.857985,6.877470,
1698769677679863296.000000,0.000000,-0.632569,-2.211195,2.881459,6.879084,
1698769677707863296.000000,0.000000,-0.638694,-2.190778,2.898969,6.880332,
1698769677743869440.000000,0.000000,-0.640963,-2.163153,2.921638,6.882204,
1698769677779869440.000000,0.000000,-0.647617,-2.135292,2.944044,6.884110,
1698769677806869504.000000,0.000000,-0.653664,-2.114239,2.960668,6.885529,
1698769677844874752.000000,0.000000,-0.657578,-2.086666,2.982398,6.887517,
1698769677871874816.000000,0.000000,-0.664338,-2.065827,2.998514,6.888921,
1698769677907874816.000000,0.000000,-0.673158,-2.037795,3.019800,6.890604,
1698769677934883840.000000,0.000000,-0.676425,-2.016423,3.035784,6.891955,
1698769677971883776.000000,0.000000,-0.683261,-1.987681,3.056981,6.893575,
1698769678007883776.000000,0.000000,-0.691208,-1.958734,3.078027,6.895052,
1698769678043888384.000000,0.000000,-0.693940,-1.929736,3.098926,6.896580,
1698769678075888384.000000,0.000000,-0.700283,-1.907861,3.114483,6.897638,
1698769678111888384.000000,0.000000,-0.706510,-1.878458,3.135185,6.898881,
1698769678144894464.000000,0.000000,-0.709132,-1.848684,3.155596,6.900104,
1698769678171894528.000000,0.000000,-0.716781,-1.826207,3.170842,6.900969,
1698769678211894528.000000,0.000000,-0.722378,-1.795589,3.191391,6.902057,
1698769678238900480.000000,0.000000,-0.724949,-1.773173,3.206679,6.902990,
1698769678271900416.000000,0.000000,-0.733378,-1.743159,3.226930,6.904176,
1698769678309900544.000000,0.000000,-0.739385,-1.713035,3.246849,6.905250,
1698769678336907776.000000,0.000000,-0.744117,-1.690300,3.261351,6.906096,
1698769678372908032.000000,0.000000,-0.752015,-1.659823,3.280548,6.907257,
1698769678408907776.000000,0.000000,-0.759717,-1.629200,3.299653,6.908494,
1698769678439916800.000000,0.000000,-0.762710,-1.606210,3.314028,6.909602,
1698769678475916800.000000,0.000000,-0.769601,-1.575449,3.333155,6.911141,
1698769678511916800.000000,0.000000,-0.777730,-1.544521,3.352236,6.912680,
1698769678535922688.000000,0.000000,-0.781831,-1.521424,3.366128,6.913835,
1698769678573922816.000000,0.000000,-0.789003,-1.490580,3.384561,6.915416,
1698769678609922816.000000,0.000000,-0.796327,-1.459579,3.402809,6.917022,
1698769678636930048.000000,0.000000,-0.799370,-1.435876,3.416280,6.918219,
1698769678672929792.000000,0.000000,-0.806832,-1.404154,3.434128,6.919774,
1698769678703929856.000000,0.000000,-0.814188,-1.380270,3.447407,6.920919,
1698769678739938560.000000,0.000000,-0.817035,-1.348694,3.465198,6.922243,
1698769678775938560.000000,0.000000,-0.823625,-1.317123,3.482933,6.923502,
1698769678799938560.000000,0.000000,-0.830284,-1.293288,3.496087,6.924448,
1698769678837947136.000000,0.000000,-0.833257,-1.261319,3.513256,6.925923,
1698769678873947136.000000,0.000000,-0.838981,-1.229164,3.530111,6.927398,
1698769678909947136.000000,0.000000,-0.844794,-1.196816,3.546911,6.928870,
1698769678940954112.000000,0.000000,-0.847057,-1.172260,3.559161,6.930167,
1698769678976953856.000000,0.000000,-0.852170,-1.139240,3.575397,6.931865,
1698769679003953920.000000,0.000000,-0.858086,-1.114263,3.587552,6.933152,
1698769679039960320.000000,0.000000,-0.860114,-1.081010,3.603703,6.934668,
1698769679074960384.000000,0.000000,-0.866590,-1.047760,3.619904,6.935974,
1698769679110960384.000000,0.000000,-0.873072,-1.014331,3.635941,6.937273,
1698769679137968640.000000,0.000000,-0.875901,-0.989317,3.647815,6.938268,
1698769679173968640.000000,0.000000,-0.883555,-0.955827,3.663594,6.939594,
1698769679210968576.000000,0.000000,-0.890667,-0.922226,3.679440,6.940940,
1698769679237975296.000000,0.000000,-0.893905,-0.896927,3.691067,6.942016,
1698769679273975296.000000,0.000000,-0.902815,-0.863102,3.706378,6.943473,
1698769679309975296.000000,0.000000,-0.911200,-0.829206,3.721600,6.944921,
1698769679341984256.000000,0.000000,-0.914238,-0.803562,3.732868,6.945907,
1698769679374984192.000000,0.000000,-0.922592,-0.769439,3.747784,6.947298,
1698769679410984192.000000,0.000000,-0.929756,-0.734953,3.762626,6.948829,
1698769679438989568.000000,0.000000,-0.932032,-0.709581,3.773365,6.950371,
1698769679474989568.000000,0.000000,-0.940155,-0.675841,3.787572,6.952498,
1698769679510989568.000000,0.000000,-0.946167,-0.642016,3.801587,6.954746,
1698769679537994752.000000,0.000000,-0.949718,-0.616765,3.811975,6.956540,
1698769679575994624.000000,0.000000,-0.956570,-0.583070,3.825691,6.958886,
1698769679611994624.000000,0.000000,-0.962090,-0.549334,3.839169,6.961179,
1698769679639001600.000000,0.000000,-0.965256,-0.523822,3.848746,6.962970,
1698769679675001600.000000,0.000000,-0.970809,-0.489584,3.861542,6.965319,
1698769679703001600.000000,0.000000,-0.975790,-0.463829,3.871002,6.967007,
1698769679739011072.000000,0.000000,-0.977882,-0.429677,3.883888,6.968822,
1698769679775011072.000000,0.000000,-0.984938,-0.395430,3.896839,6.970403,
1698769679802011136.000000,0.000000,-0.990987,-0.369684,3.906430,6.971503,
1698769679840018176.000000,0.000000,-0.993933,-0.335255,3.919119,6.973238,
1698769679876018176.000000,0.000000,-1.002296,-0.300587,3.931553,6.974921,
1698769679912018176.000000,0.000000,-1.009679,-0.265784,3.943781,6.976339,
1698769679941024768.000000,0.000000,-1.012819,-0.239484,3.952590,6.977519,
1698769679976024832.000000,0.000000,-1.019156,-0.204230,3.964227,6.978844,
1698769680003024896.000000,0.000000,-1.026310,-0.177714,3.972742,6.979626,
1698769680048032256.000000,0.000000,-1.028810,-0.133528,3.986758,6.980346,
1698769680080032256.000000,0.000000,-1.034994,-0.106899,3.995023,6.980617,
1698769680107032320.000000,0.000000,-1.041966,-0.080206,4.003221,6.980853,
1698769680143038720.000000,0.000000,-1.045911,-0.044215,4.013829,6.981201,
1698769680176038656.000000,0.000000,-1.053867,-0.008030,4.024103,6.981554,
1698769680208038656.000000,0.000000,-1.059684,0.019172,4.031634,6.981844,
1698769680240045312.000000,0.000000,-1.064546,0.055067,4.041777,6.982141,
1698769680276045312.000000,0.000000,-1.071406,0.090936,4.051745,6.982601,
1698769680304045312.000000,0.000000,-1.078389,0.117926,4.059030,6.983099,
1698769680341052416.000000,0.000000,-1.081448,0.153842,4.068339,6.983743,
1698769680377052160.000000,0.000000,-1.089093,0.189870,4.077394,6.984610,
1698769680404052224.000000,0.000000,-1.096350,0.217042,4.084010,6.985466,
1698769680440053248.000000,0.000000,-1.099577,0.253369,4.092431,6.986753,
1698769680478053376.000000,0.000000,-1.106597,0.289687,4.100491,6.988366,
1698769680505053184.000000,0.000000,-1.113065,0.317005,4.106342,6.989765,
1698769680541053440.000000,0.000000,-1.115422,0.353680,4.113755,6.991595,
1698769680577053184.000000,0.000000,-1.121789,0.390388,4.120860,6.993583,
1698769680605053440.000000,0.000000,-1.126396,0.418375,4.126234,6.995214,
1698769680641061376.000000,0.000000,-1.128364,0.454278,4.133224,6.997068,
1698769680673061376.000000,0.000000,-1.133593,0.483975,4.138757,6.998593,
1698769680709061632.000000,0.000000,-1.139593,0.519480,4.145233,7.000465,
1698769680745070080.000000,0.000000,-1.141744,0.555046,4.151516,7.002079,
1698769680772069888.000000,0.000000,-1.147616,0.581772,4.156102,7.003213,
1698769680812069888.000000,0.000000,-1.152689,0.617373,4.161970,7.004716,
1698769680839076352.000000,0.000000,-1.156067,0.643765,4.166221,7.005734,
1698769680875076352.000000,0.000000,-1.161924,0.678873,4.171745,7.007175,
1698769680911076352.000000,0.000000,-1.169406,0.713915,4.176982,7.008582,
1698769680940078080.000000,0.000000,-1.172788,0.743209,4.181060,7.009787,
1698769680976078080.000000,0.000000,-1.181219,0.778213,4.185687,7.011080,
1698769681012078080.000000,0.000000,-1.188248,0.813101,4.190042,7.012378,
1698769681039084800.000000,0.000000,-1.191094,0.839127,4.193161,7.013335,
1698769681079084800.000000,0.000000,-1.197468,0.873817,4.197047,7.014538,
1698769681106084864.000000,0.000000,-1.204821,0.899799,4.199815,7.015348,
1698769681142093056.000000,0.000000,-1.207383,0.934432,4.203413,7.016497,
1698769681178093056.000000,0.000000,-1.213194,0.969030,4.206833,7.017831,
1698769681204092928.000000,0.000000,-1.220702,0.994979,4.209377,7.018854,
1698769681240099328.000000,0.000000,-1.223329,1.029365,4.212847,7.020142,
1698769681276099328.000000,0.000000,-1.229755,1.063686,4.216303,7.021566,
1698769681312099328.000000,0.000000,-1.236061,1.098189,4.219789,7.023270,
1698769681343109376.000000,0.000000,-1.238591,1.123750,4.222297,7.024457,
1698769681379109376.000000,0.000000,-1.244336,1.157929,4.225525,7.026149,
1698769681406109440.000000,0.000000,-1.250521,1.183721,4.227848,7.027575,
1698769681442117120.000000,0.000000,-1.253906,1.218749,4.230425,7.029698,
1698769681477116928.000000,0.000000,-1.260272,1.254028,4.232810,7.031966,
1698769681504116992.000000,0.000000,-1.266750,1.280515,4.234439,7.033761,
1698769681540124672.000000,0.000000,-1.269169,1.315504,4.236862,7.036211,
1698769681576124672.000000,0.000000,-1.275933,1.350571,4.239288,7.038937,
1698769681607124736.000000,0.000000,-1.281396,1.376948,4.240992,7.041041,
1698769681643131392.000000,0.000000,-1.284897,1.412170,4.242675,7.043643,
1698769681670131456.000000,0.000000,-1.291010,1.438628,4.243705,7.045637,
1698769681706131456.000000,0.000000,-1.299158,1.473948,4.245102,7.048462,
1698769681744139264.000000,0.000000,-1.302164,1.512326,4.246709,7.051467,
1698769681780139264.000000,0.000000,-1.309380,1.547841,4.248048,7.054224,
1698769681808139264.000000,0.000000,-1.315674,1.575038,4.248963,7.056340,
1698769681844147200.000000,0.000000,-1.318414,1.610798,4.249776,7.058828,
1698769681880147200.000000,0.000000,-1.324986,1.646665,4.250301,7.061114,
1698769681907147264.000000,0.000000,-1.331581,1.673662,4.250639,7.062803,
1698769681939153152.000000,0.000000,-1.334285,1.700521,4.250748,7.064288,
1698769681975153152.000000,0.000000,-1.341815,1.736436,4.250616,7.065944,
1698769682008153088.000000,0.000000,-1.347584,1.772539,4.250260,7.067462,
1698769682044158976.000000,0.000000,-1.351385,1.808930,4.249700,7.068914,
1698769682072158976.000000,0.000000,-1.356423,1.836309,4.249054,7.069878,
1698769682108158976.000000,0.000000,-1.363246,1.872804,4.248071,7.071023,
1698769682144165376.000000,0.000000,-1.365830,1.909276,4.246722,7.072109,
1698769682180165376.000000,0.000000,-1.371320,1.945875,4.245074,7.073090,
1698769682209165312.000000,0.000000,-1.377363,1.973376,4.243665,7.073789,
1698769682245171200.000000,0.000000,-1.380161,2.009541,4.241419,7.074825,
1698769682272171264.000000,0.000000,-1.386164,2.036495,4.239542,7.075673,
1698769682308171264.000000,0.000000,-1.392600,2.072417,4.237013,7.076856,
1698769682345178112.000000,0.000000,-1.396083,2.108705,4.234339,7.078262,
1698769682372177920.000000,0.000000,-1.402321,2.135949,4.232300,7.079332,
1698769682408177920.000000,0.000000,-1.409944,2.172193,4.229358,7.080887,
1698769682436184576.000000,0.000000,-1.412522,2.199378,4.227027,7.082210,
1698769682476184576.000000,0.000000,-1.418325,2.235579,4.223720,7.084116,
1698769682512184576.000000,0.000000,-1.424876,2.271632,4.220238,7.086088,
1698769682545189888.000000,0.000000,-1.428370,2.307213,4.216535,7.088261,
1698769682576189696.000000,0.000000,-1.434716,2.333756,4.213627,7.089999,
1698769682612189696.000000,0.000000,-1.441476,2.368893,4.209512,7.092460,
1698769682645197312.000000,0.000000,-1.444359,2.403870,4.205129,7.094810,
1698769682672197120.000000,0.000000,-1.452178,2.429918,4.201675,7.096655,
1698769682713197056.000000,0.000000,-1.460030,2.464411,4.196881,7.099184,
1698769682740204544.000000,0.000000,-1.463287,2.490224,4.192910,7.101284,
1698769682773204480.000000,0.000000,-1.471301,2.524499,4.187275,7.104197,
1698769682809204736.000000,0.000000,-1.478724,2.558434,4.181361,7.107045,
1698769682841211904.000000,0.000000,-1.481589,2.583770,4.176943,7.109137,
1698769682876211712.000000,0.000000,-1.488077,2.617393,4.170717,7.111866,
1698769682909211648.000000,0.000000,-1.495825,2.650870,4.164169,7.114454,
1698769682937219072.000000,0.000000,-1.499102,2.675904,4.159055,7.116160,
1698769682974219264.000000,0.000000,-1.505199,2.709206,4.151937,7.118320,
1698769683010219264.000000,0.000000,-1.510980,2.742823,4.144054,7.120421,
1698769683037224960.000000,0.000000,-1.514517,2.767449,4.138098,7.121897,
1698769683075224832.000000,0.000000,-1.521456,2.800106,4.129895,7.123825,
1698769683111224832.000000,0.000000,-1.527447,2.832922,4.121330,7.125588,
1698769683147232512.000000,0.000000,-1.529879,2.865906,4.112222,7.126777,
1698769683178232576.000000,0.000000,-1.535655,2.890667,4.105238,7.127648,
1698769683205232640.000000,0.000000,-1.541148,2.915505,4.098155,7.128494,
1698769683241241088.000000,0.000000,-1.543581,2.948886,4.088752,7.129725,
1698769683277241344.000000,0.000000,-1.549833,2.982367,4.079241,7.131032,
1698769683312241152.000000,0.000000,-1.555341,3.015958,4.069505,7.132368,
1698769683339248896.000000,0.000000,-1.558162,3.041137,4.062221,7.133365,
1698769683375248896.000000,0.000000,-1.563969,3.074787,4.052239,7.134704,
1698769683411248896.000000,0.000000,-1.569453,3.108476,4.042165,7.136106,
1698769683442257664.000000,0.000000,-1.571517,3.133702,4.034298,7.137306,
1698769683478257664.000000,0.000000,-1.576927,3.167341,4.023543,7.139005,
1698769683505257472.000000,0.000000,-1.584453,3.192579,4.015376,7.140393,
1698769683541265408.000000,0.000000,-1.587075,3.226099,4.004313,7.142182,
1698769683576265216.000000,0.000000,-1.592669,3.259648,3.993014,7.144111,
1698769683603265280.000000,0.000000,-1.599627,3.284832,3.984346,7.145650,
1698769683639273728.000000,0.000000,-1.602239,3.318359,3.972429,7.147759,
1698769683675273728.000000,0.000000,-1.608812,3.351810,3.960194,7.149994,
1698769683706273792.000000,0.000000,-1.615012,3.376909,3.950937,7.151703,
1698769683742282240.000000,0.000000,-1.618362,3.410182,3.938457,7.153808,
1698769683778282240.000000,0.000000,-1.624659,3.443241,3.925882,7.155892,
1698769683811282176.000000,0.000000,-1.632978,3.476289,3.913131,7.158072,
1698769683840287744.000000,0.000000,-1.635890,3.501107,3.903369,7.159546,
1698769683876287744.000000,0.000000,-1.643287,3.534266,3.890118,7.161532,
1698769683903287808.000000,0.000000,-1.650099,3.559152,3.880007,7.163053,
1698769683939293184.000000,0.000000,-1.652867,3.592686,3.866325,7.165022,
1698769683979293184.000000,0.000000,-1.659061,3.626266,3.852353,7.166975,
1698769684006293248.000000,0.000000,-1.666036,3.651437,3.841682,7.168415,
1698769684042297344.000000,0.000000,-1.668755,3.684857,3.827078,7.170507,
1698769684075297280.000000,0.000000,-1.675727,3.718258,3.812179,7.172668,
1698769684113297408.000000,0.000000,-1.681522,3.751770,3.797148,7.174833,
1698769684140302848.000000,0.000000,-1.684555,3.776685,3.785666,7.176645,
1698769684176302848.000000,0.000000,-1.690401,3.809940,3.770252,7.178991,
1698769684212302848.000000,0.000000,-1.696351,3.842627,3.754854,7.181348,
1698769684239311104.000000,0.000000,-1.698550,3.867682,3.743035,7.183228,
1698769684276311040.000000,0.000000,-1.705118,3.901166,3.727133,7.185762,
1698769684303311104.000000,0.000000,-1.710562,3.926232,3.715120,7.187638,
1698769684339320320.000000,0.000000,-1.713040,3.959428,3.699011,7.190347,
1698769684375320320.000000,0.000000,-1.720163,3.992429,3.682790,7.193246,
1698769684411320320.000000,0.000000,-1.725984,4.024045,3.667068,7.196008,
1698769684438327040.000000,0.000000,-1.729448,4.048779,3.654629,7.197744,
1698769684474327040.000000,0.000000,-1.736208,4.081848,3.637973,7.200058,
1698769684510327040.000000,0.000000,-1.743373,4.114873,3.621201,7.202368,
1698769684539335424.000000,0.000000,-1.746310,4.139625,3.608799,7.203899,
1698769684575335424.000000,0.000000,-1.753996,4.172518,3.592132,7.205931,
1698769684611335424.000000,0.000000,-1.760637,4.205399,3.575342,7.207898,
1698769684638342400.000000,0.000000,-1.765109,4.229876,3.562304,7.209405,
1698769684675342336.000000,0.000000,-1.772298,4.262524,3.544824,7.211444,
1698769684712342272.000000,0.000000,-1.778441,4.295017,3.527296,7.213481,
1698769684738349312.000000,0.000000,-1.782031,4.319335,3.514126,7.215048,
1698769684779349248.000000,0.000000,-1.788860,4.351744,3.496535,7.217124,
1698769684806349312.000000,0.000000,-1.795627,4.375995,3.483253,7.218643,
1698769684842357760.000000,0.000000,-1.798112,4.408047,3.465445,7.220597,
1698769684878357760.000000,0.000000,-1.804231,4.439937,3.447581,7.222518,
1698769684912357632.000000,0.000000,-1.811492,4.471702,3.429560,7.224373,
1698769684939364864.000000,0.000000,-1.814988,4.495581,3.416079,7.225708,
1698769684975364864.000000,0.000000,-1.821671,4.527321,3.398047,7.227444,
1698769685011364864.000000,0.000000,-1.826933,4.558885,3.379926,7.229174,
1698769685043371264.000000,0.000000,-1.829774,4.582644,3.366132,7.230286,
1698769685079371264.000000,0.000000,-1.834837,4.614388,3.347548,7.231710,
1698769685106371328.000000,0.000000,-1.840796,4.638075,3.333565,7.232811,
1698769685142374912.000000,0.000000,-1.842859,4.669520,3.315139,7.234005,
1698769685177374720.000000,0.000000,-1.849425,4.700834,3.296660,7.235147,
1698769685203374848.000000,0.000000,-1.855819,4.724278,3.282653,7.235990,
1698769685239380480.000000,0.000000,-1.858365,4.755630,3.263391,7.237251,
1698769685275380480.000000,0.000000,-1.865484,4.786932,3.243830,7.238639,
1698769685307380480.000000,0.000000,-1.871507,4.810354,3.229188,7.239688,
1698769685343388928.000000,0.000000,-1.875323,4.841063,3.209549,7.241132,
1698769685379388928.000000,0.000000,-1.882281,4.871967,3.189389,7.242676,
1698769685408388864.000000,0.000000,-1.889281,4.897212,3.172608,7.244018,
1698769685444394240.000000,0.000000,-1.894219,4.927406,3.151906,7.245321,
1698769685479394304.000000,0.000000,-1.900970,4.957541,3.130934,7.246599,
1698769685507394304.000000,0.000000,-1.907101,4.980010,3.115069,7.247604,
1698769685538399744.000000,0.000000,-1.908998,5.002346,3.098937,7.248486,
1698769685574399744.000000,0.000000,-1.915863,5.031913,3.077251,7.249670,
1698769685610399744.000000,0.000000,-1.921502,5.061337,3.055405,7.250928,
1698769685634403072.000000,0.000000,-1.924754,5.083610,3.039469,7.251793,
1698769685672402944.000000,0.000000,-1.931609,5.113066,3.018124,7.253004,
1698769685708402944.000000,0.000000,-1.937010,5.142241,2.996639,7.254179,
1698769685744409856.000000,0.000000,-1.939967,5.170967,2.974573,7.255155,
1698769685771409920.000000,0.000000,-1.946176,5.192385,2.957834,7.255847,
1698769685808409856.000000,0.000000,-1.953202,5.220854,2.935350,7.256706,
1698769685844417792.000000,0.000000,-1.955997,5.249008,2.912620,7.257426,
1698769685871417856.000000,0.000000,-1.962598,5.269961,2.895514,7.257931,
1698769685909417984.000000,0.000000,-1.970182,5.297626,2.872573,7.258539,
1698769685945424384.000000,0.000000,-1.974468,5.325549,2.849465,7.258698,
1698769685972424448.000000,0.000000,-1.981216,5.346303,2.831891,7.258728,
1698769686008424448.000000,0.000000,-1.988753,5.373833,2.808417,7.258662,
1698769686039429888.000000,0.000000,-1.992215,5.394197,2.790584,7.258572,
1698769686075429888.000000,0.000000,-1.998752,5.421018,2.766584,7.258460,
1698769686111429888.000000,0.000000,-2.005909,5.447606,2.742517,7.258358,
1698769686144435200.000000,0.000000,-2.008715,5.473925,2.718258,7.258134,
1698769686176435200.000000,0.000000,-2.016692,5.493536,2.699975,7.258072,
1698769686209435136.000000,0.000000,-2.023042,5.519631,2.675502,7.258173,
1698769686245440512.000000,0.000000,-2.026239,5.545585,2.650584,7.258273,
1698769686272440320.000000,0.000000,-2.032500,5.564943,2.631721,7.258505,
1698769686309440512.000000,0.000000,-2.038082,5.590728,2.606442,7.259104,
1698769686345447424.000000,0.000000,-2.041705,5.616455,2.581227,7.259981,
1698769686372447232.000000,0.000000,-2.047336,5.635645,2.562153,7.260865,
1698769686408447232.000000,0.000000,-2.054731,5.661127,2.536548,7.262363,
1698769686446455552.000000,0.000000,-2.057381,5.686687,2.510564,7.264046,
1698769686473455616.000000,0.000000,-2.063693,5.705796,2.490861,7.265517,
1698769686509455360.000000,0.000000,-2.069680,5.731180,2.464376,7.267810,
1698769686545461248.000000,0.000000,-2.073358,5.756437,2.437350,7.270028,
1698769686573460992.000000,0.000000,-2.079011,5.775585,2.416648,7.271924,
1698769686609461248.000000,0.000000,-2.084486,5.800393,2.389485,7.274571,
1698769686636468992.000000,0.000000,-2.088842,5.819035,2.368758,7.276499,
1698769686677469184.000000,0.000000,-2.096325,5.845936,2.338639,7.279614,
1698769686704468992.000000,0.000000,-2.103267,5.864491,2.317675,7.281881,
1698769686740469760.000000,0.000000,-2.106042,5.888923,2.289530,7.284813,
1698769686780469760.000000,0.000000,-2.113137,5.913055,2.261271,7.287592,
1698769686807469824.000000,0.000000,-2.119236,5.930985,2.240007,7.289658,
1698769686843478784.000000,0.000000,-2.123152,5.954730,2.210760,7.292595,
1698769686870478848.000000,0.000000,-2.129280,5.972400,2.188550,7.294780,
1698769686908478720.000000,0.000000,-2.136519,5.995693,2.158878,7.297519,
1698769686941479936.000000,0.000000,-2.139508,6.018944,2.129030,7.300284,
1698769686977480192.000000,0.000000,-2.146678,6.041881,2.099116,7.302746,
1698769687013479936.000000,0.000000,-2.152206,6.064589,2.069194,7.304994,
1698769687044478976.000000,0.000000,-2.155164,6.081259,2.046747,7.306586,
1698769687071479040.000000,0.000000,-2.160852,6.097742,2.024288,7.308049,
1698769687107479040.000000,0.000000,-2.166838,6.119450,1.994288,7.309791,
1698769687140485888.000000,0.000000,-2.171071,6.141126,1.964489,7.311265,
1698769687178486016.000000,0.000000,-2.178569,6.162715,1.934695,7.312582,
1698769687205486080.000000,0.000000,-2.185089,6.178697,1.912336,7.313472,
1698769687241493504.000000,0.000000,-2.188677,6.199710,1.882021,7.314506,
1698769687277493248.000000,0.000000,-2.195449,6.220440,1.851423,7.315356,
1698769687305493504.000000,0.000000,-2.202755,6.235936,1.828429,7.315905,
1698769687341499392.000000,0.000000,-2.205701,6.256488,1.797874,7.316762,
1698769687377499648.000000,0.000000,-2.211789,6.276958,1.767321,7.317685,
1698769687404499456.000000,0.000000,-2.219321,6.292224,1.744310,7.318332,
1698769687442506240.000000,0.000000,-2.222853,6.312065,1.713420,7.318933,
1698769687478506240.000000,0.000000,-2.228968,6.331717,1.682445,7.319543,
1698769687505506304.000000,0.000000,-2.235287,6.346404,1.659138,7.320086,
1698769687541514240.000000,0.000000,-2.238454,6.366040,1.627821,7.320840,
1698769687572514304.000000,0.000000,-2.244198,6.380706,1.604298,7.321407,
1698769687608514304.000000,0.000000,-2.250160,6.400053,1.572871,7.322280,
1698769687644520448.000000,0.000000,-2.253338,6.418761,1.541391,7.323077,
1698769687677520384.000000,0.000000,-2.260635,6.437356,1.509883,7.323953,
1698769687706520576.000000,0.000000,-2.267718,6.451188,1.486305,7.324718,
1698769687742528256.000000,0.000000,-2.270621,6.469521,1.454553,7.325336,
1698769687770528256.000000,0.000000,-2.277127,6.483369,1.430263,7.325752,
1698769687807528192.000000,0.000000,-2.284185,6.501306,1.398518,7.326433,
1698769687842534400.000000,0.000000,-2.287503,6.519130,1.366895,7.327201,
1698769687878534400.000000,0.000000,-2.293500,6.536644,1.335183,7.327967,
1698769687907534336.000000,0.000000,-2.299052,6.549626,1.311419,7.328607,
1698769687943540224.000000,0.000000,-2.302272,6.566615,1.279771,7.329521,
1698769687970540288.000000,0.000000,-2.308394,6.579048,1.256081,7.330208,
1698769688009540096.000000,0.000000,-2.315494,6.596727,1.221905,7.331203,
1698769688041547264.000000,0.000000,-2.317953,6.608890,1.198016,7.331853,
1698769688077547520.000000,0.000000,-2.323460,6.624962,1.166064,7.332720,
1698769688110547456.000000,0.000000,-2.330173,6.640741,1.134116,7.333475,
1698769688146556160.000000,0.000000,-2.332494,6.656096,1.102046,7.333934,
1698769688177555968.000000,0.000000,-2.338545,6.667365,1.077857,7.334157,
1698769688204556032.000000,0.000000,-2.344868,6.678493,1.053604,7.334370,
1698769688237564416.000000,0.000000,-2.347738,6.692965,1.021091,7.334426,
1698769688273564672.000000,0.000000,-2.354531,6.706947,0.988390,7.334261,
1698769688305564672.000000,0.000000,-2.361022,6.717352,0.963815,7.334203,
1698769688341572096.000000,0.000000,-2.363677,6.731145,0.931113,7.334099,
1698769688374572288.000000,0.000000,-2.370533,6.744674,0.898371,7.333969,
1698769688410572288.000000,0.000000,-2.377404,6.758074,0.865461,7.333786,
1698769688441577984.000000,0.000000,-2.379991,6.767837,0.840520,7.333766,
1698769688474578176.000000,0.000000,-2.385582,6.780484,0.807019,7.333787,
1698769688510578176.000000,0.000000,-2.392304,6.792906,0.773518,7.333811,
1698769688537585664.000000,0.000000,-2.394654,6.802352,0.748186,7.333506,
1698769688578585856.000000,0.000000,-2.400251,6.814693,0.714362,7.333093,
1698769688605585920.000000,0.000000,-2.407157,6.823792,0.688957,7.332803,
1698769688638592512.000000,0.000000,-2.410282,6.835505,0.655040,7.332230,
1698769688678592512.000000,0.000000,-2.416075,6.846938,0.621108,7.331766,
1698769688705592320.000000,0.000000,-2.421493,6.855384,0.595589,7.331457,
1698769688738599680.000000,0.000000,-2.424677,6.866445,0.561306,7.331163,
1698769688774599680.000000,0.000000,-2.431093,6.877144,0.526676,7.330935,
1698769688812599552.000000,0.000000,-2.436737,6.887796,0.491920,7.330837,
1698769688839605248.000000,0.000000,-2.440491,6.895901,0.465566,7.330476,
1698769688875605248.000000,0.000000,-2.447713,6.906713,0.430407,7.330220,
1698769688911605248.000000,0.000000,-2.454701,6.917385,0.395195,7.330114,
1698769688939614208.000000,0.000000,-2.458717,6.925061,0.368980,7.330287,
1698769688975614208.000000,0.000000,-2.465227,6.935523,0.333523,7.330484,
1698769689011614208.000000,0.000000,-2.471560,6.945868,0.298518,7.330771,
1698769689043618816.000000,0.000000,-2.475258,6.953524,0.272050,7.331269,
1698769689076618752.000000,0.000000,-2.481957,6.963874,0.236702,7.332014,
1698769689112618752.000000,0.000000,-2.490369,6.974409,0.201173,7.332779,
1698769689139625728.000000,0.000000,-2.493394,6.982647,0.174175,7.332998,
1698769689176625664.000000,0.000000,-2.501865,6.993742,0.138020,7.333345,
1698769689212625664.000000,0.000000,-2.508775,7.004852,0.101741,7.333612,
1698769689239634176.000000,0.000000,-2.512043,7.012967,0.074575,7.333305,
1698769689275634176.000000,0.000000,-2.521126,7.023726,0.038162,7.332854,
1698769689304634112.000000,0.000000,-2.527826,7.031837,0.010742,7.332605,
1698769689340639744.000000,0.000000,-2.530730,7.042319,-0.026453,7.332308,
1698769689376639744.000000,0.000000,-2.538298,7.052655,-0.063862,7.332149,
1698769689413639680.000000,0.000000,-2.543905,7.062970,-0.101411,7.332095,
1698769689440646912.000000,0.000000,-2.546610,7.070231,-0.129883,7.332235,
1698769689476646912.000000,0.000000,-2.555015,7.079818,-0.167964,7.332485,
1698769689512646912.000000,0.000000,-2.562395,7.089356,-0.206274,7.332751,
1698769689539653888.000000,0.000000,-2.566439,7.096643,-0.235522,7.332957,
1698769689577653760.000000,0.000000,-2.574651,7.106257,-0.274654,7.333302,
1698769689604653824.000000,0.000000,-2.581286,7.113439,-0.303905,7.333667,
1698769689640662272.000000,0.000000,-2.584779,7.122983,-0.342241,7.334272,
1698769689677662208.000000,0.000000,-2.592315,7.132264,-0.380262,7.334953,
1698769689713662464.000000,0.000000,-2.598789,7.141229,-0.418322,7.335581,
1698769689740667648.000000,0.000000,-2.602132,7.147601,-0.447479,7.335931,
1698769689776667648.000000,0.000000,-2.611271,7.155753,-0.486902,7.336307,
1698769689805667840.000000,0.000000,-2.618574,7.161798,-0.516440,7.336661,
1698769689841674240.000000,0.000000,-2.623038,7.169868,-0.555914,7.337146,
1698769689877674496.000000,0.000000,-2.631970,7.177624,-0.595430,7.337532,
1698769689904674304.000000,0.000000,-2.640526,7.183389,-0.625155,7.337800,
1698769689941682688.000000,0.000000,-2.643360,7.190897,-0.664366,7.338092,
1698769689977682432.000000,0.000000,-2.652416,7.198239,-0.703375,7.338496,
1698769690004682496.000000,0.000000,-2.659338,7.203579,-0.732673,7.338684,
1698769690040688384.000000,0.000000,-2.662257,7.210376,-0.772154,7.338967,
1698769690078688512.000000,0.000000,-2.668704,7.216906,-0.811778,7.339303,
1698769690105688576.000000,0.000000,-2.676340,7.221577,-0.841372,7.339530,
1698769690141694464.000000,0.000000,-2.679180,7.227655,-0.881129,7.339398,
1698769690178694656.000000,0.000000,-2.686155,7.233696,-0.921523,7.339227,
1698769690205694464.000000,0.000000,-2.692569,7.238028,-0.951243,7.339224,
1698769690241701888.000000,0.000000,-2.696755,7.243482,-0.990429,7.338835,
1698769690273701888.000000,0.000000,-2.702047,7.247320,-1.019653,7.338501,
1698769690309702144.000000,0.000000,-2.708894,7.252223,-1.058624,7.338139,
1698769690336707584.000000,0.000000,-2.712121,7.255601,-1.087703,7.337970,
1698769690378707712.000000,0.000000,-2.721065,7.260695,-1.135970,7.337823,
1698769690407707648.000000,0.000000,-2.728254,7.263471,-1.164789,7.337796,
1698769690442715648.000000,0.000000,-2.731318,7.266840,-1.203495,7.337635,
1698769690478715648.000000,0.000000,-2.739572,7.269718,-1.242133,7.337532,
1698769690505715712.000000,0.000000,-2.746655,7.271671,-1.270975,7.337628,
1698769690537721856.000000,0.000000,-2.749609,7.273417,-1.299731,7.337847,
1698769690573722112.000000,0.000000,-2.756494,7.275440,-1.337941,7.338336,
1698769690609721856.000000,0.000000,-2.762811,7.277052,-1.376049,7.338997,
1698769690642727680.000000,0.000000,-2.766293,7.278086,-1.413877,7.338927,
1698769690674727680.000000,0.000000,-2.773634,7.278660,-1.442221,7.339013,
1698769690706727680.000000,0.000000,-2.781087,7.279247,-1.480046,7.339273,
1698769690742731008.000000,0.000000,-2.784240,7.279383,-1.517866,7.339305,
1698769690770731008.000000,0.000000,-2.791961,7.279212,-1.546184,7.339264,
1698769690810731008.000000,0.000000,-2.798964,7.278833,-1.583924,7.339316,
1698769690846738688.000000,0.000000,-2.802169,7.277950,-1.621566,7.339375,
1698769690879738624.000000,0.000000,-2.811253,7.276935,-1.659176,7.339621,
1698769690906738688.000000,0.000000,-2.818949,7.276130,-1.687294,7.339854,
1698769690938744064.000000,0.000000,-2.821528,7.274939,-1.715398,7.340221,
1698769690980743936.000000,0.000000,-2.829994,7.272480,-1.762219,7.340962,
1698769691007744000.000000,0.000000,-2.837625,7.271030,-1.790235,7.341520,
1698769691043751168.000000,0.000000,-2.840428,7.269048,-1.827664,7.342293,
1698769691074751232.000000,0.000000,-2.847629,7.267452,-1.855724,7.342848,
1698769691110751232.000000,0.000000,-2.853423,7.265232,-1.893174,7.343468,
1698769691143760640.000000,0.000000,-2.857071,7.262728,-1.930762,7.343857,
1698769691170760704.000000,0.000000,-2.863725,7.260732,-1.958933,7.344084,
1698769691211760640.000000,0.000000,-2.869966,7.258112,-1.996585,7.344444,
1698769691244769792.000000,0.000000,-2.872914,7.255115,-2.033886,7.344584,
1698769691271769856.000000,0.000000,-2.881237,7.252722,-2.061725,7.344657,
1698769691307769856.000000,0.000000,-2.887762,7.249431,-2.098892,7.344677,
1698769691344776192.000000,0.000000,-2.890642,7.246243,-2.136688,7.344865,
1698769691371776256.000000,0.000000,-2.897435,7.243638,-2.164868,7.345028,
1698769691403776256.000000,0.000000,-2.905496,7.240913,-2.193090,7.345177,
1698769691445780992.000000,0.000000,-2.910060,7.236250,-2.240829,7.345550,
1698769691472780800.000000,0.000000,-2.916916,7.233197,-2.269578,7.345799,
1698769691508780800.000000,0.000000,-2.925175,7.229060,-2.308021,7.346237,
1698769691539787520.000000,0.000000,-2.927189,7.225850,-2.336881,7.346581,
1698769691575787520.000000,0.000000,-2.935101,7.221293,-2.375291,7.347059,
1698769691611787520.000000,0.000000,-2.941591,7.216670,-2.413741,7.347820,
1698769691644795136.000000,0.000000,-2.944379,7.211820,-2.452088,7.348608,
1698769691673795072.000000,0.000000,-2.951669,7.208077,-2.480861,7.349297,
1698769691709795328.000000,0.000000,-2.957696,7.202918,-2.519182,7.350404,
1698769691736800512.000000,0.000000,-2.960815,7.198610,-2.547940,7.351286,
1698769691772800512.000000,0.000000,-2.967667,7.192627,-2.586295,7.352716,
1698769691809800704.000000,0.000000,-2.972715,7.186487,-2.624626,7.354186,
1698769691845808128.000000,0.000000,-2.977245,7.180190,-2.662915,7.355654,
1698769691872808192.000000,0.000000,-2.983768,7.175366,-2.691437,7.356872,
1698769691908808192.000000,0.000000,-2.990861,7.168738,-2.729443,7.358440,
1698769691937814528.000000,0.000000,-2.993776,7.164152,-2.758062,7.359066,
1698769691973814272.000000,0.000000,-3.002375,7.157840,-2.796024,7.359879,
1698769692009814528.000000,0.000000,-3.008989,7.151302,-2.833653,7.360796,
1698769692045818880.000000,0.000000,-3.012219,7.144656,-2.870845,7.361374,
1698769692073818624.000000,0.000000,-3.018938,7.139552,-2.898573,7.361841,
1698769692109818880.000000,0.000000,-3.025447,7.132528,-2.935406,7.362543,
1698769692145825280.000000,0.000000,-3.029954,7.124648,-2.972380,7.363329,
1698769692172825088.000000,0.000000,-3.036964,7.118596,-2.999928,7.363897,
1698769692204825088.000000,0.000000,-3.044634,7.112396,-3.027410,7.364450,
1698769692246832896.000000,0.000000,-3.047934,7.102044,-3.072917,7.365560,
1698769692273832960.000000,0.000000,-3.056765,7.095681,-3.100140,7.366162,
1698769692309832704.000000,0.000000,-3.063560,7.087074,-3.136318,7.367131,
1698769692337839616.000000,0.000000,-3.066616,7.080345,-3.163077,7.367405,
1698769692373839360.000000,0.000000,-3.074344,7.071175,-3.198679,7.367952,
1698769692409839616.000000,0.000000,-3.080906,7.061676,-3.234146,7.368480,
1698769692436847104.000000,0.000000,-3.085728,7.053968,-3.261035,7.368903,
1698769692477847040.000000,0.000000,-3.091745,7.043443,-3.296811,7.369493,
1698769692510847232.000000,0.000000,-3.100855,7.032600,-3.332515,7.370107,
1698769692538853632.000000,0.000000,-3.104234,7.024257,-3.360282,7.370380,
1698769692574853632.000000,0.000000,-3.112118,7.013126,-3.395953,7.370720,
1698769692610853632.000000,0.000000,-3.119772,7.001718,-3.431481,7.371160,
1698769692642861568.000000,0.000000,-3.122810,6.992981,-3.458125,7.371404,
1698769692675861504.000000,0.000000,-3.131194,6.981052,-3.493491,7.371841,
1698769692711861504.000000,0.000000,-3.139119,6.968925,-3.528922,7.372468,
1698769692738869504.000000,0.000000,3.140862,6.959450,-3.555251,7.373101,
1698769692775869440.000000,0.000000,3.132832,6.946523,-3.590306,7.374075,
1698769692811869440.000000,0.000000,3.125574,6.933363,-3.625370,7.375178,
1698769692838875392.000000,0.000000,3.120597,6.923035,-3.651848,7.375731,
1698769692874875392.000000,0.000000,3.112850,6.908924,-3.687135,7.376555,
1698769692903875328.000000,0.000000,3.104469,6.898157,-3.713448,7.377316,
1698769692939881984.000000,0.000000,3.101290,6.883856,-3.748231,7.378119,
1698769692975881984.000000,0.000000,3.092787,6.869333,-3.782848,7.378946,
1698769693002882048.000000,0.000000,3.085528,6.858250,-3.808683,7.379679,
1698769693042885120.000000,0.000000,3.082530,6.842778,-3.843199,7.380496,
1698769693078885120.000000,0.000000,3.075885,6.827050,-3.877585,7.381421,
1698769693105885184.000000,0.000000,3.067644,6.815102,-3.903355,7.382108,
1698769693138892288.000000,0.000000,3.063840,6.798980,-3.937371,7.383073,
1698769693176892160.000000,0.000000,3.054405,6.782598,-3.971216,7.384073,
1698769693212892160.000000,0.000000,3.046637,6.766106,-4.004972,7.385101,
1698769693239899392.000000,0.000000,3.042341,6.753289,-4.030308,7.385943,
1698769693277899264.000000,0.000000,3.033327,6.735981,-4.063994,7.387028,
1698769693313899520.000000,0.000000,3.026719,6.718441,-4.097403,7.387944,
1698769693339906816.000000,0.000000,3.023877,6.705275,-4.122263,7.388749,
1698769693375906816.000000,0.000000,3.015179,6.687434,-4.155307,7.389754,
1698769693403906816.000000,0.000000,3.008198,6.673959,-4.179965,7.390559,
1698769693440913664.000000,0.000000,3.005175,6.655804,-4.212547,7.391397,
1698769693476913664.000000,0.000000,2.996743,6.637426,-4.244976,7.392195,
1698769693512913664.000000,0.000000,2.990147,6.618918,-4.277191,7.392903,
1698769693541920256.000000,0.000000,2.986231,6.604942,-4.301329,7.393270,
1698769693577920000.000000,0.000000,2.978966,6.586140,-4.333414,7.393681,
1698769693604920064.000000,0.000000,2.970856,6.571927,-4.357303,7.394000,
1698769693640926976.000000,0.000000,2.967340,6.552369,-4.389001,7.394511,
1698769693677926912.000000,0.000000,2.958271,6.532556,-4.420429,7.395006,
1698769693704926976.000000,0.000000,2.949002,6.517515,-4.443924,7.395356,
1698769693740932864.000000,0.000000,2.945324,6.497083,-4.475467,7.395739,
1698769693772932864.000000,0.000000,2.937516,6.481814,-4.498582,7.395977,
1698769693808932864.000000,0.000000,2.929926,6.461249,-4.529164,7.396319,
1698769693841939968.000000,0.000000,2.926703,6.440213,-4.559354,7.396755,
1698769693877939712.000000,0.000000,2.920751,6.418975,-4.589432,7.397331,
1698769693905939968.000000,0.000000,2.914238,6.402971,-4.611868,7.397789,
1698769693941948416.000000,0.000000,2.911846,6.381131,-4.641673,7.398519,
1698769693977948160.000000,0.000000,2.905069,6.359011,-4.671461,7.399317,
1698769694004948224.000000,0.000000,2.897946,6.342306,-4.693797,7.399912,
1698769694045955584.000000,0.000000,2.894310,6.320246,-4.723929,7.400885,
1698769694072955648.000000,0.000000,2.887684,6.303690,-4.746547,7.401712,
1698769694105955840.000000,0.000000,2.879761,6.281515,-4.776469,7.402961,
1698769694145962496.000000,0.000000,2.875665,6.258942,-4.806039,7.404142,
1698769694172962560.000000,0.000000,2.868975,6.241966,-4.827962,7.405020,
1698769694205962752.000000,0.000000,2.862271,6.219344,-4.856869,7.406371,
1698769694241969664.000000,0.000000,2.859604,6.196566,-4.885681,7.407864,
1698769694273969664.000000,0.000000,2.852334,6.179573,-4.907221,7.408955,
1698769694309969408.000000,0.000000,2.846510,6.157020,-4.935624,7.410413,
1698769694345977344.000000,0.000000,2.842987,6.134647,-4.963660,7.411370,
1698769694378977536.000000,0.000000,2.836749,6.112587,-4.991531,7.412320,
1698769694409977344.000000,0.000000,2.833260,6.096208,-5.012288,7.412974,
1698769694445985792.000000,0.000000,2.828732,6.074151,-5.039579,7.413808,
1698769694478985728.000000,0.000000,2.822592,6.052263,-5.066733,7.414680,
1698769694505985536.000000,0.000000,2.817585,6.035956,-5.087040,7.415330,
1698769694546994176.000000,0.000000,2.814390,6.014328,-5.114024,7.416152,
1698769694573993984.000000,0.000000,2.808795,5.998181,-5.134242,7.416709,
1698769694606994176.000000,0.000000,2.802116,5.976670,-5.161213,7.417523,
1698769694643002368.000000,0.000000,2.797981,5.955169,-5.188354,7.417927,
1698769694671002368.000000,0.000000,2.792208,5.939023,-5.208775,7.418101,
1698769694707002368.000000,0.000000,2.783359,5.917406,-5.236203,7.418306,
1698769694743008000.000000,0.000000,2.778994,5.895381,-5.263977,7.418071,
1698769694779008000.000000,0.000000,2.771275,5.873171,-5.292075,7.417832,
1698769694808007936.000000,0.000000,2.762528,5.856345,-5.313210,7.417596,
1698769694844015872.000000,0.000000,2.758738,5.833791,-5.341192,7.417353,
1698769694871015936.000000,0.000000,2.749788,5.816765,-5.362130,7.417180,
1698769694907015936.000000,0.000000,2.741599,5.793750,-5.390019,7.416808,
1698769694944021760.000000,0.000000,2.738494,5.770100,-5.418251,7.417051,
1698769694980021760.000000,0.000000,2.731259,5.746544,-5.446019,7.417398,
1698769695007021824.000000,0.000000,2.722420,5.728841,-5.466820,7.417681,
1698769695045025792.000000,0.000000,2.719191,5.704861,-5.494502,7.417902,
1698769695081025792.000000,0.000000,2.710932,5.680792,-5.522131,7.418062,
1698769695108025856.000000,0.000000,2.703729,5.662808,-5.542716,7.418241,
1698769695135034368.000000,0.000000,2.700617,5.644800,-5.563316,7.418336,
1698769695175034368.000000,0.000000,2.692884,5.620937,-5.590641,7.418603,
1698769695211034368.000000,0.000000,2.686460,5.597177,-5.617652,7.418820,
1698769695244039424.000000,0.000000,2.683338,5.573396,-5.644395,7.418940,
1698769695271039488.000000,0.000000,2.675569,5.555605,-5.664245,7.418976,
1698769695309039360.000000,0.000000,2.668499,5.531969,-5.690573,7.419052,
1698769695345046272.000000,0.000000,2.665285,5.508463,-5.716552,7.418996,
1698769695381046272.000000,0.000000,2.657920,5.485028,-5.742398,7.419046,
1698769695409046272.000000,0.000000,2.652601,5.467364,-5.761745,7.419140,
1698769695445050368.000000,0.000000,2.648561,5.442993,-5.787688,7.419179,
1698769695481050368.000000,0.000000,2.642204,5.418581,-5.813454,7.419194,
1698769695508050432.000000,0.000000,2.633427,5.400208,-5.832714,7.419154,
1698769695540056832.000000,0.000000,2.630262,5.381808,-5.852282,7.418732,
1698769695576056832.000000,0.000000,2.622957,5.356963,-5.878336,7.418051,
1698769695609056768.000000,0.000000,2.613333,5.331688,-5.904295,7.417139,
1698769695645063168.000000,0.000000,2.609950,5.305400,-5.929675,7.415806,
1698769695677063168.000000,0.000000,2.602192,5.285275,-5.948702,7.414614,
1698769695703063296.000000,0.000000,2.593680,5.264897,-5.967714,7.413364,
1698769695745068544.000000,0.000000,2.589840,5.230463,-5.999219,7.410753,
1698769695781068544.000000,0.000000,2.580169,5.202284,-6.024291,7.408258,
1698769695810068480.000000,0.000000,2.571445,5.180820,-6.043119,7.406294,
1698769695837072896.000000,0.000000,2.567046,5.158819,-6.062045,7.404340,
1698769695873072896.000000,0.000000,2.558330,5.129068,-6.087121,7.401723,
1698769695909072896.000000,0.000000,2.550212,5.098865,-6.112167,7.399224,
1698769695938079232.000000,0.000000,2.546872,5.075982,-6.131201,7.396990,
1698769695974079488.000000,0.000000,2.538979,5.045241,-6.156584,7.394435,
1698769696009079296.000000,0.000000,2.530580,5.014208,-6.181830,7.392294,
1698769696046085632.000000,0.000000,2.525740,4.982358,-6.207047,7.390632,
1698769696074085376.000000,0.000000,2.518443,4.958174,-6.226045,7.389801,
1698769696110085632.000000,0.000000,2.511800,4.925919,-6.251405,7.389249,
1698769696137093888.000000,0.000000,2.506829,4.901047,-6.270425,7.388840,
1698769696174093824.000000,0.000000,2.499944,4.868443,-6.295177,7.388542,
1698769696211094016.000000,0.000000,2.492112,4.835928,-6.319802,7.388660,
1698769696247101696.000000,0.000000,2.488257,4.803849,-6.344352,7.388503,
1698769696278101504.000000,0.000000,2.481621,4.779963,-6.362591,7.388432,
1698769696305101568.000000,0.000000,2.474399,4.756151,-6.380542,7.388429,
1698769696341107968.000000,0.000000,2.471528,4.724160,-6.403923,7.388402,
1698769696374108160.000000,0.000000,2.463998,4.692250,-6.426844,7.388483,
1698769696406108160.000000,0.000000,2.455896,4.668415,-6.443691,7.388593,
1698769696448114176.000000,0.000000,2.452572,4.628554,-6.471740,7.388947,
1698769696475114240.000000,0.000000,2.443279,4.604624,-6.488166,7.389114,
1698769696511114240.000000,0.000000,2.434616,4.572728,-6.509682,7.389221,
1698769696539121152.000000,0.000000,2.430779,4.548533,-6.525456,7.389199,
1698769696575121152.000000,0.000000,2.421157,4.516277,-6.546038,7.389020,
1698769696611121152.000000,0.000000,2.412470,4.483952,-6.566213,7.388585,
1698769696638127616.000000,0.000000,2.407580,4.459898,-6.581049,7.388019,
1698769696679127552.000000,0.000000,2.398900,4.427660,-6.600702,7.387279,
1698769696712127488.000000,0.000000,2.388604,4.395301,-6.620327,7.386533,
1698769696739133952.000000,0.000000,2.385088,4.370681,-6.635401,7.385836,
1698769696775133952.000000,0.000000,2.376046,4.337568,-6.655817,7.384787,
1698769696812133888.000000,0.000000,2.368463,4.304388,-6.676295,7.383841,
1698769696839139840.000000,0.000000,2.364902,4.279265,-6.691662,7.383337,
1698769696875139840.000000,0.000000,2.354988,4.245815,-6.712170,7.382700,
1698769696911139840.000000,0.000000,2.347336,4.212323,-6.732522,7.382058,
1698769696940145920.000000,0.000000,2.344910,4.187208,-6.747795,7.381285,
1698769696976145920.000000,0.000000,2.337511,4.153677,-6.768062,7.380361,
1698769697012145920.000000,0.000000,2.331098,4.120280,-6.787962,7.379431,
1698769697039145472.000000,0.000000,2.327419,4.095215,-6.802523,7.378673,
1698769697076145408.000000,0.000000,2.321171,4.061865,-6.821426,7.377666,
1698769697112145408.000000,0.000000,2.314862,4.028646,-6.840003,7.376879,
1698769697139150336.000000,0.000000,2.312004,4.003439,-6.853915,7.376320,
1698769697175150336.000000,0.000000,2.302895,3.969937,-6.872059,7.375817,
1698769697213150208.000000,0.000000,2.294430,3.936529,-6.889812,7.375536,
1698769697240158976.000000,0.000000,2.290355,3.911526,-6.903052,7.375273,
1698769697276158976.000000,0.000000,2.280954,3.878335,-6.920180,7.375069,
1698769697303159040.000000,0.000000,2.273525,3.853564,-6.932760,7.375123,
1698769697340166400.000000,0.000000,2.270318,3.820102,-6.949207,7.375015,
1698769697376166400.000000,0.000000,2.262039,3.787388,-6.964862,7.374938,
1698769697412166400.000000,0.000000,2.255693,3.756138,-6.979533,7.374926,
1698769697439172352.000000,0.000000,2.251469,3.731340,-6.990742,7.374830,
1698769697475172352.000000,0.000000,2.242294,3.698440,-7.005541,7.374879,
1698769697511172352.000000,0.000000,2.235569,3.665723,-7.020066,7.374962,
1698769697540176896.000000,0.000000,2.232437,3.641608,-7.031161,7.375079,
1698769697576176896.000000,0.000000,2.224746,3.609637,-7.045830,7.375274,
1698769697612176896.000000,0.000000,2.218089,3.577725,-7.060445,7.375498,
1698769697639182848.000000,0.000000,2.213237,3.553575,-7.070787,7.375605,
1698769697679182848.000000,0.000000,2.205894,3.518891,-7.085688,7.375800,
1698769697706182656.000000,0.000000,2.197850,3.494883,-7.095951,7.375983,
1698769697742190080.000000,0.000000,2.194535,3.462836,-7.109927,7.376047,
1698769697778190336.000000,0.000000,2.187092,3.430836,-7.123947,7.376052,
1698769697810190336.000000,0.000000,2.182056,3.406999,-7.134329,7.376089,
1698769697846195712.000000,0.000000,2.178166,3.375147,-7.148245,7.375762,
1698769697873195776.000000,0.000000,2.172639,3.351387,-7.158506,7.375601,
1698769697909195776.000000,0.000000,2.166592,3.319778,-7.172029,7.375495,
1698769697946204672.000000,0.000000,2.163542,3.285265,-7.186503,7.375198,
1698769697973204480.000000,0.000000,2.157559,3.261377,-7.196379,7.375051,
1698769698009204480.000000,0.000000,2.150619,3.229381,-7.209117,7.374763,
1698769698036212224.000000,0.000000,2.145971,3.205259,-7.218362,7.374492,
1698769698077212160.000000,0.000000,2.137926,3.173071,-7.230225,7.374009,
1698769698104212224.000000,0.000000,2.130054,3.148815,-7.238839,7.373528,
1698769698140219648.000000,0.000000,2.126537,3.116316,-7.250430,7.372730,
1698769698173219584.000000,0.000000,2.118453,3.083720,-7.261571,7.371735,
1698769698210219520.000000,0.000000,2.109582,3.050986,-7.272174,7.370613,
1698769698237225216.000000,0.000000,2.106199,3.026362,-7.279619,7.369688,
1698769698273225216.000000,0.000000,2.096898,2.993370,-7.288971,7.368284,
1698769698311225344.000000,0.000000,2.089956,2.960215,-7.297988,7.366848,
1698769698347233536.000000,0.000000,2.085847,2.926689,-7.306832,7.365239,
1698769698374233600.000000,0.000000,2.078317,2.901511,-7.313147,7.363937,
1698769698410233344.000000,0.000000,2.070611,2.868098,-7.321084,7.362108,
1698769698441240320.000000,0.000000,2.066529,2.842825,-7.326470,7.360557,
1698769698475240448.000000,0.000000,2.059492,2.809163,-7.333207,7.358385,
1698769698510240256.000000,0.000000,2.052042,2.775053,-7.339568,7.356083,
1698769698539248896.000000,0.000000,2.049061,2.749528,-7.344259,7.354294,
1698769698575248896.000000,0.000000,2.041562,2.715478,-7.350189,7.351940,
1698769698611248896.000000,0.000000,2.034103,2.681345,-7.355738,7.349574,
1698769698647257344.000000,0.000000,2.030872,2.647004,-7.361048,7.347015,
1698769698676257280.000000,0.000000,2.023881,2.621177,-7.364908,7.345278,
1698769698711257344.000000,0.000000,2.017360,2.586667,-7.369699,7.343008,
1698769698738263040.000000,0.000000,2.012632,2.560451,-7.373304,7.341143,
1698769698775263232.000000,0.000000,2.006221,2.525344,-7.378026,7.338701,
1698769698812263168.000000,0.000000,2.000164,2.490154,-7.382632,7.336518,
1698769698839270144.000000,0.000000,1.997273,2.463412,-7.385922,7.335150,
1698769698875270144.000000,0.000000,1.987955,2.427637,-7.390165,7.333578,
1698769698913270016.000000,0.000000,1.980784,2.391724,-7.394358,7.332335,
1698769698940277248.000000,0.000000,1.977705,2.364711,-7.397183,7.331321,
1698769698976277248.000000,0.000000,1.968908,2.328602,-7.400969,7.330186,
1698769699012277248.000000,0.000000,1.961392,2.292302,-7.404655,7.329124,
1698769699040285440.000000,0.000000,1.958114,2.264891,-7.407423,7.328411,
1698769699076285440.000000,0.000000,1.950335,2.228021,-7.410978,7.327377,
1698769699112285440.000000,0.000000,1.943206,2.191060,-7.414306,7.326307,
1698769699139294208.000000,0.000000,1.940292,2.163260,-7.416400,7.325249,
1698769699177294080.000000,0.000000,1.932977,2.126011,-7.418981,7.323526,
1698769699204294144.000000,0.000000,1.926177,2.097901,-7.420801,7.322140,
1698769699240301312.000000,0.000000,1.921981,2.060139,-7.422585,7.319911,
1698769699276301312.000000,0.000000,1.914517,2.022145,-7.423929,7.317533,
1698769699307301376.000000,0.000000,1.907937,1.993426,-7.424682,7.315580,
1698769699343310080.000000,0.000000,1.903955,1.954576,-7.425483,7.313028,
1698769699376310016.000000,0.000000,1.897470,1.915162,-7.425847,7.310395,
1698769699412310016.000000,0.000000,1.889721,1.875479,-7.425724,7.307758,
1698769699444317952.000000,0.000000,1.887019,1.845364,-7.425450,7.305618,
1698769699477317888.000000,0.000000,1.881122,1.805093,-7.424649,7.302875,
1698769699504317952.000000,0.000000,1.873236,1.774706,-7.423699,7.300792,
1698769699540323584.000000,0.000000,1.870346,1.733898,-7.422034,7.297713,
1698769699577323520.000000,0.000000,1.862084,1.692981,-7.419821,7.294737,
1698769699604323584.000000,0.000000,1.854641,1.662385,-7.417799,7.292689,
1698769699640332032.000000,0.000000,1.850724,1.621336,-7.414409,7.290020,
1698769699676332032.000000,0.000000,1.839283,1.580380,-7.410665,7.287678,
1698769699708332032.000000,0.000000,1.829338,1.549389,-7.407473,7.286014,
1698769699741340416.000000,0.000000,1.824263,1.508758,-7.402506,7.284015,
1698769699778340352.000000,0.000000,1.813586,1.468987,-7.397038,7.282314,
1698769699805340416.000000,0.000000,1.804723,1.439732,-7.392596,7.281256,
1698769699841344000.000000,0.000000,1.799092,1.401612,-7.386683,7.279727,
